_time,n_Fan,P_el_Comp,n_Comp,Q_Kond_outer,Q_Kond_inner,Q_VD,COP_outer,COP_inner,T_eva_in,T_eva_out,T1,T2,T2_dash,T3,T3_a,T3_b,T3_c,T4_dash,T1_dash,m_flow_Comp_Out,m_flow_Kond_Out,density_cond_out,density_ref_cond_out,density_comp_out,density_ref_comp_out,p1,p2,p2_dash,p3,p3_a,p3_c,p4_dash,p1_dash,T_c,T_e,T_con_in,T_con_out,T_cc,T_hyd_rl,T_hyd_vl,V_flow_water,V_flow_air,Superheat_Python,Superheat_VD_out,EEV_opening,Subcooling_3,Subcooling_3a,eta_is,lambda_h,eta_mech,Subcooling_3c,hLevelRec,Superheat_Simulink,hKond_In,hil3/Sensor.hKondOut,hil3/Sensor.sKondIn,sKond_Out,hComp_In,hComp_Out,P_Fan
2025-02-10 13:54:32+01:00,8.0,2730.5361328125,120.18746948242188,7.809792518615723,7.844196796417236,5.664523601531982,2.8789873123168945,2.891669988632202,280.7478798866272,275.6055299282074,276.32566990852354,356.99107971191404,347.90275421142576,306.03935089111326,33.277748107910156,32.24261474609375,32.748748779296875,289.7303184509277,272.12237002849577,0.019277532577514647,0.01884770393371582,479.92181396484375,479.8737487792969,23.893356323242188,21.683612823486328,265960.5026245117,1294555.5686950684,1231323.1468200684,1224609.2796325684,12.093504905700684,12.084959983825684,776977.4436950684,286010.7183456421,308.32256546020506,256.2814144134521,303.0087093353271,308.390550994873,7.25,35.16999816894531,30.010000228881836,0.0003468937174479167,3068.487548828125,20.3157901763916,19.972293853759766,10.812552452087402,2.116905450820923,1.4148184061050415,0.6523482203483582,0.9452341198921204,0.8746870756149292,1.9934145212173462,265.1335754394531,20.418493270874023,693.6776733398438,286.8752746582031,2.598379373550415,1.294895887374878,588.2012329101562,711.5162963867188,
2025-02-10 13:54:34+01:00,8.0,2730.5361328125,120.18746948242188,7.809792518615723,7.844196796417236,5.664523601531982,2.8789873123168945,2.891669988632202,280.7478798866272,275.6055299282074,276.32566990852354,356.99107971191404,347.90275421142576,306.03935089111326,33.277748107910156,32.24261474609375,32.748748779296875,289.7303184509277,272.12237002849577,0.019277532577514647,0.01884770393371582,479.92181396484375,479.8737487792969,23.893356323242188,21.683612823486328,265960.5026245117,1294555.5686950684,1231323.1468200684,1224609.2796325684,12.093504905700684,12.084959983825684,776977.4436950684,286010.7183456421,308.32256546020506,256.2814144134521,303.0087093353271,308.390550994873,7.25,35.16999816894531,30.010000228881836,0.0003468937174479167,3068.487548828125,20.3157901763916,19.972293853759766,10.812552452087402,2.116905450820923,1.4148184061050415,0.6523482203483582,0.9452341198921204,0.8746870756149292,1.9934145212173462,265.1335754394531,20.418493270874023,693.6776733398438,286.8752746582031,2.598379373550415,1.294895887374878,588.2012329101562,711.5162963867188,29.882640838623047
2025-02-10 13:54:36+01:00,8.0,2712.578857421875,120.28905487060547,7.775068283081055,7.84489107131958,5.652724742889404,2.8941023349761963,2.901371955871582,280.77787961959837,275.535529756546,276.32566990852354,356.97108306884763,347.92275085449216,306.03935089111326,33.26774978637695,32.2327880859375,32.748748779296875,289.68031921386716,272.12237002849577,0.01929402732849121,0.018463088989257814,479.96710205078125,479.903564453125,23.984909057617188,21.86182975769043,276412.7731323242,1287841.7015075684,1233154.2015075684,1230590.7249450684,12.109374046325684,12.064208030700684,767211.8186950684,293090.7964706421,308.66546096801756,256.83508529663084,303.0087093353271,308.390550994873,7.244999885559082,35.15999984741211,30.0,0.00034877570258246525,3014.29150390625,18.770183563232422,20.281723022460938,10.68035888671875,2.92313289642334,1.4728684425354004,0.6286417245864868,0.8948962092399597,0.875921368598938,1.9084389209747314,267.0455627441406,18.770492553710938,693.4385375976562,286.8416442871094,2.597412109375,1.2947789430618286,587.8811645507812,711.2954711914062,32.05290985107422
2025-02-10 13:54:38+01:00,8.0,2705.640625,119.2178955078125,7.852138042449951,7.837589263916016,5.660920143127441,2.901855707168579,2.8964791297912598,280.73787965774534,275.47552981376646,276.29566993713377,356.99107971191404,347.92275085449216,306.0093521118164,33.257747650146484,32.229461669921875,32.71875,289.6203197479248,272.1123700380325,0.019258388519287108,0.01841294479370117,479.9552001953125,479.9538269042969,23.978233337402344,21.790998458862305,269851.4938354492,1275268.4593200684,1220336.8186950684,1210082.9124450684,12.091063499450684,12.065428733825684,778564.3577575684,298339.8199081421,307.8761505126953,256.39290084838865,302.9987091064453,308.390550994873,7.239999771118164,35.15999984741211,30.0,0.00034745324028862847,2953.955078125,20.49888038635254,19.287973403930664,10.853121757507324,2.052708625793457,1.4275044202804565,0.657582700252533,0.9559608101844788,0.8753949999809265,2.0345458984375,266.3080749511719,20.392438888549805,693.7183227539062,286.7920837402344,2.598381757736206,1.294653058052063,588.6328125,711.4033813476562,34.70588684082031
2025-02-10 13:54:40+01:00,8.0,2710.039794921875,120.214111328125,7.831923961639404,7.82304048538208,5.64799690246582,2.877706527709961,2.8744423389434814,280.6678799629211,275.4255298614502,276.27566995620725,356.98107757568357,347.92275085449216,306.0093521118164,33.277748107910156,32.221527099609375,32.7287483215332,289.690319442749,272.0723699569702,0.019215831756591795,0.018877859115600585,479.9613952636719,479.927001953125,23.912906646728516,21.540922164916992,267715.2633666992,1279907.1311950684,1221923.7327575684,1214477.4436950684,12.099608421325684,12.092284202575684,763671.7796325684,288330.0542831421,308.4397720336914,255.32124938964841,303.0287097930908,308.4105514526367,7.21999979019165,35.15999984741211,30.0,0.00034730065239800344,3046.32861328125,20.49923324584961,19.910499572753906,10.741782188415527,1.9810433387756348,1.4390478134155273,0.6564633846282959,0.9535996317863464,0.8693191409111023,1.9976413249969482,265.1199035644531,20.201904296875,693.8859252929688,286.79095458984375,2.6000442504882812,1.2946195602416992,588.415771484375,711.7132568359375,35.01825714111328
2025-02-10 13:54:42+01:00,8.0,2728.3565673828125,120.39695739746094,7.824864149093628,7.852007627487183,5.669739246368408,2.8723918199539185,2.8823431730270386,280.6628798484802,275.36552991867063,276.2856699466705,356.98107757568357,347.91275253295896,306.00435104370115,33.277748107910156,32.22453308105469,32.7237491607666,289.67531909942625,272.0723699569702,0.019289277076721192,0.01865880012512207,479.9435119628906,479.9394226074219,23.98991584777832,21.711023330688477,267791.5573120117,1278991.6038513184,1219421.2913513184,1220703.0296325684,12.106322288513184,12.088011741638184,766113.1858825684,290161.1089706421,308.2128852844238,255.50017013549802,303.01870956420896,308.40055122375486,7.217499732971191,35.15999984741211,30.0,0.00034775841606987846,2987.593994140625,20.537744522094727,20.058063507080078,10.769716739654541,1.9710431098937988,1.4388455152511597,0.6555679142475128,0.9577804207801819,0.8724963366985321,1.973038673400879,265.2018585205078,20.260064125061035,693.8763122558594,286.81988525390625,2.598892569541931,1.2945661544799805,588.4037475585938,711.4924011230469,
2025-02-10 13:54:44+01:00,8.0,2746.67333984375,120.57980346679688,7.817804336547852,7.880974769592285,5.691481590270996,2.867077112197876,2.8902440071105957,280.6578797340393,275.3055299758911,276.29566993713377,356.98107757568357,347.90275421142576,305.9993499755859,33.277748107910156,32.2275390625,32.71875,289.6603187561035,272.0723699569702,0.019362722396850586,0.018439741134643556,479.9256286621094,479.95184326171875,24.066925048828125,21.88112449645996,267867.8512573242,1278076.0765075684,1216918.8499450684,1226928.6155700684,12.113036155700684,12.083739280700684,768554.5921325684,291992.1636581421,307.9859985351562,255.67909088134763,303.0087093353271,308.390550994873,7.212499618530273,35.15999984741211,30.0,0.0003480127292209201,3053.314453125,20.576255798339844,20.20562744140625,10.797651290893555,1.961042881011963,1.438643217086792,0.6546724438667297,0.9619612097740173,0.8756735324859619,1.9484360218048096,265.2838134765625,20.31822395324707,693.86669921875,286.84881591796875,2.597740888595581,1.2945127487182617,588.3917236328125,711.2715454101562,30.53976058959961
2025-02-10 13:54:46+01:00,8.0,2713.335693359375,119.8636474609375,7.758777141571045,7.882230281829834,5.690422058105469,2.8534300327301025,2.888798713684082,280.77787961959837,275.31552996635435,276.25566997528074,356.99107971191404,347.90275421142576,306.0093521118164,33.29774856567383,32.2275390625,32.7287483215332,289.7803195953369,272.0723699569702,0.019362722396850586,0.018439741134643556,479.98095703125,479.9006652832031,24.066925048828125,21.693235397338867,262985.0387573242,1283813.3811950684,1225219.6311950684,1216430.5686950684,12.108153343200684,12.072752952575684,764770.4124450684,281982.3980331421,308.116625213623,256.33715667724607,303.0087093353271,308.37055053710935,7.22499942779541,35.119998931884766,30.0,0.00034730065239800344,2976.380859375,20.069656372070312,20.533885955810547,10.779702186584473,2.380382537841797,1.438643217086792,0.6568105816841125,0.9443225264549255,0.872376024723053,1.9099745750427246,265.6935119628906,19.966293334960938,693.6762084960938,286.7896423339844,2.5982608795166016,1.294580340385437,588.2913818359375,711.1848754882812,32.52309799194336
2025-02-10 13:54:48+01:00,8.0,2736.259765625,120.15145874023438,7.76878547668457,7.882449626922607,5.693192481994629,2.842698335647583,2.884289503097534,280.84787979125974,275.3555299282074,276.25566997528074,356.99107971191404,347.9127487182617,305.9993499755859,33.28774642944336,32.22613525390625,32.748748779296875,289.7503189086914,272.1123700380325,0.01937205696105957,0.018800325393676758,479.98095703125,479.96270751953125,23.923873901367188,21.815092086791992,271224.7848510742,1298217.6780700684,1238525.2952575684,1219482.3265075684,12.125243186950684,12.092284202575684,769775.2952575684,292724.5855331421,308.2931427001953,256.4167903900146,303.0087093353271,308.37055053710935,7.222499847412109,35.15999984741211,30.0,0.0003478092787000868,2995.647705078125,20.18965721130371,20.799198150634766,10.808984756469727,2.1006147861480713,1.4951157569885254,0.6526787281036377,0.9531861543655396,0.8730505108833313,1.929590106010437,266.8406982421875,20.04592514038086,693.6473388671875,286.7615966796875,2.5980310440063477,1.2944903373718262,588.1197509765625,711.37353515625,32.66627883911133
2025-02-10 13:54:50+01:00,8.0,2713.34033203125,120.60514831542969,7.791295528411865,7.8363165855407715,5.6612324714660645,2.8746836185455322,2.8912949562072754,280.9478796958923,275.4455298423767,276.27566995620725,356.98107757568357,347.9427551269531,305.97934951782224,33.257747650146484,32.224365234375,32.75874710083008,289.7103199005127,272.1123700380325,0.01926838493347168,0.0184830265045166,479.9837951660156,479.9414978027344,23.972511291503906,21.936622619628906,270461.8453979492,1279907.1311950684,1212524.3186950684,1219604.3968200684,12.091063499450684,12.069090843200684,782348.5374450684,305297.8277206421,308.3141578674316,256.2973407745361,303.0287097930908,308.4105514526367,7.227499961853027,35.15999984741211,30.0,0.00034760582817925344,2971.708740234375,20.02189826965332,20.07764434814453,10.73619270324707,2.3081512451171875,1.4579007625579834,0.6559987664222717,0.9408929347991943,0.873100221157074,1.9722758531570435,266.0212707519531,20.302303314208984,693.4271240234375,286.7899475097656,2.5971381664276123,1.294589638710022,588.294189453125,711.2028198242188,29.505701065063477
2025-02-10 13:54:52+01:00,8.0,2718.409912109375,120.36854934692383,7.819650888442993,7.854322671890259,5.673633575439453,2.869569778442383,2.8888927698135376,280.9478796958923,275.5405298709869,276.27566995620725,356.9860786437988,347.9277519226074,305.9893497467041,33.24774742126465,32.22271728515625,32.74374771118164,289.6853193283081,272.11737003326414,0.01930757999420166,0.01863090229034424,479.9830780029297,479.91510009765625,23.962974548339844,21.87103843688965,270614.4332885742,1285766.5061950684,1223205.4710388184,1218261.6233825684,12.105101585388184,12.088011741638184,778747.4632263184,298767.0660018921,308.3435176849365,255.99226131439207,303.0337099075317,308.4155506134033,7.227499961853027,35.15999984741211,29.979999542236328,0.00034745324028862847,2981.275390625,20.133792877197266,19.864482879638672,10.740314960479736,2.2296329736709595,1.4717233777046204,0.654068648815155,0.9464285969734192,0.8792970478534698,1.96247136592865,265.9051971435547,19.889281272888184,693.5484619140625,286.77662658691406,2.59725284576416,1.294727385044098,588.2497863769531,711.2941284179688,
2025-02-10 13:54:54+01:00,8.0,2723.4794921875,120.13195037841797,7.848006248474121,7.872328758239746,5.686034679412842,2.8644559383392334,2.8864905834198,280.9478796958923,275.63552989959715,276.27566995620725,356.99107971191404,347.9127487182617,305.9993499755859,33.23774719238281,32.2210693359375,32.7287483215332,289.6603187561035,272.12237002849577,0.01934677505493164,0.018778778076171874,479.98236083984375,479.8887023925781,23.95343780517578,21.80545425415039,270767.0211791992,1291625.8811950684,1233886.6233825684,1216918.8499450684,12.119139671325684,12.106932640075684,775146.3890075684,292236.3042831421,308.3728775024414,255.68718185424802,303.03871002197263,308.4205497741699,7.229999542236328,35.13999938964844,30.0,0.0003480127292209201,3016.2939453125,20.24568748474121,19.651321411132812,10.744437217712402,2.1511147022247314,1.4855459928512573,0.6521385312080383,0.951964259147644,0.8854938745498657,1.9526668787002563,265.78912353515625,19.476259231567383,693.6697998046875,286.7633056640625,2.597367525100708,1.2948651313781738,588.2053833007812,711.3854370117188,32.90190887451172
2025-02-10 13:54:56+01:00,8.0,2746.793701171875,120.42937469482422,7.841500759124756,7.8798394203186035,5.689385890960693,2.8729007244110107,2.890556812286377,280.8578800201416,275.65552988052366,276.29566993713377,356.97108306884763,347.92275085449216,306.0093521118164,33.23774719238281,32.230621337890625,32.71875,289.58031883239744,272.1423700094223,0.01936605644226074,0.01833173942565918,479.9380187988281,479.9663391113281,23.929119110107422,21.778955459594727,272216.6061401367,1289672.7561950684,1233520.4124450684,1219360.2561950684,12.084959983825684,12.065428733825684,766967.6780700684,295410.1324081421,308.39796295166013,256.1540016174316,303.0287097930908,308.4105514526367,7.232500076293945,35.15999984741211,29.979999542236328,0.00034760582817925344,3036.00537109375,20.23965835571289,20.215627670288086,10.837775230407715,2.0242815017700195,1.4917337894439697,0.6584538221359253,0.9560650587081909,0.8717232346534729,1.959588885307312,268.08349609375,20.354278564453125,693.737548828125,286.84832763671875,2.5985350608825684,1.294482946395874,588.4168701171875,711.4268188476562,34.871498107910156
2025-02-10 13:54:58+01:00,8.0,2710.570068359375,119.49948120117188,7.781050205230713,7.8804402351379395,5.688676834106445,2.8651556968688965,2.897339105606079,280.7878798484802,275.58552994728086,276.3156699180603,356.98107757568357,347.9127487182617,306.02935256958006,33.26774978637695,32.214813232421875,32.70874786376953,289.6603187561035,272.12237002849577,0.019363088607788084,0.018744489669799805,479.96044921875,479.9420471191406,24.02782440185547,21.789525985717773,268096.7330932617,1273803.6155700684,1224243.0686950684,1220458.8890075684,12.089842796325684,12.093504905700684,773559.4749450684,289794.8980331421,308.33517303466795,255.59008445739744,303.03871002197263,308.390550994873,7.244999885559082,35.13999938964844,29.959999084472656,0.0003474023776584201,3035.16015625,20.261722564697266,19.799428939819336,10.857434272766113,2.274932384490967,1.407897710800171,0.6564702391624451,0.9737458825111389,0.876011073589325,1.8891711235046387,266.78607177734375,20.756044387817383,693.8571166992188,286.8744812011719,2.599813461303711,1.294872522354126,588.4117431640625,711.56396484375,29.837932586669922
2025-02-10 13:55:00+01:00,8.0,2704.5738525390625,119.73951721191406,7.76810359954834,7.888262510299683,5.696310043334961,2.866518974304199,2.9025988578796387,280.7878798484802,275.5505298614502,276.31066992282865,356.9860786437988,347.9277519226074,306.0193523406982,33.26774978637695,32.214813232421875,32.71874809265137,289.70531883239744,272.1123700380325,0.019383806228637696,0.01878558826446533,479.97999572753906,479.8901062011719,24.051666259765625,21.66476345062256,271224.7848510742,1269103.9085388184,1220580.9593200684,1220703.0296325684,12.100218772888184,12.093504905700684,775817.7757263184,292541.4800643921,308.7451747894287,255.7315906524658,303.0337099075317,308.390550994873,7.252499580383301,35.15999984741211,30.0,0.00034724978976779516,2937.7138671875,20.45329189300537,20.671698570251465,10.844388961791992,2.075774133205414,1.4227002263069153,0.6524820327758789,0.9668660759925842,0.8785971999168396,1.8962898254394531,267.49623107910156,20.248079299926758,693.8131713867188,286.86195373535156,2.5994080305099487,1.2948719263076782,588.4664916992188,711.5569458007812,
2025-02-10 13:55:02+01:00,8.0,2698.57763671875,119.97955322265625,7.755156993865967,7.896084785461426,5.703943252563477,2.867882251739502,2.9078586101531982,280.7878798484802,275.5155297756195,276.305669927597,356.99107971191404,347.9427551269531,306.0093521118164,33.26774978637695,32.214813232421875,32.7287483215332,289.7503189086914,272.10237004756925,0.019404523849487303,0.01882668685913086,479.9995422363281,479.8381652832031,24.07550811767578,21.540000915527344,274352.8366088867,1264404.2015075684,1216918.8499450684,1220947.1702575684,12.110594749450684,12.093504905700684,778076.0765075684,295288.0620956421,309.15517654418943,255.87309684753416,303.0287097930908,308.390550994873,7.267499923706055,35.13999938964844,30.0,0.00034709716796875,2947.814453125,20.644861221313477,21.543968200683594,10.831343650817871,1.8766158819198608,1.4375027418136597,0.6484938263893127,0.9599862694740295,0.8811833262443542,1.9034085273742676,268.2063903808594,19.740114212036133,693.7692260742188,286.84942626953125,2.5990025997161865,1.2948713302612305,588.521240234375,711.5499267578125,32.9989013671875
2025-02-10 13:55:04+01:00,8.0,2726.483642578125,120.60790252685547,7.776739597320557,7.845365047454834,5.660526752471924,2.8875865936279297,2.917294979095459,280.73787965774534,275.40552988052366,276.25566997528074,356.99107971191404,347.9127487182617,306.02935256958006,33.257747650146484,32.21710205078125,32.748748779296875,289.8703197479248,272.0523699760437,0.019280405044555665,0.01887315368652344,479.990966796875,479.86822509765625,24.057865142822266,21.673063278198242,267028.6178588867,1283691.3108825684,1229247.9515075684,1226684.4749450684,12.091063499450684,12.098387718200684,773559.4749450684,288085.9136581421,308.1544479370117,256.6777576446533,303.03871002197263,308.390550994873,7.292499542236328,35.13999938964844,30.0,0.00034765669080946183,3037.385009765625,19.93411636352539,20.568161010742188,10.801677703857422,2.338477373123169,1.555117130279541,0.6537595391273499,0.9511934518814087,0.8826866149902344,1.9653575420379639,263.6176452636719,20.310333251953125,693.6986694335938,286.7899475097656,2.598660707473755,1.2948516607284546,588.2427978515625,711.5320434570312,29.406583786010742
2025-02-10 13:55:06+01:00,8.0,2658.3623046875,119.869140625,7.800152778625488,7.860342979431152,5.675488471984863,2.8641579151153564,2.8694469928741455,280.73787965774534,275.24552979469297,276.22567000389097,356.98107757568357,347.92275085449216,306.0093521118164,33.23774719238281,32.217254638671875,32.70874786376953,289.8203186035156,272.0523699760437,0.019280405044555665,0.01887315368652344,479.990966796875,479.9246826171875,24.057865142822266,21.50344467163086,274200.2487182617,1285522.3655700684,1209472.5608825684,1220336.8186950684,12.105711936950684,12.084959983825684,780761.6233825684,303832.9839706421,308.40214385986326,256.10587348937986,303.03871002197263,308.390550994873,7.302499771118164,35.15999984741211,29.979999542236328,0.0003478092787000868,2961.074462890625,20.36051368713379,20.007720947265625,10.94218635559082,2.0163493156433105,1.4590482711791992,0.6550004482269287,0.9589157700538635,0.8792754411697388,1.8510398864746094,266.28076171875,19.773317337036133,693.7595825195312,286.7643127441406,2.600405216217041,1.2945687770843506,588.2303466796875,711.7395629882812,30.061534881591797
2025-02-10 13:55:08+01:00,8.0,2691.6431884765625,120.10161590576172,7.808977127075195,7.8596227169036865,5.673007011413574,2.8786795139312744,2.88892924785614,280.75787963867185,275.2555299043655,276.22567000389097,356.98107757568357,347.91774978637693,306.0193523406982,33.23774719238281,32.215667724609375,32.70874786376953,289.80531921386716,272.0523699760437,0.019296754837036134,0.018669447898864745,479.9838104248047,479.91429138183594,24.028301239013672,21.699049949645996,274658.0123901367,1286071.6819763184,1220031.6429138184,1219604.3968200684,12.107542991638184,12.092284202575684,777465.7249450684,301452.6128768921,308.33923759460447,256.1418823242187,303.03871002197263,308.40055122375486,7.31749963760376,35.15999984741211,29.979999542236328,0.00034786014133029514,3014.513916015625,20.204079627990723,20.055665016174316,10.868348598480225,2.12965989112854,1.4886347651481628,0.6520551145076752,0.9506943225860596,0.8803558051586151,1.9124282002449036,265.5706024169922,19.656664848327637,693.7634887695312,286.77842712402344,2.599074363708496,1.2946179509162903,588.28662109375,711.5072631835938,
2025-02-10 13:55:10+01:00,8.0,2724.924072265625,120.33409118652344,7.817801475524902,7.858902454376221,5.670525550842285,2.8932011127471924,2.9084115028381348,280.77787961959837,275.26553001403806,276.22567000389097,356.98107757568357,347.9127487182617,306.02935256958006,33.23774719238281,32.214080810546875,32.70874786376953,289.7903198242187,272.0523699760437,0.019313104629516603,0.018465742111206055,479.9766540527344,479.9039001464844,23.998737335205078,21.894655227661133,275115.7760620117,1286620.9983825684,1230590.7249450684,1218871.9749450684,12.109374046325684,12.099608421325684,774169.8265075684,299072.2417831421,308.2763313293457,256.1778911590576,303.03871002197263,308.4105514526367,7.329999923706055,35.15999984741211,30.0,0.0003475041029188368,3041.7900390625,20.047645568847656,20.103609085083008,10.794510841369629,2.2429704666137695,1.5182212591171265,0.6491097807884216,0.9424728751182556,0.8814361691474915,1.9738165140151978,264.8604431152344,19.54001235961914,693.7673950195312,286.79254150390625,2.597743511199951,1.29466712474823,588.3428955078125,711.2749633789062,29.289560317993164
2025-02-10 13:55:12+01:00,8.0,2700.682373046875,120.47252655029297,7.843793869018555,7.8544020652771,5.6709442138671875,2.8994781970977783,2.903399705886841,280.7678798675537,275.3555299282074,276.22567000389097,356.98107757568357,347.92275085449216,306.02935256958006,33.257747650146484,32.212890625,32.69874954223633,289.7303184509277,272.03236999511716,0.019300378799438477,0.018599733352661133,479.9966735839844,479.9637756347656,24.14083480834961,21.68399429321289,267486.3815307617,1286743.0686950684,1229370.0218200684,1216796.7796325684,12.108153343200684,12.093504905700684,770995.9983825684,294921.8511581421,308.2553199768066,256.4881538391113,303.0287097930908,308.4105514526367,7.335000038146973,35.13999938964844,29.979999542236328,0.0003474023776584201,2968.99462890625,20.457307815551758,19.975812911987305,10.819092750549316,1.98634672164917,1.5393396615982056,0.657876193523407,0.9594820737838745,0.8781979084014893,1.962669014930725,266.5265808105469,19.71751594543457,693.8461303710938,286.84222412109375,2.5996172428131104,1.2946548461914062,587.8447875976562,711.4553833007812,30.69839859008789
2025-02-10 13:55:14+01:00,8.0,2705.8707275390625,120.39179611206055,7.8460869789123535,7.865314483642578,5.676218748092651,2.8707739114761353,2.877776622772217,280.75787987709043,275.3555299282074,276.2156700134277,356.98107757568357,347.91774978637693,306.03935089111326,33.23774719238281,32.206207275390625,32.708749771118164,289.7303184509277,272.02736999988554,0.019338533401489257,0.018548696517944337,479.99595642089844,479.92015075683594,24.065732955932617,21.767149925231934,271034.04998779297,1282409.5726013184,1225158.5960388184,1218933.0101013184,12.098998069763184,12.089232444763184,775634.6702575684,299499.4878768921,308.1354469299316,256.3847841262817,303.0287097930908,308.4105514526367,7.357500076293945,35.15999984741211,29.979999542236328,0.00034760582817925344,3039.83203125,19.91773509979248,19.83470058441162,10.756593227386475,2.15498685836792,1.5408928394317627,0.6520156562328339,0.9422785341739655,0.8707586824893951,1.9943817257881165,266.0144500732422,19.834867477416992,693.7169494628906,286.8721923828125,2.5986406803131104,1.2948030829429626,587.9881286621094,711.3845825195312,
2025-02-10 13:55:16+01:00,8.0,2711.05908203125,120.31106567382812,7.848380088806152,7.876226902008057,5.681493282318115,2.842069625854492,2.8521535396575928,280.7478798866272,275.3555299282074,276.20567002296445,356.98107757568357,347.9127487182617,306.04934921264646,33.21774673461914,32.19952392578125,32.71875,289.7303184509277,272.0223700046539,0.01937668800354004,0.01849765968322754,479.9952392578125,479.87652587890625,23.990631103515625,21.850305557250977,274581.7184448242,1278076.0765075684,1220947.1702575684,1221069.2405700684,12.089842796325684,12.084959983825684,780273.3421325684,304077.1245956421,308.0155738830566,256.2814144134521,303.0287097930908,308.4105514526367,7.367499828338623,35.13999938964844,29.959999084472656,0.0003486739773220486,3019.052734375,19.378162384033203,19.693588256835938,10.694093704223633,2.32362699508667,1.5424460172653198,0.6461551189422607,0.9250749945640564,0.863319456577301,2.026094436645508,265.5023193359375,19.952219009399414,693.5877685546875,286.90216064453125,2.5976641178131104,1.294951319694519,588.1314697265625,711.3137817382812,30.801620483398438
2025-02-10 13:55:18+01:00,8.0,2727.814697265625,120.1679916381836,7.867534637451172,7.8733811378479,5.691937446594238,2.856649398803711,2.866349220275879,280.82787981033323,275.31552996635435,276.20567002296445,356.98107757568357,347.9127487182617,306.03935089111326,33.21774673461914,32.19586181640625,32.70874786376953,289.5703186035156,272.0223700046539,0.019335672378540038,0.018143993377685547,480.01385498046875,479.934814453125,24.037837982177734,21.86518096923828,268478.2028198242,1280639.5530700684,1231323.1468200684,1228027.2483825684,12.120360374450684,12.069090843200684,768310.4515075684,296264.6245956421,308.0155738830566,256.70935859680174,303.0287097930908,308.390550994873,7.375,35.119998931884766,29.979999542236328,0.00034775841606987846,2988.305908203125,21.557144165039062,19.709428787231445,10.73331069946289,1.2052258253097534,1.5086429119110107,0.642057478427887,1.00298011302948,0.8785635828971863,2.0529942512512207,264.9696960449219,19.983888626098633,694.0490112304688,286.8544006347656,2.597970485687256,1.2947145700454712,588.09716796875,711.2711791992188,32.56877136230469
2025-02-10 13:55:20+01:00,8.0,2694.016845703125,120.45527648925781,7.814371109008789,7.905786991119385,5.699464797973633,2.8565683364868164,2.8899855613708496,280.9278797149658,275.3755299091339,276.18567004203794,356.99107971191404,347.9127487182617,306.02935256958006,33.23774719238281,32.19708251953125,32.70874786376953,289.58031883239744,272.0223700046539,0.019432172775268555,0.018590229034423828,480.0124206542969,479.9029846191406,24.01590347290039,21.339000701904297,277099.4186401367,1281860.2561950684,1219848.5374450684,1228027.2483825684,12.088622093200684,12.087401390075684,772216.7015075684,291625.9527206421,308.36451568603513,256.6856578826904,303.0287097930908,308.4205497741699,7.399999618530273,35.119998931884766,30.0,0.00034806359185112845,2935.844970703125,19.519779205322266,20.16370391845703,10.800358772277832,2.4189977645874023,1.4379003047943115,0.6381450295448303,0.9320845007896423,0.877660870552063,1.9499754905700684,265.0379638671875,19.959999084472656,694.0138549804688,286.7926025390625,2.601072311401367,1.2946689128875732,588.4170532226562,711.92333984375,33.12405776977539
2025-02-10 13:55:22+01:00,8.0,2710.8863525390625,119.87956237792969,7.793848752975464,7.842511177062988,5.65942645072937,2.8596994876861572,2.8774962425231934,280.95787968635557,275.40052988529203,276.1956700325012,356.9860786437988,347.9127487182617,306.0193523406982,33.25274848937988,32.19911193847656,32.70874786376953,289.5953191757202,272.02736999988554,0.019272153854370117,0.018343760490417478,480.01361083984375,479.9190673828125,23.98991584777832,21.59318256378174,270347.40447998047,1273010.1585388184,1223144.4358825684,1225036.5257263184,12.094725608825684,12.080687522888184,777282.6194763184,296630.8355331421,308.3540462493896,256.41583194732664,303.0287097930908,308.40555038452146,7.407500267028809,35.15999984741211,29.94999885559082,0.0003479618665907118,3018.830078125,20.14892292022705,19.881457328796387,10.75027322769165,2.208455741405487,1.462284505367279,0.6504108905792236,0.9470354318618774,0.872095912694931,1.9626675844192505,265.1950225830078,19.89240264892578,693.8193664550781,286.79022216796875,2.5994622707366943,1.294597566127777,588.2656860351562,711.6183471679688,
2025-02-10 13:55:24+01:00,8.0,2727.755859375,119.30384826660156,7.773326396942139,7.779235363006592,5.619388103485107,2.862830638885498,2.865006923675537,280.98787965774534,275.4255298614502,276.20567002296445,356.98107757568357,347.9127487182617,306.0093521118164,33.26774978637695,32.201141357421875,32.70874786376953,289.61031951904295,272.03236999511716,0.01911213493347168,0.01809729194641113,480.0148010253906,479.9351501464844,23.96392822265625,21.84736442565918,263595.3903198242,1264160.0608825684,1226440.3343200684,1222045.8030700684,12.100829124450684,12.073973655700684,782348.5374450684,301635.7183456421,308.3435768127441,256.14600601196287,303.0287097930908,308.390550994873,7.402500152587891,35.13999938964844,29.979999542236328,0.00034806359185112845,3003.39013671875,20.778066635131836,19.599210739135742,10.700187683105469,1.9979137182235718,1.4866687059402466,0.6626767516136169,0.9619863629341125,0.8665309548377991,1.9753596782684326,265.3520812988281,19.824806213378906,693.6248779296875,286.787841796875,2.5978522300720215,1.294526219367981,588.1143188476562,711.3133544921875,31.4423885345459
2025-02-10 13:55:26+01:00,8.0,2721.811279296875,119.89462280273438,7.809275150299072,7.826518535614014,5.6487717628479,2.908061981201172,2.9032771587371826,280.9678796768188,275.40552988052366,276.2456699848175,356.99107971191404,347.92275085449216,306.02935256958006,33.277748107910156,32.221160888671875,32.748748779296875,289.690319442749,272.0523699760437,0.019227516174316405,0.018670940399169923,479.9857177734375,480.0021057128906,23.923397064208984,21.82660675048828,266647.1481323242,1281249.9046325684,1224975.4905700684,1215698.1468200684,12.082518577575684,12.097167015075684,769164.9436950684,295410.1324081421,307.8212265014648,256.4881538391113,303.0287097930908,308.4105514526367,7.382499694824219,35.15999984741211,29.94999885559082,0.00034806359185112845,3037.65185546875,20.267902374267578,18.85692024230957,10.740954399108887,2.0779807567596436,1.3978993892669678,0.6447770595550537,0.9283088445663452,0.8698762059211731,1.8210411071777344,267.11383056640625,20.220197677612305,693.8397216796875,286.7918701171875,2.5974855422973633,1.2944648265838623,588.3490600585938,711.6448364257812,32.41020202636719
2025-02-10 13:55:28+01:00,8.0,2715.48583984375,119.58448028564453,7.79073429107666,7.846859455108643,5.662553071975708,2.8769354820251465,2.8919366598129272,280.9628798007965,275.3805299043655,276.2356699943542,356.9860786437988,347.93275299072263,306.014351272583,33.26774787902832,32.223419189453125,32.73874855041504,289.6303190231323,272.0523699760437,0.019285029411315917,0.018504704475402832,479.9792785644531,479.9417419433594,23.952007293701172,21.70417308807373,272941.39862060547,1277831.9358825684,1222350.9788513184,1218444.7288513184,12.092894554138184,12.095335960388184,770812.8929138184,297790.5035018921,308.1409515380859,256.5513557434082,303.0287097930908,308.3955501556396,7.377499580383301,35.15999984741211,29.94999885559082,0.0003486739773220486,2952.30859375,19.954344749450684,19.386539459228516,10.738865375518799,2.210325002670288,1.4163591265678406,0.645791083574295,0.9290448129177094,0.870938241481781,1.8635756969451904,266.73826599121094,20.145933151245117,693.6800231933594,286.8198699951172,2.598974823951721,1.2946447134017944,588.3601684570312,711.6537475585938,
2025-02-10 13:55:30+01:00,8.0,2709.160400390625,119.27433776855469,7.772193431854248,7.8672003746032715,5.676334381103516,2.845808982849121,2.880596160888672,280.95787992477415,275.3555299282074,276.22567000389097,356.98107757568357,347.9427551269531,305.9993499755859,33.257747650146484,32.225677490234375,32.7287483215332,289.5703186035156,272.0523699760437,0.01934254264831543,0.01833846855163574,479.97283935546875,479.8813781738281,23.98061752319336,21.58173942565918,279235.6491088867,1274413.9671325684,1219726.4671325684,1221191.3108825684,12.103270530700684,12.093504905700684,772460.8421325684,300170.8745956421,308.460676574707,256.61455764770506,303.0287097930908,308.38054885864256,7.377500057220459,35.15999984741211,30.0,0.00034745324028862847,2961.697265625,19.64078712463379,19.91615867614746,10.736776351928711,2.3426692485809326,1.4348188638687134,0.6468051075935364,0.9297807812690735,0.8720002770423889,1.9061102867126465,266.3627014160156,20.07166862487793,693.5203247070312,286.8478698730469,2.600464105606079,1.2948246002197266,588.3712768554688,711.6626586914062,33.15248489379883
2025-02-10 13:55:32+01:00,8.0,2713.69677734375,119.6700210571289,7.763105869293213,7.799832344055176,5.6332292556762695,2.8719160556793213,2.885502815246582,281.04788007736204,275.40552988052366,276.22567000389097,356.99107971191404,347.92275085449216,306.0093521118164,33.26774978637695,32.217010498046875,32.71875,289.5303195953369,272.0523699760437,0.01916795539855957,0.01856510543823242,479.96234130859375,479.8868103027344,23.882389068603516,21.85700798034668,271072.1969604492,1275390.5296325684,1223632.7171325684,1223632.7171325684,12.086180686950684,12.069090843200684,768554.5921325684,293090.7964706421,308.427229309082,255.93731155395506,303.0287097930908,308.38054885864256,7.367499828338623,35.13999938964844,29.959999084472656,0.00034816531711154514,2993.55615234375,20.550067901611328,20.98599624633789,10.743158340454102,2.183161973953247,1.4528679847717285,0.6616215109825134,0.9623517990112305,0.8719004392623901,1.9965046644210815,267.619140625,19.984071731567383,693.5960083007812,286.7898254394531,2.5976226329803467,1.294585943222046,588.2630004882812,711.3014526367188,29.560657501220703
2025-02-10 13:55:34+01:00,8.0,2715.365966796875,120.23348999023438,7.8115553855896,7.813203811645508,5.63932991027832,2.7968997955322266,2.8136916160583496,281.0578798294067,275.4655298233032,276.25566997528074,356.97108306884763,347.9127487182617,305.9993499755859,33.29774856567383,32.219024658203125,32.75874710083008,289.5703186035156,272.0523699760437,0.019214250564575194,0.01866880226135254,479.990966796875,479.9183349609375,23.697376251220703,21.477622985839844,272750.6637573242,1280883.6936950684,1218994.0452575684,1207397.3655700684,12.091063499450684,12.078856468200684,770995.9983825684,293090.7964706421,308.3435768127441,255.61435928344724,303.0087093353271,308.37055053710935,7.354999542236328,35.15999984741211,29.979999542236328,0.00035004730224609374,2988.750732421875,19.656583786010742,20.543886184692383,10.894229888916016,2.5802276134490967,1.3394386768341064,0.6603250503540039,0.9615118503570557,0.8514165878295898,1.9099745750427246,264.3960876464844,20.061851501464844,693.3680419921875,286.73211669921875,2.599745512008667,1.2945817708969116,588.1426391601562,711.8118896484375,31.087175369262695
2025-02-10 13:55:36+01:00,8.0,2704.2276611328125,119.79806900024414,7.788569450378418,7.793917179107666,5.6269848346710205,2.8325626850128174,2.842629313468933,280.9978798866272,275.52552988529203,276.2506699800491,356.9760803222656,347.9077514648437,306.00435104370115,33.29774856567383,32.22477722167969,32.75874710083008,289.64531841278074,272.0523699760437,0.019159695625305173,0.018731172561645505,479.99143981933594,479.9319305419922,23.752450942993164,21.587369918823242,273971.3668823242,1284973.0491638184,1221191.3108825684,1216735.7444763184,12.094725608825684,12.075804710388184,776855.3733825684,296264.6245956421,308.4272121429443,255.7999156951904,303.01870956420896,308.3555511474609,7.357500076293945,35.15999984741211,29.959999084472656,0.0003494878133138021,3012.2001953125,20.02354907989502,20.370779037475586,10.85542631149292,2.3109347820281982,1.3750138878822327,0.658068060874939,0.9530720710754395,0.8601054251194,1.8745732307434082,265.6866760253906,19.937402725219727,693.5974731445312,286.74745178222656,2.5996044874191284,1.294553816318512,588.2815246582031,711.6658020019531,
2025-02-10 13:55:38+01:00,8.0,2693.08935546875,119.3626480102539,7.765583515167236,7.774630546569824,5.614639759063721,2.868225574493408,2.8715670108795166,280.93787994384763,275.58552994728086,276.2456699848175,356.98107757568357,347.90275421142576,306.0093521118164,33.29774856567383,32.23052978515625,32.75874710083008,289.7203182220459,272.0523699760437,0.019105140686035155,0.018793542861938475,479.9919128417969,479.9455261230469,23.807525634765625,21.69711685180664,275192.0700073242,1289062.4046325684,1223388.5765075684,1226074.1233825684,12.098387718200684,12.072752952575684,782714.7483825684,299438.4527206421,308.5108474731445,255.98547210693357,303.0287097930908,308.3405517578125,7.350000381469727,35.119998931884766,29.94999885559082,0.00034775841606987846,3030.3544921875,20.390514373779297,20.19767189025879,10.816622734069824,2.0416419506073,1.4105890989303589,0.655811071395874,0.9446322917938232,0.8687942624092102,1.8391718864440918,266.9772644042969,19.81295394897461,693.826904296875,286.7627868652344,2.59946346282959,1.2945258617401123,588.42041015625,711.5197143554688,27.868009567260742
2025-02-10 13:55:40+01:00,8.0,2700.08984375,120.09307861328125,7.809275150299072,7.857778072357178,5.6688032150268555,2.856613874435425,2.8743560314178467,280.8578800201416,275.56552972793577,276.25566997528074,356.98107757568357,347.92275085449216,305.9993499755859,33.257747650146484,32.23736572265625,32.748748779296875,289.68031921386716,272.0523699760437,0.019300138473510742,0.018472640991210938,479.9108581542969,479.9591064453125,23.90766143798828,21.69083023071289,278549.0036010742,1282958.8890075684,1225341.7015075684,1221069.2405700684,12.095946311950684,12.093504905700684,776733.3030700684,303955.0542831421,308.3141578674316,255.8328269958496,303.0087093353271,308.36055221557615,7.357499599456787,35.119998931884766,29.959999084472656,0.00034786014133029514,3030.666015625,20.0996150970459,20.269872665405273,10.805448532104492,2.209975242614746,1.4094383716583252,0.6471003293991089,0.9412313103675842,0.8712835907936096,1.9638181924819946,265.2565002441406,20.30033302307129,693.8186645507812,286.79290771484375,2.599505662918091,1.2946783304214478,588.4175415039062,711.5401000976562,28.436996459960938
2025-02-10 13:55:42+01:00,8.0,2706.54052734375,120.61298370361328,7.7975499629974365,7.86302638053894,5.675359010696411,2.8583452701568604,2.8859952688217163,280.7728799819946,275.4705298185348,276.2306699991226,356.9860786437988,347.93275299072263,305.9943508148193,33.257747650146484,32.23736572265625,32.73874855041504,289.70531883239744,272.0373699903488,0.019318286895751956,0.018655050277709962,479.9244384765625,479.9687957763672,23.82349967956543,21.671127319335938,274390.98358154297,1281799.2210388184,1226318.2640075684,1219482.3265075684,12.088622093200684,12.091063499450684,773498.4397888184,296691.8706893921,308.2763313293457,255.9573101043701,303.0087093353271,308.36555137634275,7.367499828338623,35.13999938964844,29.979999542236328,0.00034857225206163194,2996.71533203125,20.300795555114746,20.140771865844727,10.805872440338135,2.1868540048599243,1.4273232221603394,0.6530933082103729,0.9502752721309662,0.8732775747776031,1.924376904964447,266.1032257080078,19.95757293701172,693.7481689453125,286.77806091308594,2.5993263721466064,1.2945403456687927,588.3116760253906,711.5581970214844,
2025-02-10 13:55:44+01:00,8.0,2712.9912109375,121.13288879394531,7.785824775695801,7.868274688720703,5.681914806365967,2.860076665878296,2.897634506225586,280.68787994384763,275.3755299091339,276.20567002296445,356.99107971191404,347.9427551269531,305.9893516540527,33.257747650146484,32.23736572265625,32.7287483215332,289.7303184509277,272.0223700046539,0.019336435317993166,0.018837459564208986,479.9380187988281,479.9784851074219,23.739337921142578,21.651424407958984,270232.9635620117,1280639.5530700684,1227294.8265075684,1217895.4124450684,12.081297874450684,12.088622093200684,770263.5765075684,289428.6870956421,308.23850479125974,256.0817932128906,303.0087093353271,308.37055053710935,7.357499599456787,35.13999938964844,29.979999542236328,0.00034847052680121526,3012.46728515625,20.501976013183594,20.01167106628418,10.806296348571777,2.1637327671051025,1.4452080726623535,0.659086287021637,0.9593192338943481,0.8752715587615967,1.8849356174468994,266.949951171875,19.61481285095215,693.6776733398438,286.7632141113281,2.599147081375122,1.2944023609161377,588.205810546875,711.5762939453125,28.425683975219727
2025-02-10 13:55:46+01:00,8.0,2729.394775390625,120.37287139892578,7.781281471252441,7.8478875160217285,5.6587982177734375,2.8589816093444824,2.8834540843963623,280.5578798294067,275.24552979469297,276.18567004203794,356.98107757568357,347.9427551269531,306.0093521118164,33.257747650146484,32.22100830078125,32.70874786376953,289.7903198242187,271.9823700428009,0.019290939331054687,0.01847612762451172,479.9752197265625,479.9888916015625,23.908138275146484,21.753400802612305,276946.8307495117,1279052.6390075684,1216064.3577575684,1228149.3186950684,12.089842796325684,12.066649436950684,772460.8421325684,301635.7183456421,308.17966690063474,256.36104621887205,303.0287097930908,308.37055053710935,7.357500076293945,35.119998931884766,29.959999084472656,0.0003491826036241319,2975.1796875,19.468263626098633,19.46613883972168,10.836042404174805,2.674532175064087,1.4505900144577026,0.6435911655426025,0.9203175902366638,0.8733686208724976,1.9145779609680176,265.20184326171875,20.1680908203125,693.7279052734375,286.7329406738281,2.5984585285186768,1.2943809032440186,588.058349609375,711.4298095703125,30.214632034301758
2025-02-10 13:55:48+01:00,8.0,2713.49365234375,120.31827926635742,7.7964184284210205,7.847152233123779,5.6574201583862305,2.8394285440444946,2.8697211742401123,280.5528799533844,275.2555299043655,276.17067005634306,356.9860786437988,347.9427551269531,305.99935188293455,33.24774742126465,32.2166748046875,32.70874786376953,289.74031963348386,271.972369992733,0.019353775978088378,0.018404133796691896,479.9842834472656,479.9712829589844,23.9102840423584,21.738492012023926,272979.5455932617,1284667.8733825684,1222289.9436950684,1228210.3538513184,12.099608421325684,12.063597679138184,774841.2132263184,301574.6831893921,308.1208271026611,256.14917888641355,303.0337099075317,308.37554969787595,7.347499847412109,35.099998474121094,30.0,0.00034857225206163194,3017.317138671875,19.648232460021973,19.657069206237793,10.762765407562256,2.4758514165878296,1.430014193058014,0.6422017514705658,0.9189493358135223,0.8698038756847382,1.9357377290725708,265.3520812988281,20.13703727722168,693.8384399414062,286.74766540527344,2.5993419885635376,1.2944473028182983,588.0732727050781,711.50732421875,
2025-02-10 13:55:50+01:00,8.0,2697.592529296875,120.26368713378906,7.8115553855896,7.84641695022583,5.656042098999023,2.819875478744507,2.8559882640838623,280.54788007736204,275.26553001403806,276.15567007064817,356.99107971191404,347.9427551269531,305.9893516540527,33.23774719238281,32.21234130859375,32.70874786376953,289.690319442749,271.9623699426651,0.019416612625122072,0.01833213996887207,479.99334716796875,479.95367431640625,23.912429809570312,21.723583221435547,269012.2604370117,1290283.1077575684,1228515.5296325684,1228271.3890075684,12.109374046325684,12.060545921325684,777221.5843200684,301513.6480331421,308.0619873046875,255.93731155395506,303.03871002197263,308.38054885864256,7.357499599456787,35.119998931884766,30.0,0.00034836880154079863,3008.37353515625,19.828201293945312,19.847999572753906,10.689488410949707,2.2771706581115723,1.4094383716583252,0.640812337398529,0.9175810813903809,0.8662391304969788,1.956897497177124,265.5023193359375,20.10598373413086,693.948974609375,286.76239013671875,2.6002254486083984,1.2945137023925781,588.0881958007812,711.5848388671875,31.222700119018555
2025-02-10 13:55:52+01:00,8.0,2677.7158203125,120.0322494506836,7.786740303039551,7.837551116943359,5.652092933654785,2.877103567123413,2.8958773612976074,280.6578797340393,275.31552996635435,276.15567007064817,356.98107757568357,347.95274963378904,305.9993499755859,33.257747650146484,32.211334228515625,32.71875,289.56031837463377,271.9623699426651,0.019416612625122072,0.01833213996887207,479.99761962890625,479.9289245605469,23.912429809570312,21.904306411743164,269698.9059448242,1287597.5608825684,1222534.0843200684,1221191.3108825684,12.115477561950684,12.093504905700684,769409.0843200684,291259.7417831421,308.34778060913084,256.866438293457,303.03871002197263,308.38054885864256,7.364999771118164,35.119998931884766,29.959999084472656,0.00034857225206163194,2991.064697265625,19.879867553710938,19.828201293945312,10.66385269165039,2.285564422607422,1.4248167276382446,0.6485185027122498,0.9395256638526917,0.8777303695678711,1.9426685571670532,265.9393310546875,19.890182495117188,693.7247314453125,286.8446044921875,2.5971827507019043,1.2947267293930054,588.1082763671875,711.2630004882812,28.006256103515625
2025-02-10 13:55:54+01:00,8.0,2717.9384765625,119.81007385253906,7.784688949584961,7.8313703536987305,5.651641845703125,2.8735880851745605,2.890819787979126,280.72787990570066,275.3055299758911,276.15567007064817,356.98107757568357,347.9427551269531,306.0093521118164,33.23774719238281,32.210235595703125,32.70874786376953,289.5303195953369,271.9623699426651,0.0192586612701416,0.018331151962280273,479.99761962890625,479.9244079589844,23.928165435791016,21.83624839782715,269698.9059448242,1282470.6077575684,1226440.3343200684,1220214.7483825684,12.093504905700684,12.070311546325684,769531.1546325684,298339.8199081421,308.4439529418945,255.12449302673338,303.0087093353271,308.390550994873,7.369999885559082,35.119998931884766,30.0,0.0003486739773220486,3073.07080078125,19.881898880004883,19.33816146850586,10.773107528686523,2.2503769397735596,1.4844156503677368,0.654578685760498,0.9385524988174438,0.874737024307251,1.9230443239212036,265.1335754394531,20.330934524536133,693.7723999023438,286.7621154785156,2.5990281105041504,1.2945053577423096,588.191162109375,711.4119262695312,30.711265563964844
2025-02-10 13:55:56+01:00,8.0,2741.3387451171875,119.76627731323242,7.804263114929199,7.86135721206665,5.673202037811279,2.878443717956543,2.8988555669784546,280.7728799819946,275.2855299949646,276.1656700611114,356.9860786437988,347.9527534484863,306.0193523406982,33.257747650146484,32.20787048339844,32.713748931884766,289.52031936645506,271.98236998319624,0.019323739051818847,0.018238423347473144,479.9890441894531,479.9424591064453,23.92125129699707,21.798437118530273,273437.3092651367,1278015.0413513184,1228515.5296325684,1226013.0882263184,12.094115257263184,12.083739280700684,776000.8811950684,300476.0503768921,308.3223175048828,256.08950271606443,303.0087093353271,308.3855499267578,7.364999771118164,35.119998931884766,29.959999084472656,0.00034877570258246525,3010.153564453125,20.03990077972412,19.60909938812256,10.75264835357666,2.2692638635635376,1.4744154214859009,0.6473659574985504,0.9385270774364471,0.8760179281234741,1.923812210559845,266.49928283691406,20.088706016540527,693.7838134765625,286.7762145996094,2.598735213279724,1.2945279479026794,588.1619567871094,711.4163818359375,
2025-02-10 13:55:58+01:00,8.0,2764.739013671875,119.72248077392578,7.8238372802734375,7.89134407043457,5.694762229919434,2.8832993507385254,2.906891345977783,280.81788005828855,275.26553001403806,276.1756700515747,356.99107971191404,347.9627517700195,306.02935256958006,33.277748107910156,32.20550537109375,32.71875,289.5103191375732,272.0023700237274,0.019388816833496095,0.018145694732666015,479.98046875,479.96051025390625,23.914337158203125,21.7606258392334,277175.7125854492,1273559.4749450684,1230590.7249450684,1231811.4280700684,12.094725608825684,12.097167015075684,782470.6077575684,302612.2808456421,308.20068206787107,257.0545124053955,303.0087093353271,308.38054885864256,7.367499828338623,35.119998931884766,29.979999542236328,0.00034816531711154514,2987.416015625,20.19790267944336,19.880037307739258,10.732189178466797,2.2881507873535156,1.464415192604065,0.6401532292366028,0.9385016560554504,0.8772988319396973,1.9245800971984863,267.864990234375,19.846477508544922,693.7952270507812,286.7903137207031,2.598442316055298,1.2945505380630493,588.1327514648438,711.4208374023438,31.465055465698242
2025-02-10 13:56:00+01:00,8.0,2726.359619140625,119.60090637207031,7.806093692779541,7.853410720825195,5.667447090148926,2.848729372024536,2.9160268306732178,280.8978799819946,275.26553001403806,276.20567002296445,356.97108306884763,347.9427551269531,305.9993499755859,33.257747650146484,32.201263427734375,32.70874786376953,289.6403182983398,272.03236999511716,0.0192934684753418,0.018797924041748047,480.031005859375,479.95819091796875,23.850440979003906,21.655132293701172,268783.3786010742,1286376.8577575684,1227905.1780700684,1217773.3421325684,12.088622093200684,12.077635765075684,760497.9515075684,290771.4605331421,308.2805351257324,256.24159851074216,303.0287097930908,308.37055053710935,7.367499351501465,35.13999938964844,30.0,0.00034857225206163194,3049.1318359375,20.1417236328125,20.18776512145996,10.850939750671387,2.4071381092071533,1.4452080726623535,0.6568918824195862,0.9486470222473145,0.8661629557609558,1.876463532447815,264.2322082519531,20.077823638916016,693.8116455078125,286.76141357421875,2.599363088607788,1.2944997549057007,588.2686767578125,711.4911499023438,28.94549560546875
2025-02-10 13:56:02+01:00,8.0,2718.8480224609375,119.52165222167969,7.7926411628723145,7.850956678390503,5.667579412460327,2.8760170936584473,2.9116495847702026,280.8928798675537,275.2905299901962,276.2156700134277,356.97108306884763,347.94775238037107,305.9993499755859,33.24774742126465,32.203155517578125,32.70874786376953,289.6953186035156,272.0423699855804,0.01929329490661621,0.018746328353881837,480.01527404785156,479.9525604248047,23.82683753967285,21.695103645324707,272903.2516479492,1281616.1155700684,1227172.7561950684,1214782.6194763184,12.089842796325684,12.061766624450684,766967.6780700684,289428.6870956421,308.3015502929687,256.1938022613525,303.0287097930908,308.37554969787595,7.352499961853027,35.099998474121094,30.0,0.0003486739773220486,2971.708740234375,20.26530170440674,20.128710746765137,10.768121719360352,2.2536070346832275,1.4473236799240112,0.6468887627124786,0.9517677426338196,0.8688085377216339,1.9351402521133423,266.18516540527344,20.078743934631348,693.7312927246094,286.8045959472656,2.5995506048202515,1.2945390939712524,588.3043518066406,711.4061279296875,
2025-02-10 13:56:04+01:00,8.0,2711.33642578125,119.44239807128906,7.779188632965088,7.8485026359558105,5.6677117347717285,2.9033048152923584,2.9072723388671875,280.88787975311277,275.31552996635435,276.22567000389097,356.97108306884763,347.95274963378904,305.9993499755859,33.23774719238281,32.205047607421875,32.70874786376953,289.7503189086914,272.0523699760437,0.019293121337890625,0.018694732666015627,479.9995422363281,479.9469299316406,23.803234100341797,21.735074996948242,277023.1246948242,1276855.3733825684,1226440.3343200684,1211791.8968200684,12.091063499450684,12.045897483825684,773437.4046325684,288085.9136581421,308.32256546020506,256.14600601196287,303.0287097930908,308.38054885864256,7.339999198913574,35.119998931884766,30.0,0.0003486231146918403,3041.256103515625,20.388879776000977,20.069656372070312,10.685303688049316,2.1000759601593018,1.449439287185669,0.6368856430053711,0.9548884630203247,0.871454119682312,1.9938169717788696,268.13812255859375,20.07966423034668,693.6509399414062,286.8477783203125,2.599738121032715,1.2945784330368042,588.3400268554688,711.3211059570312,29.35951042175293
2025-02-10 13:56:06+01:00,8.0,2725.89794921875,120.49031066894531,7.785824775695801,7.888172149658203,5.694990634918213,2.84375,2.8680853843688965,280.9078797340393,275.31552996635435,276.22567000389097,356.97108306884763,347.95274963378904,306.02935256958006,33.23774719238281,32.20452880859375,32.678749084472656,289.80032005310056,272.10237004756925,0.01939194679260254,0.018814815521240234,479.9890441894531,479.9708557128906,23.885250091552734,21.801971435546875,275802.4215698242,1285522.3655700684,1228027.2483825684,1226806.5452575684,12.072752952575684,12.097167015075684,777709.8655700684,300292.9449081421,308.72785034179685,256.26548805236814,303.0087093353271,308.37055053710935,7.342499732971191,35.13999938964844,29.94999885559082,0.00034943691677517363,2982.076416015625,19.91615867614746,19.709840774536133,10.716172218322754,2.4850118160247803,1.4728684425354004,0.6554551720619202,0.9416826963424683,0.8719840049743652,1.9822741746902466,266.6085205078125,19.57581329345703,693.5645141601562,286.78887939453125,2.5987164974212646,1.294473648071289,588.1489868164062,711.3091430664062,29.400588989257812
2025-02-10 13:56:08+01:00,8.0,2669.620849609375,120.4746322631836,7.796048164367676,7.873037338256836,5.6788105964660645,2.8213539123535156,2.8492157459259033,280.8778800010681,275.24552979469297,276.25566997528074,356.98107757568357,347.95274963378904,305.9993499755859,33.257747650146484,32.1983642578125,32.70874786376953,289.8403190612793,272.12237002849577,0.01933235168457031,0.01884768295288086,480.02099609375,479.9264831542969,23.946762084960938,21.403661727905273,270767.0211791992,1282714.7483825684,1216430.5686950684,1221679.5921325684,12.075194358825684,12.073973655700684,774413.9671325684,299682.5933456421,308.39796295166013,256.27345123291013,303.0087093353271,308.36055221557615,7.347499847412109,35.119998931884766,29.979999542236328,0.0003489791531032986,2919.20361328125,19.981897354125977,19.870500564575195,10.84644889831543,2.0358541011810303,1.5804507732391357,0.6422025561332703,0.9367595911026001,0.864332914352417,1.9230443239212036,266.0212707519531,19.743816375732422,694.0389404296875,286.7922058105469,2.601210832595825,1.294564962387085,588.4796752929688,711.8431396484375,29.01275062561035
2025-02-10 13:56:10+01:00,8.0,2684.600341796875,120.25386428833008,7.822947263717651,7.858269691467285,5.668946981430054,2.8541276454925537,2.8668919801712036,280.88287987709043,275.1755298614502,276.25566997528074,356.98107757568357,347.95274963378904,305.9993499755859,33.24774742126465,32.19917297363281,32.713748931884766,289.7853187561035,272.12237002849577,0.01930209732055664,0.018561442375183104,480.01837158203125,479.8948974609375,23.895740509033203,21.553725242614746,271110.34393310547,1278747.4632263184,1221008.2054138184,1224120.9983825684,12.078246116638184,12.091673851013184,773315.3343200684,298644.9956893921,308.44813385009763,256.0893281936645,303.01870956420896,308.36555137634275,7.344999313354492,35.119998931884766,29.979999542236328,0.00034887742784288193,2992.532958984375,19.92428493499756,20.20719337463379,10.78696870803833,2.1871657371520996,1.5767818689346313,0.6456033885478973,0.9363496005535126,0.8683777749538422,1.913811981678009,265.6935119628906,19.586118698120117,693.9108581542969,286.79107666015625,2.600384831428528,1.294741153717041,588.4696960449219,711.6571350097656,
2025-02-10 13:56:12+01:00,8.0,2699.579833984375,120.03309631347656,7.849846363067627,7.843502044677734,5.659083366394043,2.886901378631592,2.884568214416504,280.88787975311277,275.1055299282074,276.25566997528074,356.98107757568357,347.95274963378904,305.9993499755859,33.23774719238281,32.199981689453125,32.71875,289.7303184509277,272.12237002849577,0.019271842956542967,0.01827520179748535,480.0157470703125,479.8633117675781,23.84471893310547,21.70378875732422,271453.6666870117,1274780.1780700684,1225585.8421325684,1226562.4046325684,12.081297874450684,12.109374046325684,772216.7015075684,297607.3980331421,308.49830474853513,255.90520515441892,303.0287097930908,308.37055053710935,7.347499847412109,35.13999938964844,29.959999084472656,0.00034887742784288193,2968.9501953125,19.86667251586914,20.543886184692383,10.72748851776123,2.338477373123169,1.573112964630127,0.6490042209625244,0.935939610004425,0.8724226355552673,1.9045796394348145,265.3657531738281,19.428421020507812,693.7827758789062,286.7899475097656,2.5995588302612305,1.294917345046997,588.459716796875,711.4711303710938,31.793373107910156
2025-02-10 13:56:14+01:00,8.0,2719.9599609375,120.62354278564453,7.837544918060303,7.908665657043457,5.701345920562744,2.8813633918762207,2.8668057918548584,280.8578800201416,274.9655299425125,276.25566997528074,356.99107971191404,347.95274963378904,306.02935256958006,33.26774978637695,32.202301025390625,32.71875,289.7203182220459,272.1123700380325,0.019443439483642577,0.01867709732055664,480.00335693359375,479.93017578125,23.92578125,21.777482986450195,271224.7848510742,1275390.5296325684,1226562.4046325684,1224487.2093200684,12.104491233825684,12.108153343200684,765136.6233825684,299682.5933456421,308.51502838134763,256.53555526733396,303.0087093353271,308.37055053710935,7.34999942779541,35.119998931884766,29.959999084472656,0.00034841966417100697,3030.666015625,19.099763870239258,20.043685913085938,10.764327049255371,2.6153438091278076,1.5066691637039185,0.6360121965408325,0.9162614941596985,0.8814014792442322,1.9457436800003052,264.6009521484375,19.100067138671875,693.5963134765625,286.84393310546875,2.5990395545959473,1.294613003730774,588.2691040039062,711.3999633789062,32.01322937011719
2025-02-10 13:56:16+01:00,8.0,2736.734130859375,120.50471496582031,7.808363914489746,7.893789768218994,5.6947736740112305,2.8390603065490723,2.877829074859619,280.8778800010681,274.99552991390226,276.2456699848175,356.97108306884763,347.95274963378904,306.0093521118164,33.23774719238281,32.202301025390625,32.71875,289.5903190612793,272.0723699569702,0.019392967224121094,0.018229026794433594,479.97332763671875,479.951904296875,23.838043212890625,21.782299041748047,270232.9635620117,1276245.0218200684,1229736.2327575684,1216674.7093200684,12.099608421325684,12.083739280700684,775512.5999450684,301147.4370956421,308.25951995849607,256.8194107055664,303.0087093353271,308.390550994873,7.342499732971191,35.099998474121094,29.959999084472656,0.0003497929890950521,3045.12744140625,19.89615821838379,19.634485244750977,10.824013710021973,2.313319683074951,1.5055464506149292,0.6554558873176575,0.9526602625846863,0.876316487789154,2.0034127235412598,266.8680114746094,20.047779083251953,693.8341064453125,286.7901306152344,2.599090814590454,1.2945681810379028,588.1903076171875,711.4148559570312,32.199398040771484
2025-02-10 13:56:18+01:00,8.0,2721.36962890625,120.09308624267578,7.87442684173584,7.888040542602539,5.692306041717529,2.9083263874053955,2.9133546352386475,280.84787979125974,275.0555299758911,276.20567002296445,356.98107757568357,347.95274963378904,306.02935256958006,33.21774673461914,32.216094970703125,32.71875,289.67031898498533,272.0523699760437,0.019392967224121094,0.018229026794433594,479.97332763671875,479.94964599609375,23.838043212890625,21.73748207092285,274429.1305541992,1291992.0921325684,1225341.7015075684,1215576.0765075684,12.109374046325684,12.077635765075684,776977.4436950684,293090.7964706421,308.1292327880859,256.79589691162107,303.0287097930908,308.390550994873,7.352499961853027,35.119998931884766,29.959999084472656,0.0003497929890950521,3019.008056640625,19.84461212158203,19.836671829223633,10.764689445495605,2.3820059299468994,1.502445101737976,0.6472702622413635,0.9410757422447205,0.8825726509094238,1.9938169717788696,265.0379638671875,20.155982971191406,693.7824096679688,286.7615966796875,2.598893165588379,1.2944903373718262,588.1387939453125,711.4293823242188,33.08667755126953
2025-02-10 13:56:20+01:00,8.0,2708.5162353515625,120.22947692871094,7.8515424728393555,7.8765974044799805,5.685293912887573,2.890829920768738,2.900041699409485,280.8778797626495,275.1255299091339,276.22567000389097,356.9760803222656,347.95274963378904,306.02935256958006,33.24774742126465,32.206756591796875,32.71875,289.70531883239744,272.0523699760437,0.019357303619384765,0.018482627868652346,479.99835205078125,479.93560791015625,23.865461349487305,21.70259380340576,274009.51385498047,1288757.2288513184,1226074.1233825684,1220092.6780700684,12.104491233825684,12.076415061950684,776672.2679138184,294189.4292831421,308.09140625,256.5028203964233,303.01870956420896,308.390550994873,7.347499847412109,35.119998931884766,29.94999885559082,0.0003494878133138021,2953.955078125,20.142885208129883,19.70716667175293,10.77831745147705,2.1440926790237427,1.4987804293632507,0.6505709290504456,0.9516618847846985,0.8784435987472534,1.99227374792099,265.84373474121094,20.136837005615234,693.8057556152344,286.7764587402344,2.5990257263183594,1.2945605516433716,588.2607421875,711.4726257324219,
2025-02-10 13:56:22+01:00,8.0,2695.662841796875,120.3658676147461,7.828658103942871,7.865154266357422,5.678281784057617,2.87333345413208,2.8867287635803223,280.9078797340393,275.1955298423767,276.2456699848175,356.97108306884763,347.95274963378904,306.02935256958006,33.277748107910156,32.197418212890625,32.71875,289.74031867980955,272.0523699760437,0.019321640014648436,0.018736228942871094,480.02337646484375,479.92156982421875,23.892879486083984,21.667705535888672,273589.8971557617,1285522.3655700684,1226806.5452575684,1224609.2796325684,12.099608421325684,12.075194358825684,776367.0921325684,295288.0620956421,308.05357971191404,256.20974388122556,303.0087093353271,308.390550994873,7.340000152587891,35.13999938964844,29.959999084472656,0.0003482670423719618,2990.21923828125,20.441158294677734,19.577661514282227,10.791945457458496,1.906179428100586,1.4951157569885254,0.6538715958595276,0.9622480273246765,0.874314546585083,1.9907305240631104,266.6495056152344,20.117691040039062,693.8291015625,286.79132080078125,2.59915828704834,1.294630765914917,588.3826904296875,711.515869140625,33.88079833984375
2025-02-10 13:56:24+01:00,8.0,2733.39697265625,118.99604797363281,7.859004497528076,7.866415500640869,5.674973011016846,2.903825283050537,2.9065635204315186,280.81788005828855,275.24552979469297,276.25566997528074,356.9510787963867,347.9427551269531,305.9893516540527,33.28774642944336,32.199920654296875,32.7287483215332,289.83031883239744,272.10237004756925,0.019323978424072265,0.018794511795043944,480.0462646484375,479.9608459472656,23.856163024902344,21.723039627075195,270385.5514526367,1286620.9983825684,1229370.0218200684,1221313.3811950684,12.099608421325684,12.064208030700684,769042.8733825684,292602.5152206421,308.30575408935545,256.35308303833006,303.0087093353271,308.390550994873,7.329999923706055,35.119998931884766,29.959999084472656,0.00034847052680121526,2940.7841796875,19.902294158935547,19.918201446533203,10.772193908691406,2.2225804328918457,1.3921312093734741,0.6467728614807129,0.937428891658783,0.8800199031829834,1.8040857315063477,266.3763732910156,19.554210662841797,693.8433227539062,286.7627868652344,2.598646640777588,1.2944387197494507,588.237060546875,711.447265625,31.694787979125977
2025-02-10 13:56:26+01:00,8.0,2707.9443359375,120.21035766601562,7.834970951080322,7.896581649780273,5.696421146392822,2.853634834289551,2.8753325939178467,280.83788003921507,275.4255298614502,276.25566997528074,356.99107971191404,347.9427551269531,305.9993499755859,33.29774856567383,32.224945068359375,32.75874710083008,289.8703197479248,272.12237002849577,0.019392011642456054,0.01856216812133789,479.9757080078125,479.9215087890625,24.043560028076172,21.652729034423828,272750.6637573242,1287109.2796325684,1228149.3186950684,1221679.5921325684,12.100829124450684,12.069090843200684,774291.8968200684,297363.2574081421,308.297346496582,256.5829566955566,302.9987091064453,308.390550994873,7.322500228881836,35.119998931884766,29.959999084472656,0.00034806359185112845,3056.82958984375,19.870500564575195,20.378305435180664,10.777759552001953,2.3317089080810547,1.4455450773239136,0.6477934718132019,0.9502491354942322,0.880885899066925,1.9465054273605347,264.9287109375,19.64111328125,693.969970703125,286.7619934082031,2.600285768508911,1.294501543045044,588.2199096679688,711.6354370117188,30.86682891845703
2025-02-10 13:56:28+01:00,8.0,2722.5126953125,120.26089477539062,7.845268726348877,7.977698802947998,5.753241062164307,2.8905725479125977,2.939366102218628,280.83788003921507,275.63552989959715,276.3156699180603,356.97108306884763,347.92275085449216,305.9993499755859,33.257747650146484,32.23614501953125,32.75874710083008,289.8503192901611,272.1623699903488,0.01959281921386719,0.018762401580810547,479.9919128417969,479.9545593261719,23.866653442382812,21.76209831237793,268630.7907104492,1283813.3811950684,1229247.9515075684,1217162.9905700684,12.105711936950684,12.099608421325684,771728.4202575684,300781.2261581421,308.51502838134763,256.5829566955566,303.0087093353271,308.38054885864256,7.31749963760376,35.13999938964844,29.959999084472656,0.00034882656521267365,2972.46533203125,19.744016647338867,19.771926879882812,10.7495756149292,2.2881507873535156,1.4717333316802979,0.6397250890731812,0.9454771876335144,0.8911604881286621,1.8222278356552124,267.1411437988281,19.58051109313965,693.7777709960938,286.7621765136719,2.5987489223480225,1.2945071458816528,588.296875,711.4391479492188,31.343748092651367
2025-02-10 13:56:30+01:00,8.0,2737.7821044921875,120.1658821105957,7.841979265213013,7.947465658187866,5.7364256381988525,2.883416175842285,2.9222227334976196,280.81788005828855,275.6405298948288,276.305669927597,356.9760803222656,347.9377502441406,306.0243495941162,33.23774719238281,32.2342529296875,32.73874855041504,289.8103193283081,272.1773699760437,0.01952353572845459,0.018617998123168944,479.949951171875,479.93743896484375,23.8344669342041,21.865528106689453,272216.6061401367,1278686.4280700684,1222289.9436950684,1216796.7796325684,12.108153343200684,12.103880882263184,769836.3304138184,297790.5035018921,308.2631896972656,256.1512521743774,303.0087093353271,308.3855499267578,7.319999694824219,35.13999938964844,29.979999542236328,0.0003494878133138021,3060.9677734375,20.04595947265625,20.079025268554688,10.665987491607666,2.1667481660842896,1.5118701457977295,0.6489717960357666,0.9527587890625,0.8840441405773163,1.9592791199684143,266.43780517578125,19.898180961608887,693.7963256835938,286.8036804199219,2.597817897796631,1.2946257591247559,588.2393493652344,711.2908630371094,
2025-02-10 13:56:31+01:00,8.0,2753.051513671875,120.07086944580078,7.838689804077148,7.917232513427734,5.719610214233398,2.8762598037719727,2.9050793647766113,280.79788007736204,275.6455298900604,276.29566993713377,356.98107757568357,347.95274963378904,306.04934921264646,33.21774673461914,32.23236083984375,32.71875,289.77031936645506,272.19236996173856,0.01945425224304199,0.018473594665527344,479.9079895019531,479.9203186035156,23.80228042602539,21.968957901000977,275802.4215698242,1273559.4749450684,1215331.9358825684,1216430.5686950684,12.110594749450684,12.108153343200684,767944.2405700684,294799.7808456421,308.01135101318357,255.71954765319822,303.0087093353271,308.390550994873,7.3349995613098145,35.13999938964844,29.979999542236328,0.0003492843288845486,2955.11181640625,20.347902297973633,20.386123657226562,10.582399368286133,2.0453455448150635,1.5520069599151611,0.658218502998352,0.9600403904914856,0.8769277930259705,2.096330404281616,265.7344665527344,20.215850830078125,693.8148803710938,286.8451843261719,2.5968868732452393,1.2947443723678589,588.1818237304688,711.142578125,28.62644386291504
