_time,n_Fan,P_el_Comp,n_Comp,Q_Kond_outer,Q_Kond_inner,Q_VD,COP_outer,COP_inner,T_eva_in,T_eva_out,T1,T2,T2_dash,T3,T3_a,T3_b,T3_c,T4_dash,T1_dash,m_flow_Comp_Out,m_flow_Kond_Out,density_cond_out,density_ref_cond_out,density_comp_out,density_ref_comp_out,p1,p2,p2_dash,p3,p3_a,p3_c,p4_dash,p1_dash,T_c,T_e,T_con_in,T_con_out,T_cc,T_hyd_rl,T_hyd_vl,V_flow_water,V_flow_air,Superheat_Python,Superheat_VD_out,EEV_opening,Subcooling_3,Subcooling_3a,eta_is,lambda_h,eta_mech,Subcooling_3c,hLevelRec,Superheat_Simulink,hKond_In,hil3/Sensor.hKondOut,hil3/Sensor.sKondIn,sKond_Out,hComp_In,hComp_Out,P_Fan,EEV_Opening
2025-02-06 12:28:44+01:00,10.0,2259.083740234375,105.41565704345705,6.987807750701904,7.033238887786865,5.2936835289001465,3.098331928253174,3.116820812225342,280.3078798294067,278.9655298233032,278.91566982269285,351.59107818603513,342.52274932861326,305.72934951782224,32.89774703979492,31.816131591796875,32.3287467956543,287.73032035827634,274.76236989498136,0.0177352657318115,0.0170048198699951,480.6976318359375,480.3591918945313,23.07891845703125,21.79599952697754,290908.6227416992,1269287.0140075684,1223876.8577575684,1214721.5843200684,12.023924827575684,11.999510765075684,727416.9445037842,308349.5855331421,308.0409225463867,257.79634323120115,302.94870986938474,308.0705513000488,6.845000267028809,34.849998474121094,29.94999885559082,0.0003241574435763,3048.1083984375,20.52385902404785,21.431028366088867,9.984000205993652,2.4127016067504883,1.5929691791534424,0.7028339505195618,0.9370537400245668,0.8529449105262756,1.926710844039917,270.77392578125,20.60215377807617,682.5733032226562,286.0052795410156,2.5673394203186035,1.292064905166626,591.9300537109375,700.62158203125,,37.4
2025-02-06 12:28:46+01:00,10.0,2259.083740234375,105.41565704345705,6.987807750701904,7.033238887786865,5.2936835289001465,3.098331928253174,3.116820812225342,280.3078798294067,278.9655298233032,278.91566982269285,351.59107818603513,342.52274932861326,305.72934951782224,32.89774703979492,31.816131591796875,32.3287467956543,287.73032035827634,274.76236989498136,0.0177352657318115,0.0170048198699951,480.6976318359375,480.3591918945313,23.07891845703125,21.79599952697754,290908.6227416992,1269287.0140075684,1223876.8577575684,1214721.5843200684,12.023924827575684,11.999510765075684,727416.9445037842,308349.5855331421,308.0409225463867,257.79634323120115,302.94870986938474,308.0705513000488,6.84499979019165,34.849998474121094,29.959999084472656,0.0003246152072482,3036.806640625,20.52385902404785,21.431028366088867,9.984000205993652,2.4127016067504883,1.5929691791534424,0.7028339505195618,0.9370537400245668,0.8529449105262756,1.926710844039917,270.77392578125,20.60215377807617,682.5733032226562,286.0052795410156,2.5673394203186035,1.292064905166626,591.9300537109375,700.62158203125,46.63907623291016,37.4
2025-02-06 12:28:48+01:00,10.0,2255.601806640625,105.46685028076172,7.000624418258667,7.035173416137695,5.295459747314453,3.0957785844802856,3.1139724254608154,280.2928799629211,278.97552981376646,278.9256698131561,351.5960792541504,342.5177520751953,305.72435035705564,32.89774703979492,31.81341552734375,32.323747634887695,287.73032035827634,274.7523699045181,0.0177352657318115,0.0170189266204833,480.6942901611328,480.3652801513672,23.07891845703125,21.805896759033203,293655.19285202026,1266906.6429138184,1216491.6038513184,1211547.7561950684,12.019042015075684,11.994627952575684,733337.3546600342,314208.9605331421,307.9289611816406,258.06623401641843,302.94870986938474,308.08555068969724,6.835000038146973,34.849998474121094,29.939998626708984,0.0003242083062065,2989.151123046875,20.77937126159668,21.179558753967285,9.984000205993652,2.2869832515716557,1.586601197719574,0.7042280733585358,0.936539351940155,0.8517104685306549,1.956446707248688,270.7466125488281,20.750009536743164,682.5462341308594,285.99217224121094,2.567129850387573,1.2920477986335754,592.01171875,700.4800415039062,,37.4
2025-02-06 12:28:50+01:00,10.0,2252.119873046875,105.5180435180664,7.01344108581543,7.037107944488525,5.29723596572876,3.093225240707397,3.111124038696289,280.2778800964355,278.9855298042297,278.93566980361936,351.6010803222656,342.5127548217773,305.71935119628904,32.89774703979492,31.810699462890625,32.318748474121094,287.73032035827634,274.74236991405485,0.0177352657318115,0.0170330333709716,480.6909484863281,480.3713684082031,23.07891845703125,21.815793991088867,296401.7629623413,1264526.2718200684,1209106.3499450684,1208373.9280700684,12.014159202575684,11.989745140075684,739257.7648162842,320068.3355331421,307.8169998168945,258.3361248016357,302.94870986938474,308.1005500793457,6.837499618530273,34.84000015258789,29.92999839782715,0.000324564344618,2989.10693359375,21.034883499145508,20.928089141845703,9.984000205993652,2.1612648963928223,1.5802332162857056,0.7056221961975098,0.9360249638557434,0.8504760265350342,1.9861825704574585,270.71929931640625,20.89786529541016,682.5191650390625,285.97906494140625,2.566920280456543,1.292030692100525,592.0933837890625,700.3385009765625,44.16049957275391,37.4
2025-02-06 12:28:52+01:00,10.0,2247.640380859375,105.4398193359375,6.961381435394287,7.036696434020996,5.299278259277344,3.082456111907959,3.11580491065979,280.22787990570066,278.9855298042297,278.93566980361936,351.621076965332,342.52274932861326,305.7393516540527,32.90774917602539,31.813018798828125,32.318748474121094,287.70032062530515,274.76236989498136,0.0177462711334228,0.0170330333709716,480.6909484863281,480.3943176269531,23.19192886352539,21.818269729614254,291137.5045776367,1249511.6233825684,1207763.5765075684,1210571.1936950684,11.990965843200684,11.998290061950684,728271.4366912842,310058.5699081421,308.1880706787109,258.8313097000122,302.9687084197998,308.1105522155761,6.835000038146973,34.82999801635742,29.939998626708984,0.0003246660698784,2986.5703125,21.438743591308597,20.35847282409668,9.984000205993652,2.18884539604187,1.451001524925232,0.7161952257156372,0.9562672972679138,0.8507274389266968,2.0757505893707275,269.9681701660156,20.48157501220703,682.70166015625,286.0332946777344,2.568336009979248,1.2921558618545532,591.9785766601562,700.6028442382812,44.90015411376953,37.4
2025-02-06 12:28:54+01:00,10.0,2260.001708984375,105.4608383178711,6.969482421875,7.007501602172852,5.271998882293701,3.081316471099853,3.0981252193450928,280.1978796958923,278.895530128479,278.90567007064817,351.621076965332,342.52274932861326,305.7393516540527,32.92774963378906,31.7987060546875,32.34874725341797,287.7403205871582,274.74236991405485,0.0176719741821289,0.0170577087402343,480.7243347167969,480.3213806152344,23.05936813354492,22.00465965270996,295486.2356185913,1268798.7327575684,1211181.5452575684,1208007.7171325684,12.012938499450684,11.984862327575684,727294.8741912842,310546.8511581421,308.0998138427734,258.3587335586548,302.98870887756345,308.1005500793457,6.842499732971191,34.849998474121094,29.939998626708984,0.0003235979207356,3015.937744140625,20.864803314208984,20.77603912353516,9.984000205993652,2.209948301315308,1.5020076036453247,0.7060288786888123,0.929258108139038,0.8469840884208679,1.908025145530701,268.315673828125,20.99684715270996,682.62255859375,286.0906677246094,2.5672695636749268,1.2924729585647583,591.9978637695312,700.4076538085938,46.47616958618164,37.4
2025-02-06 12:28:56+01:00,10.0,2254.4794921875,105.29417419433594,6.928211212158203,7.067915916442871,5.313264846801758,3.0883772373199463,3.1341655254364014,280.18787994384763,278.83553018569944,278.89566984176633,351.6610778808593,342.52274932861326,305.7393516540527,32.95774841308594,31.806793212890625,32.338748931884766,287.73032035827634,274.69236996173856,0.0178314304351806,0.0170202598571777,480.7515258789063,480.3385009765625,23.207664489746094,21.955049514770508,289230.1559448242,1269409.0843200684,1216186.4280700684,1213134.6702575684,12.015379905700684,11.978758811950684,732788.0382537842,311767.5542831421,307.51581420898435,258.80887641906736,302.9687084197998,308.1205505371093,6.842499732971191,34.82999801635742,29.90999984741211,0.0003238013712565,2978.650146484375,20.763628005981445,20.587034225463867,9.984000205993652,2.0282092094421387,1.5217418670654297,0.6960235834121704,0.9248713254928588,0.858687698841095,1.9591492414474487,270.2139892578125,20.47418594360352,682.7380981445312,286.09197998046875,2.568212985992432,1.292418360710144,591.9673461914062,700.7530517578125,45.07257080078125,37.4
2025-02-06 12:28:58+01:00,10.0,2254.2593994140625,105.10237503051758,6.945017099380493,7.067031383514404,5.311248540878296,3.0830445289611816,3.128998637199402,280.2178799152374,278.85053005218504,278.89566984176633,351.6710800170898,342.5327514648437,305.74935188293455,32.92774772644043,31.816680908203125,32.338748931884766,287.740320110321,274.70736994743345,0.0178272228240966,0.0170226678848266,480.7295837402344,480.3288269042969,23.10347557067871,21.97417640686035,290908.6227416992,1265991.1155700684,1218078.5179138184,1218139.5530700684,12.005614280700684,11.995238304138184,728881.7882537842,311584.4488143921,307.7255577087402,258.40954246520994,302.9737085342407,308.12554969787595,6.859999656677246,34.84000015258789,29.90999984741211,0.0003239539930555,3003.8349609375,20.48361110687256,20.67931270599365,9.984000205993652,2.259293913841248,1.5247516632080078,0.6931626796722412,0.9195553958415984,0.857863038778305,2.037821829319,269.9613342285156,20.59127616882324,682.631591796875,286.1189270019531,2.56738817691803,1.2924757599830627,591.9872741699219,700.6274108886719,,37.4
2025-02-06 12:29:00+01:00,10.0,2254.039306640625,104.91057586669922,6.961822986602783,7.0661468505859375,5.309232234954834,3.077711820602417,3.1238317489624023,280.2478798866272,278.86552991867063,278.89566984176633,351.6810821533203,342.5427536010742,305.7593521118164,32.89774703979492,31.826568603515625,32.338748931884766,287.7503198623657,274.72236993312833,0.0178230152130126,0.0170250759124755,480.7076416015625,480.3191528320313,22.999286651611328,21.993303298950195,292587.0895385742,1262573.1468200684,1219970.6077575684,1223144.4358825684,11.995848655700684,12.011717796325684,724975.5382537842,311401.3433456421,307.93530120849607,258.0102085113525,302.9787086486816,308.13054885864256,6.854999542236328,34.84000015258789,29.90999984741211,0.0003236487833658,2963.966552734375,20.203594207763672,20.77159118652344,9.984000205993652,2.4903786182403564,1.527761459350586,0.690301775932312,0.914239466190338,0.8570383787155151,2.116494417190552,269.70867919921875,20.70836639404297,682.5250854492188,286.1458740234375,2.566563367843628,1.2925331592559814,592.0072021484375,700.5017700195312,46.63641357421875,37.4
2025-02-06 12:29:02+01:00,10.0,2245.874755859375,105.34687042236328,6.942829608917236,7.059765815734863,5.303947448730469,3.074840545654297,3.12662935256958,280.22787990570066,278.88552989959715,278.88567008972166,351.6610778808593,342.5627502441406,305.7693504333496,32.88774871826172,31.826568603515625,32.338748931884766,287.73032035827634,274.69236996173856,0.0178019962310791,0.0170316696166992,480.6876220703125,480.3128356933594,23.073673248291016,21.87186813354492,289764.2135620117,1269775.2952575684,1221801.6624450684,1221557.5218200684,12.015379905700684,11.983641624450684,729247.9991912842,308959.9370956421,308.2301010131836,258.44162979125974,302.9787086486816,308.1205505371093,6.872499465942383,34.849998474121094,29.90999984741211,0.0003233436075846,2981.8095703125,20.41373634338379,21.25626564025879,9.984000205993652,2.5113673210144043,1.5759873390197754,0.6946048140525818,0.9199849963188172,0.8575676083564758,1.9706321954727173,270.8012390136719,19.982275009155277,682.6881103515625,286.1165466308594,2.567915678024292,1.2924906015396118,592.0833129882812,700.6549682617188,46.530418395996094,37.4
2025-02-06 12:29:04+01:00,10.0,2261.5986328125,105.63550567626952,6.950891494750977,7.059366226196289,5.305150508880615,3.0795397758483887,3.127598524093628,280.25787963867185,278.9255298614502,278.88567008972166,351.7010787963867,342.5627502441406,305.7593521118164,32.90774917602539,31.8140869140625,32.318748474121094,287.73032035827634,274.69236996173856,0.0178019962310791,0.0170316696166992,480.6876220703125,480.2929992675781,23.073673248291016,21.791717529296875,294189.2623901367,1270019.4358825684,1214721.5843200684,1214233.3030700684,12.020262718200684,11.994627952575684,729003.8585662842,306274.3902206421,308.0155738830566,258.12413635253904,302.98870887756345,308.13054885864256,6.880000114440918,34.84000015258789,29.92999839782715,0.0003233436075846,2990.308349609375,20.391159057617188,21.2454891204834,9.984000205993652,2.189947843551636,1.532010197639465,0.6919525861740112,0.9217516183853148,0.8589725494384766,2.0046944618225098,266.8133850097656,20.82508087158203,682.8407592773438,286.1468200683594,2.568807601928711,1.2925620079040527,591.8583984375,700.7760009765625,44.89765167236328,37.4
2025-02-06 12:29:06+01:00,10.0,2247.5595703125,105.35546875,6.945422172546387,7.007693290710449,5.265564918518066,3.080373287200928,3.1079914569854736,280.3178800582885,278.9255298614502,278.88567008972166,351.6910766601562,342.57275238037107,305.7693504333496,32.89774703979492,31.81256103515625,32.318748474121094,287.7503198623657,274.69236996173856,0.0176657962799072,0.0170516757965087,480.6871337890625,480.2916870117188,23.149490356445312,21.697811126708984,297393.5842514038,1268554.5921325684,1220703.0296325684,1217040.9202575684,12.019042015075684,11.965331077575684,728027.2960662842,319824.1949081421,308.0745948791504,257.79634323120115,302.9687084197998,308.13054885864256,6.887499809265137,34.86000061035156,29.90999984741211,0.0003240048556857,2961.51904296875,20.48892974853516,20.692964553833008,9.984000205993652,2.2842836380004883,1.5957039594650269,0.6915518045425415,0.91687673330307,0.8535431623458862,1.9989526271820068,269.9954833984375,20.749128341674805,682.8272705078125,286.17462158203125,2.5687026977539062,1.2926454544067385,591.830078125,700.8944091796875,48.30662155151367,37.4
2025-02-06 12:29:08+01:00,10.0,2260.571044921875,105.35488891601562,7.010141849517822,7.073635101318359,5.31832218170166,3.094343423843384,3.1347086429595947,280.34787979125974,278.9855298042297,278.88567008972166,351.6810821533203,342.5927490234375,305.7693504333496,32.86774826049805,31.8126220703125,32.3287467956543,287.7403205871582,274.74236991405485,0.0178250522613525,0.0170450057983398,480.712890625,480.3128356933594,23.018836975097656,21.725391387939453,294799.6139526367,1269409.0843200684,1210937.4046325684,1213256.7405700684,12.003172874450684,11.998290061950684,722656.2023162842,304199.1949081421,307.76630249023435,258.3361248016357,302.9787086486816,308.13054885864256,6.877499580383301,34.849998474121094,29.92999839782715,0.000323445332845,2989.062255859375,20.959077835083008,20.771217346191406,9.984000205993652,2.0097436904907227,1.557760238647461,0.7015260457992554,0.9446573853492736,0.8610339760780334,2.050004243850708,268.69805908203125,20.96919250488281,682.956787109375,286.1200866699219,2.5692451000213623,1.2924906015396118,592.0264892578125,700.7998046875,46.309329986572266,37.4
2025-02-06 12:29:10+01:00,10.0,2255.052734375,105.28160095214844,6.990561246871948,7.054566144943237,5.303740501403809,3.1008259057998657,3.1282718181610107,280.35287990570066,278.9855298042297,278.8956700801849,351.6710800170898,342.5927490234375,305.764351272583,32.87774848937988,31.804412841796875,32.323747634887695,287.74532022476194,274.75736989974973,0.0177859907150268,0.0170243463516235,480.7159881591797,480.3403015136719,23.030519485473636,21.894092559814453,291747.8561401367,1270202.5413513184,1216674.7093200684,1217468.1663513184,12.015990257263184,11.998290061950684,729919.3859100342,305236.7925643921,307.8423503875732,257.9896577835083,302.9787086486816,308.12554969787595,6.882499694824219,34.880001068115234,29.899999618530277,0.0003240048556857,2993.6005859375,20.89413356781006,20.643842697143555,9.984000205993652,2.160438776016236,1.5597515106201172,0.6989133954048157,0.9293798208236694,0.8581529259681702,1.9848277568817136,269.2306823730469,21.14283943176269,682.8677062988281,286.1050262451172,2.568632841110229,1.2924233675003052,592.0220336914062,700.7018737792969,,37.4
2025-02-06 12:29:12+01:00,10.0,2249.534423828125,105.20831298828124,6.970980644226074,7.035497188568115,5.289158821105957,3.107308387756348,3.1218349933624268,280.3578800201416,278.9855298042297,278.90567007064817,351.6610778808593,342.5927490234375,305.7593521118164,32.88774871826172,31.79620361328125,32.318748474121094,287.7503198623657,274.7723698854446,0.0177469291687011,0.0170036869049072,480.7190856933594,480.3677673339844,23.04220199584961,22.062793731689453,288696.0983276367,1270995.9983825684,1222412.0140075684,1221679.5921325684,12.028807640075684,11.998290061950684,737182.5695037842,306274.3902206421,307.9183982849121,257.64319076538084,302.9787086486816,308.1205505371093,6.887499809265137,34.880001068115234,29.92999839782715,0.0003235470581054,3002.900390625,20.82918930053711,20.516468048095703,9.984000205993652,2.311133861541748,1.5617427825927734,0.696300745010376,0.9141022562980652,0.8552718758583069,1.91965126991272,269.7633056640625,21.316486358642575,682.7786254882812,286.0899658203125,2.5680205821990967,1.2923561334609983,592.017578125,700.6039428710938,44.64142608642578,37.4
2025-02-06 12:29:14+01:00,10.0,2242.943115234375,105.11509704589844,6.966598510742188,7.087167739868164,5.327210426330566,3.090629816055298,3.144118309020996,280.3978799819946,278.97553005218504,278.93566980361936,351.6510833740234,342.60275115966795,305.7693504333496,32.89774703979492,31.8070068359375,32.29874801635742,287.73032035827634,274.7823698759079,0.0178632278442382,0.017046573638916,480.7167053222656,480.3785705566406,23.03695678710937,22.08214569091797,287856.8649291992,1258911.0374450684,1206787.0140075684,1199340.7249450684,12.009276390075684,11.979979515075684,732177.6866912842,304443.3355331421,308.0155738830566,257.62004508972166,302.9787086486816,308.1205505371093,6.897500038146973,34.880001068115234,29.939998626708984,0.000323445332845,3038.4970703125,20.66996192932129,21.37247657775879,9.984000205993652,2.3237695693969727,1.5022621154785156,0.6978462934494019,0.9322510361671448,0.8613048195838928,2.0457518100738525,266.90899658203125,20.768749237060547,682.5520629882812,286.088134765625,2.5662686824798584,1.292299509048462,591.8544311523438,700.349853515625,44.37089920043945,37.4
2025-02-06 12:29:16+01:00,10.0,2252.449462890625,104.86922454833984,7.006062984466553,7.035763740539551,5.2916259765625,3.1048083305358887,3.1179707050323486,280.4078797340393,278.9255298614502,278.91566982269285,351.6910766601562,342.60275115966795,305.7593521118164,32.88774871826172,31.8070068359375,32.29874801635742,287.73032035827634,274.7923699855804,0.0177349472045898,0.0170500507354736,480.73388671875,480.3038330078125,23.228168487548828,21.735824584960938,291595.2682495117,1261840.7249450684,1212768.4593200684,1218994.0452575684,12.019042015075684,11.984862327575684,734374.9523162842,309692.3589706421,308.3267654418945,258.00261344909666,302.94870986938474,308.1205505371093,6.889999866485596,34.880001068115234,29.939998626708984,0.0003230892944335,3036.85107421875,20.920021057128903,20.986194610595703,9.984000205993652,2.12816858291626,1.5420085191726685,0.7016779780387878,0.9335190653800964,0.8536850810050964,1.99320650100708,272.28985595703125,20.74317741394043,682.8367309570312,286.1192626953125,2.569665670394897,1.2925647497177124,592.1014404296875,700.8265380859375,44.84107208251953,37.4
2025-02-06 12:29:18+01:00,10.0,2255.9384765625,104.67718505859376,6.97536563873291,7.035994052886963,5.292819499969482,3.087852954864502,3.122418165206909,280.3878797531128,278.8255299568176,278.9456700325012,351.6910766601562,342.60275115966795,305.7693504333496,32.88774871826172,31.798309326171875,32.3287467956543,287.73032035827634,274.7923699855804,0.0177349472045898,0.0170500507354736,480.73388671875,480.377197265625,23.228168487548828,22.015174865722656,288162.0407104492,1260009.6702575684,1210082.9124450684,1213622.9515075684,12.003172874450684,11.990965843200684,736694.2882537842,318359.3511581421,308.0998138427734,257.6968292236328,302.9387096405029,308.13054885864256,6.889999866485596,34.88999938964844,29.90999984741211,0.0003240557183159,3050.82275390625,21.05488395690918,20.191387176513672,9.984000205993652,2.0112738609313965,1.4682453870773315,0.7048528790473938,0.9347530603408812,0.854485273361206,1.9706321954727173,268.4931945800781,20.85951042175293,682.8225708007812,286.09210205078125,2.568361282348633,1.29242205619812,592.126708984375,700.8283081054688,46.94821166992188,37.4
2025-02-06 12:29:20+01:00,10.0,2258.283569335937,104.98493576049805,7.007000207901001,7.028202056884766,5.2833685874938965,3.1062203645706177,3.119457721710205,280.3778797626495,278.82053008079527,278.95066990852354,351.7110771179199,342.60275115966795,305.7693504333496,32.88774871826172,31.7996826171875,32.323747634887695,287.73532047271726,274.7823699355125,0.0177143907546997,0.0170401754379272,480.7217254638672,480.38710021972656,23.221254348754883,22.012466430664062,291518.9743041992,1254333.4007263184,1208312.8929138184,1209106.3499450684,12.009276390075684,11.987914085388184,736816.3585662842,316711.4019393921,308.0302318572998,257.7657236099243,302.9437097549438,308.1405490875244,6.887499809265137,34.86000061035156,29.92999839782715,0.0003238013712565,3028.66357421875,20.759260177612305,20.505098342895508,9.984000205993652,2.122486114501953,1.4724984169006348,0.6963755786418915,0.9256702065467834,0.8556503355503082,1.9606319665908811,269.4013977050781,20.64793491363525,682.7296142578125,286.06260681152344,2.567641377449036,1.2922861576080322,592.0299682617188,700.7145690917969,,37.4
2025-02-06 12:29:22+01:00,10.0,2260.628662109375,105.29268646240234,7.038634777069092,7.020410060882568,5.273917675018311,3.1245877742767334,3.116497278213501,280.36787977218626,278.8155302047729,278.9556697845459,351.7310775756836,342.60275115966795,305.7693504333496,32.88774871826172,31.801055908203125,32.318748474121094,287.7403205871582,274.7723698854446,0.0176938343048095,0.0170303001403808,480.7095642089844,480.3970031738281,23.214340209960938,22.00975799560547,294875.9078979492,1248657.1311950684,1206542.8733825684,1204589.7483825684,12.015379905700684,11.984862327575684,736938.4288787842,315063.4527206421,307.9606498718261,257.8346179962158,302.94870986938474,308.1505493164062,6.875,34.880001068115234,29.92999839782715,0.0003236487833658,3049.71044921875,20.46363639831543,20.818809509277344,9.984000205993652,2.2336983680725098,1.476751446723938,0.6878982782363892,0.9165873527526855,0.8568153977394104,1.9506317377090452,270.3096008300781,20.436359405517575,682.6366577148438,286.0331115722656,2.5669214725494385,1.2921502590179443,591.9332275390625,700.600830078125,47.30719757080078,37.4
2025-02-06 12:29:24+01:00,10.0,2246.85400390625,105.31649017333984,6.998043537139893,7.069202899932861,5.316524505615234,3.1054627895355225,3.137040376663208,280.3078798294067,278.7755302429199,278.93566980361936,351.7110809326172,342.57275238037107,305.7693504333496,32.86774826049805,31.796051025390625,32.3287467956543,287.73032035827634,274.74236991405485,0.0178186817169189,0.0170191078186035,480.7610473632813,480.3083190917969,23.078441619873047,22.042991638183597,291824.1500854492,1261352.4436950684,1217773.3421325684,1214233.3030700684,12.000731468200684,11.970213890075684,746215.7726287842,312499.9761581421,307.88460006713865,258.215279006958,302.9687084197998,308.1505493164062,6.874999523162842,34.880001068115234,29.94999885559082,0.0003235470581054,2990.61962890625,20.89480400085449,20.662397384643555,9.984000205993652,2.209948301315308,1.5110028982162476,0.6994332671165466,0.9406585097312928,0.8605232834815979,2.102510929107666,268.69805908203125,20.89508056640625,682.8204956054688,286.0906677246094,2.566964864730835,1.2925554513931274,591.9556884765625,700.5389404296875,44.56269073486328,37.4
2025-02-06 12:29:26+01:00,10.0,2249.73046875,105.35689544677734,6.97536563873291,7.034576416015625,5.2891926765441895,3.106977224349976,3.117170810699463,280.3178800582885,278.8255299568176,278.91566982269285,351.7310775756836,342.5927490234375,305.7593521118164,32.88774871826172,31.7989501953125,32.29874801635742,287.7403205871582,274.74236991405485,0.0177253246307373,0.0170514030456542,480.6866760253906,480.307861328125,22.905349731445312,21.748313903808597,285568.0465698242,1257812.4046325684,1211669.8265075684,1208251.8577575684,12.022704124450684,11.989745140075684,731689.4054412842,308349.5855331421,307.88460006713865,257.88054790496824,302.9387096405029,308.13054885864256,6.877499580383301,34.880001068115234,29.92999839782715,0.0003242591688368,2972.198486328125,20.391019821166992,20.91002082824707,9.984000205993652,2.553955554962158,1.5250115394592283,0.704067587852478,0.9393876791000366,0.8541978001594543,2.081496000289917,270.3096008300781,21.025121688842773,682.6854248046875,286.0322570800781,2.567601442337036,1.292123317718506,591.8544311523438,700.7545776367188,45.65282440185547,37.4
2025-02-06 12:29:28+01:00,10.0,2255.250244140625,105.2498016357422,7.032140254974365,7.01901388168335,5.274622440338135,3.107895612716675,3.1020941734313965,280.3078798294067,278.8455299377441,278.90567007064817,351.74107971191404,342.6127532958984,305.7393516540527,32.88774871826172,31.795654296875,32.29874801635742,287.73032035827634,274.72236993312833,0.0176831531524658,0.0170173988342285,480.7248229980469,480.3591918945313,23.099899291992188,21.89867210388184,289459.0377807617,1257690.3343200684,1209838.7718200684,1203491.1155700684,12.005614280700684,11.999510765075684,734619.0929412842,307250.9527206421,308.0282501220703,257.48117008209226,302.9687084197998,308.1105522155761,6.887499809265137,34.88999938964844,29.94999885559082,0.0003235979207356,3027.15087890625,20.88002014160156,20.278507232666016,9.984000205993652,2.014333963394165,1.5280098915100098,0.6960259079933167,0.9296554923057556,0.8522764444351196,2.0885071754455566,266.7587585449219,21.099327087402344,682.7523193359375,286.08941650390625,2.567715167999268,1.2923394441604614,591.9530639648438,700.6810302734375,46.00529479980469,37.4
2025-02-06 12:29:30+01:00,10.0,2255.9764404296875,105.2949333190918,6.99643611907959,7.027135133743286,5.281867265701294,3.1014082431793213,3.1080087423324585,280.3228799343109,278.8455299377441,278.90567007064817,351.7360786437988,342.6127532958984,305.75435104370115,32.862749099731445,31.795654296875,32.31374740600586,287.73032035827634,274.72236993312833,0.0176831531524658,0.0170260601043701,480.7481842041016,480.3690948486328,23.099899291992188,21.88731288909912,291023.063659668,1255432.0335388184,1209716.7015075684,1206359.7679138184,12.012938499450684,12.008666038513184,734497.0226287842,309875.4644393921,307.88245429992674,257.53131952285764,302.9687084197998,308.11555137634275,6.872499465942383,34.86000061035156,29.939998626708984,0.0003240557183159,2973.7109375,20.968913078308105,20.59710693359375,9.984000205993652,2.084699273109436,1.538635790348053,0.6990931332111359,0.9344802498817444,0.8549775779247284,2.08425509929657,268.54100036621094,21.078706741333008,682.8977355957031,286.0902404785156,2.567850351333618,1.2922356128692627,591.98828125,700.7252807617188,,37.4
2025-02-06 12:29:32+01:00,10.0,2256.70263671875,105.3400650024414,6.960731983184815,7.035256385803223,5.289112091064453,3.094920873641968,3.1139233112335205,280.33788003921507,278.8455299377441,278.90567007064817,351.7310775756836,342.6127532958984,305.7693504333496,32.83774948120117,31.795654296875,32.3287467956543,287.73032035827634,274.72236993312833,0.0176831531524658,0.0170347213745117,480.77154541015625,480.3789978027344,23.099899291992188,21.875953674316406,292587.0895385742,1253173.7327575684,1209594.6311950684,1209228.4202575684,12.020262718200684,12.017821311950684,734374.9523162842,312499.9761581421,307.7366584777832,257.581468963623,302.9687084197998,308.1205505371093,6.864999771118164,34.880001068115234,29.94999885559082,0.0003235470581054,2987.81640625,21.05780601501465,20.915706634521484,9.984000205993652,2.155064582824707,1.5492616891860962,0.7021603584289551,0.9393050074577332,0.8576787114143372,2.080003023147583,270.3232421875,21.058086395263672,683.0431518554688,286.091064453125,2.5679855346679688,1.292131781578064,592.0234985351562,700.76953125,47.97137069702149,37.4
2025-02-06 12:29:34+01:00,10.0,2260.8720703125,104.98225402832033,6.9932942390441895,7.034162998199463,5.286580562591553,3.110128879547119,3.1223344802856445,280.3578800201416,278.88552989959715,278.90567007064817,351.7310775756836,342.62274780273435,305.7393516540527,32.86774826049805,31.778839111328125,32.29874801635742,287.73032035827634,274.74236991405485,0.0177231884002685,0.0170347213745117,480.77154541015625,480.4240112304688,23.01216125488281,21.89726448059082,289764.2135620117,1260375.8811950684,1222167.8733825684,1219482.3265075684,12.019042015075684,12.003172874450684,733764.6007537842,307739.2339706421,307.81277694702146,258.12413635253904,302.9387096405029,308.13054885864256,6.860000133514404,34.88999938964844,29.94999885559082,0.0003238522338867,2975.0458984375,20.81159210205078,20.961448669433597,9.984000205993652,2.0070393085479736,1.5802332162857056,0.6956115365028381,0.93491131067276,0.8592572212219238,2.072989225387573,270.3505554199219,20.811914443969727,682.9824829101562,286.0921325683594,2.568020820617676,1.2919833660125732,591.9138793945312,700.7626342773438,48.78043746948242,37.4
2025-02-06 12:29:36+01:00,10.0,2254.492919921875,105.38606262207033,7.000561237335205,6.981869697570801,5.249650478363037,3.097563982009888,3.0892934799194336,280.36787977218626,278.9155301094055,278.90567007064817,351.7510818481445,342.6627487182617,305.72934951782224,32.89774703979492,31.79208374023437,32.29874801635742,287.7103199005127,274.74236991405485,0.0175941181182861,0.0170412139892578,480.7071533203125,480.35650634765625,23.14281463623047,21.753803253173828,292281.9137573242,1260009.6702575684,1212402.2483825684,1212646.3890075684,12.010497093200684,11.965331077575684,726074.1710662842,303100.5620956421,307.8212265014648,258.55463161468504,302.94870986938474,308.1105522155761,6.855000019073486,34.880001068115234,29.939998626708984,0.0003238013712565,2975.31298828125,20.933326721191406,20.69024085998535,9.984000205993652,2.0185694694519043,1.5559868812561035,0.7000471949577332,0.9291117787361144,0.8478075861930847,1.906710386276245,268.0425109863281,20.40143203735352,682.9380493164062,286.0357971191406,2.5686492919921875,1.2922338247299194,592.0008544921875,700.9435424804688,47.85096740722656,37.4
2025-02-06 12:29:38+01:00,10.0,2254.9725341796875,105.41556930541992,6.980427026748657,7.031274557113648,5.287749767303467,3.0905805826187134,3.1131125688552856,280.36787977218626,278.895530128479,278.90066995620725,351.75608291625974,342.6627487182617,305.7343505859375,32.89274787902832,31.793777465820312,32.30874824523926,287.7253202438354,274.74236991405485,0.0177218770980834,0.0170391826629638,480.7286224365234,480.3409729003906,23.133516311645508,21.780510902404785,292281.9137573242,1263976.9554138184,1216003.3226013184,1217773.3421325684,12.021483421325684,11.970213890075684,733703.5655975342,307189.9175643921,307.9416069030761,258.434074306488,302.95870914459226,308.0955509185791,6.842499732971191,34.880001068115234,29.959999084472656,0.0003239539930555,3007.88427734375,20.899065017700195,20.69024085998535,9.984000205993652,2.1895912885665894,1.5206215977668762,0.7041780352592468,0.9338524341583252,0.8528822958469391,1.99973464012146,267.53038024902344,20.42520046234131,682.9775390625,286.06373596191406,2.568854570388794,1.2923214435577393,592.0247497558594,700.9198303222656,,37.4
2025-02-06 12:29:40+01:00,10.0,2255.4521484375,105.44507598876952,6.960292816162109,7.080679416656494,5.3258490562438965,3.083597183227539,3.1369316577911377,280.36787977218626,278.87553014755247,278.89566984176633,351.761083984375,342.6627487182617,305.7393516540527,32.88774871826172,31.79547119140625,32.318748474121094,287.7403205871582,274.74236991405485,0.0178496360778808,0.0170371513366699,480.7500915527344,480.325439453125,23.124217987060547,21.807218551635746,292281.9137573242,1267944.2405700684,1219604.3968200684,1222900.2952575684,12.032469749450684,11.975096702575684,741332.9601287842,311279.2730331421,308.0619873046875,258.313516998291,302.9687084197998,308.080549621582,6.842499732971191,34.86000061035156,29.979999542236328,0.0003242591688368,3040.41064453125,20.864803314208984,20.69024085998535,9.984000205993652,2.3606131076812744,1.485256314277649,0.7083088755607605,0.938593089580536,0.8579570055007935,2.092758893966675,267.01824951171875,20.4489688873291,683.0170288085938,286.0916748046875,2.5690598487854004,1.292409062385559,592.0486450195312,700.8961181640625,46.85880279541016,37.4
2025-02-06 12:29:42+01:00,10.0,2254.630126953125,105.17361450195312,6.984127521514893,7.056779384613037,5.303760528564453,3.090840101242065,3.122992515563965,280.4078797340393,278.88552989959715,278.89566984176633,351.7710784912109,342.68275299072263,305.7593521118164,32.88774871826172,31.790283203125,32.3287467956543,287.7403205871582,274.74236991405485,0.0177687149047851,0.017049898147583,480.7686767578125,480.3132629394531,23.12231063842773,21.86067008972168,297698.7600326538,1261962.7952575684,1212402.2483825684,1213256.7405700684,12.015379905700684,11.964110374450684,739135.6945037842,317260.7183456421,308.2301010131836,257.7657236099243,302.9687084197998,308.1205505371093,6.842499732971191,34.880001068115234,29.94999885559082,0.0003235979207356,2978.9619140625,21.139636993408203,21.39874267578125,9.984000205993652,1.8756104707717896,1.5532493591308594,0.7000902891159058,0.9443278908729552,0.8576268553733826,2.038736581802368,267.45526123046875,20.61229705810547,683.2393798828125,286.0930480957031,2.568850040435791,1.2924340963363647,592.2001953125,700.8486328125,46.27449798583984,37.4
2025-02-06 12:29:44+01:00,10.0,2250.95703125,105.54025268554688,6.964410305023193,6.9925150871276855,5.255251884460449,3.0835211277008057,3.1007375717163086,280.4478796958923,278.88552989959715,278.89566984176633,351.7710784912109,342.68275299072263,305.7593521118164,32.88774871826172,31.810028076171875,32.318748474121094,287.73032035827634,274.76236989498136,0.0176152973175048,0.017070104598999,480.7066955566406,480.3614501953125,23.08988571166992,22.02516365051269,290984.9166870117,1266113.1858825684,1221069.2405700684,1221069.2405700684,11.999510765075684,12.039793968200684,723876.9054412842,310424.7808456421,307.9395240783691,258.1545166015625,302.9687084197998,308.13054885864256,6.857500076293945,34.849998474121094,29.959999084472656,0.0003239539930555,3031.511474609375,20.88002014160156,20.71296501159668,9.984000205993652,2.090130090713501,1.540761947631836,0.6865338683128357,0.9054075479507446,0.8524479866027832,2.085511445999145,269.0258178710937,20.804319381713867,683.0764770507812,286.1195068359375,2.5692169666290283,1.292494297027588,592.0233154296875,700.9484252929688,46.84458923339844,37.4
2025-02-06 12:29:46+01:00,10.0,2256.814697265625,105.38745880126952,6.998043537139893,7.034880638122559,5.285643100738525,3.109016895294189,3.125382661819458,280.4678796768188,278.895530128479,278.90567007064817,351.7710784912109,342.7127517700195,305.7393516540527,32.86774826049805,31.80670166015625,32.318748474121094,287.7103199005127,274.74236991405485,0.0177302989959716,0.017066026687622,480.682861328125,480.3240966796875,23.244857788085938,21.88391494750977,294265.5563354492,1260253.8108825684,1212402.2483825684,1205932.5218200684,12.020262718200684,11.989745140075684,730956.9835662842,311157.2027206421,308.0956100463867,258.4793094635009,302.9787086486816,308.13054885864256,6.862499713897705,34.86000061035156,29.979999542236328,0.0003242083062065,2969.795654296875,20.50386047363281,20.667530059814453,9.984000205993652,2.2784948348999023,1.503758192062378,0.6941332817077637,0.9227063059806824,0.8579232692718506,1.894054889678955,267.9878845214844,20.27130508422852,682.9280395507812,286.0917663574219,2.5680649280548096,1.2924118041992188,592.0177001953125,700.7993774414062,45.95771026611328,37.4
2025-02-06 12:29:48+01:00,10.0,2256.78857421875,105.38562393188477,6.997315168380737,7.039797067642212,5.289240598678589,3.10608184337616,3.124937415122986,280.47287979125974,278.895530128479,278.9106699466705,351.7810806274414,342.7127517700195,305.7393516540527,32.847747802734375,31.80670166015625,32.30874824523926,287.7053202629089,274.76236989498136,0.0177302989959716,0.017070966720581,480.7093200683594,480.3387298583984,23.244857788085938,21.92579936981201,291938.591003418,1257507.2288513184,1209594.6311950684,1208618.0686950684,12.019652366638184,12.000731468200684,736816.3585662842,309204.0777206421,308.0619300842285,258.4943803787231,302.98370876312254,308.13054885864256,6.867499828338623,34.880001068115234,29.979999542236328,0.0003242083062065,2981.9873046875,20.464953422546387,20.53676414489746,9.984000205993652,2.4062249660491943,1.542883813381195,0.6951521039009094,0.9199906587600708,0.8571737110614777,2.001908540725708,268.1381225585937,20.21774387359619,682.9145202636719,286.09007263183594,2.567668914794922,1.2923816442489624,591.9582824707031,700.7765197753906,,37.4
2025-02-06 12:29:50+01:00,10.0,2256.762451171875,105.3837890625,6.996586799621582,7.044713497161865,5.292838096618652,3.10314679145813,3.1244921684265137,280.47787990570066,278.895530128479,278.91566982269285,351.79108276367185,342.7127517700195,305.7393516540527,32.8277473449707,31.80670166015625,32.29874801635742,287.70032062530515,274.7823698759079,0.0177302989959716,0.01707590675354,480.73577880859375,480.3533630371094,23.244857788085938,21.967683792114254,289611.6256713867,1254760.6468200684,1206787.0140075684,1211303.6155700684,12.019042015075684,12.011717796325684,742675.7335662842,307250.9527206421,308.0282501220703,258.5094512939453,302.98870887756345,308.13054885864256,6.87999963760376,34.86000061035156,29.979999542236328,0.0003237505086263,2989.996826171875,20.42604637145996,20.40599822998047,9.984000205993652,2.5339550971984863,1.5820094347000122,0.6961709260940552,0.9172750115394592,0.8564241528511047,2.109762191772461,268.2883605957031,20.164182662963867,682.9010009765625,286.08837890625,2.567272901535034,1.292351484298706,591.8988647460938,700.753662109375,45.09105682373047,37.4
2025-02-06 12:29:52+01:00,10.0,2261.419189453125,105.14599609375,7.002442359924316,7.041926860809326,5.295106887817383,3.1013240814208984,3.13183856010437,280.45787992477415,278.86552991867063,278.93566980361936,351.79108276367185,342.7127517700195,305.7693504333496,32.86774826049805,31.786895751953125,32.27874755859375,287.7103199005127,274.7923699855804,0.0177532501220703,0.01707590675354,480.73577880859375,480.3403015136719,23.09894561767578,21.942907333374023,294112.9684448242,1257324.1233825684,1207519.4358825684,1212158.1077575684,12.027586936950684,11.994627952575684,736328.0773162842,311035.1324081421,308.09140625,258.215279006958,302.94870986938474,308.13054885864256,6.882500171661377,34.88999938964844,29.979999542236328,0.000323191019694,2965.4794921875,20.654590606689453,20.34347152709961,9.984000205993652,2.1466164588928223,1.5917415618896484,0.7016638517379761,0.9398711919784546,0.8592068552970886,2.1807422637939453,269.87255859375,21.21822166442871,682.7467651367188,286.09112548828125,2.56646466255188,1.292392373085022,591.99169921875,700.6018676757812,46.62294006347656,37.4
2025-02-06 12:29:54+01:00,10.0,2254.11376953125,105.44569396972656,6.988902568817139,7.039129734039307,5.293825626373291,3.1095428466796875,3.131890296936035,280.47787990570066,278.9155301094055,278.9456700325012,351.79108276367185,342.7327484130859,305.7693504333496,32.88774871826172,31.784454345703125,32.29874801635742,287.73032035827634,274.7923699855804,0.0177364349365234,0.0170461349487304,480.7300415039063,480.3560485839844,22.97401428222656,21.92707252502441,288238.3346557617,1261230.3733825684,1224609.2796325684,1219970.6077575684,11.989745140075684,11.988524436950684,726562.4523162842,312622.0464706421,308.175463104248,258.4190210342407,302.98870887756345,308.1505493164062,6.887499809265137,34.86000061035156,29.94999885559082,0.0003238013712565,2969.439453125,21.123693466186523,20.072126388549805,9.984000205993652,2.085901975631714,1.4484624862670898,0.7093058824539185,0.9397718906402588,0.8568572402000427,2.1395058631896973,268.302001953125,20.539257049560547,683.044189453125,286.1165466308594,2.56876277923584,1.2924014329910278,591.831298828125,700.8248291015625,47.76279830932617,37.4
2025-02-06 12:29:56+01:00,10.0,2256.659423828125,105.02484893798828,6.995843887329102,6.99923038482666,5.25649356842041,3.09602689743042,3.0975255966186523,280.4178799629211,278.88552989959715,278.93566980361936,351.8010772705078,342.7327484130859,305.7393516540527,32.847747802734375,31.786895751953125,32.29874801635742,287.7403205871582,274.7923699855804,0.0176278762817382,0.0171121959686279,480.75341796875,480.3276977539063,23.2844352722168,21.925567626953125,291290.0924682617,1265014.5530700684,1204345.6077575684,1199829.0061950684,12.034911155700684,12.027586936950684,724121.0460662842,302490.2105331421,307.76630249023435,258.5845426559448,302.98870887756345,308.1505493164062,6.889999866485596,34.86000061035156,29.959999084472656,0.000323191019694,3032.890869140625,20.61437225341797,20.89480400085449,9.984000205993652,2.3600780963897705,1.5620089769363403,0.693286657333374,0.9175868034362792,0.8506154417991638,2.0685067176818848,268.6707458496094,21.057466506958008,683.1723022460938,286.1176147460937,2.5690507888793945,1.2924044132232666,592.0677490234375,700.8067626953125,46.38475036621094,37.4
2025-02-06 12:29:58+01:00,10.0,2258.8270263671875,105.07128524780272,6.980849027633667,7.028592824935913,5.278473615646362,3.093291521072388,3.1145511865615845,280.4178799629211,278.86552991867063,278.9406699180603,351.7960800170898,342.7327484130859,305.7593521118164,32.847747802734375,31.78668212890625,32.30874824523926,287.74532022476194,274.78736993074415,0.0177010526657104,0.0170921897888183,480.75103759765625,480.31980895996094,23.271560668945312,21.89833641052246,289306.4498901367,1260986.2327575684,1205810.4515075684,1202331.4476013184,12.025145530700684,11.992186546325684,729186.9640350342,303161.5972518921,307.8761505126953,258.2402004241943,302.98870887756345,308.15555038452146,6.884999752044678,34.88999938964844,29.959999084472656,0.0003228858439127,2941.406982421875,20.576651573181152,20.99512767791748,9.984000205993652,2.3782118558883667,1.5401268005371094,0.693666011095047,0.9226589500904084,0.8552102446556091,2.124624490737915,268.42491149902344,20.939499855041504,683.2810668945312,286.1314849853516,2.570100784301758,1.2924604415893557,592.001708984375,700.9837646484375,,37.4
2025-02-06 12:30:00+01:00,10.0,2260.99462890625,105.1177215576172,6.965854167938232,7.057955265045166,5.3004536628723145,3.0905561447143555,3.1315767765045166,280.4178799629211,278.8455299377441,278.9456700325012,351.79108276367185,342.7327484130859,305.77935256958006,32.847747802734375,31.78646850585937,32.318748474121094,287.7503198623657,274.7823698759079,0.0177742290496826,0.0170721836090087,480.7486572265625,480.3119201660156,23.258686065673828,21.8711051940918,287322.8073120117,1256957.9124450684,1207275.2952575684,1204833.8890075684,12.015379905700684,11.956786155700684,734252.8820037842,303832.9839706421,307.9859985351562,257.8958581924438,302.98870887756345,308.1605514526367,6.884999752044678,34.88999938964844,30.0,0.0003226823594835,3046.81787109375,20.538930892944336,21.09545135498047,9.984000205993652,2.396345615386963,1.5182446241378784,0.69404536485672,0.9277310967445374,0.8598050475120544,2.1807422637939453,268.1790771484375,20.821533203125,683.3898315429688,286.1453552246094,2.571150779724121,1.2925164699554443,591.9356689453125,701.1607666015625,46.21642303466797,37.4
2025-02-06 12:30:02+01:00,10.0,2256.9970703125,104.7094268798828,6.989247798919678,7.068743705749512,5.316110610961914,3.099622964859009,3.134878158569336,280.4078797340393,278.7855299949646,278.93566980361936,351.81107940673826,342.7327484130859,305.78935089111326,32.847747802734375,31.78646850585937,32.27874755859375,287.73032035827634,274.7723698854446,0.0178100280761718,0.0170660457611083,480.763427734375,480.3515625,22.995471954345703,22.08824157714844,294112.9684448242,1249511.6233825684,1200805.5686950684,1219848.5374450684,12.025145530700684,12.027586936950684,736206.0070037842,313842.7495956421,307.84235229492185,257.9111684799194,302.9987091064453,308.1505493164062,6.8924994468688965,34.880001068115234,29.979999542236328,0.0003235979207356,2974.8681640625,21.180295944213867,20.35847282409668,9.984000205993652,1.9758630990982056,1.6557015180587769,0.7094885110855103,0.9476045966148376,0.8583472371101379,2.170740127563477,267.5372009277344,21.15463638305664,682.8449096679688,286.14373779296875,2.567220687866211,1.2924662828445437,591.8234252929688,700.6216430664062,48.11055755615234,37.4
2025-02-06 12:30:04+01:00,10.0,2261.019287109375,104.9668960571289,6.996943950653076,7.07023811340332,5.3122758865356445,3.0984086990356445,3.121325731277466,280.4078797340393,278.76553001403806,278.9456700325012,351.8210815429687,342.7627548217773,305.78935089111326,32.86774826049805,31.77154541015625,32.28874969482422,287.7403205871582,274.74236991405485,0.0178100280761718,0.0170660457611083,480.763427734375,480.2929992675781,22.995471954345703,21.776716232299805,291824.1500854492,1255859.2796325684,1228881.7405700684,1217651.2718200684,12.034911155700684,12.009276390075684,719604.4445037842,309326.1480331421,307.9986747741699,258.0178035736084,302.98870887756345,308.1705497741699,6.892499923706055,34.88999938964844,29.979999542236328,0.0003242591688368,3024.125,20.881988525390625,20.98907852172852,9.984000205993652,2.23213005065918,1.588724136352539,0.703068733215332,0.938867688179016,0.8575944304466248,2.1495041847229004,267.2094421386719,20.872295379638672,683.1272583007812,286.1465148925781,2.569732189178467,1.2925870418548584,592.0765380859375,701.0542602539062,49.36320114135742,37.4
2025-02-06 12:30:06+01:00,10.0,2255.193359375,105.0825424194336,7.018189430236816,7.051064968109131,5.295679092407227,3.109074354171753,3.123638153076172,280.3978799819946,278.7155298233032,278.91566982269285,351.8210815429687,342.7327484130859,305.78935089111326,32.86774826049805,31.7764892578125,32.28874969482422,287.7403205871582,274.74236991405485,0.0177572364807128,0.0170530166625976,480.75390625,480.2898559570313,23.11992645263672,21.68535804748535,286483.5739135742,1270141.5061950684,1206542.8733825684,1211181.5452575684,12.023924827575684,12.001952171325684,729492.1398162842,302490.2105331421,307.9522003173828,258.7565320968628,302.9987091064453,308.1605514526367,6.899999618530273,34.88999938964844,29.959999084472656,0.0003241574435763,2911.016357421875,20.93285751342773,20.71812057495117,9.984000205993652,2.1292896270751958,1.6854009628295898,0.699181854724884,0.9365806579589844,0.8573102355003357,2.030227899551392,266.9909362792969,20.99684715270996,683.3158569335938,286.1478271484375,2.5705721378326416,1.2925935983657837,592.0172119140625,701.1694946289062,47.43192672729492,37.4
2025-02-06 12:30:08+01:00,10.0,2251.76953125,104.98250579833984,7.01124382019043,7.025934219360352,5.280650615692139,3.1049933433532715,3.1114988327026367,280.4178799629211,278.6955298423767,278.90567007064817,351.81107940673826,342.7327484130859,305.77935256958006,32.847747802734375,31.782958984375,32.28874969482422,287.7503198623657,274.74236991405485,0.0176940822601318,0.0170515251159667,480.75103759765625,480.3258972167969,23.154258728027344,21.945913314819336,294494.4381713867,1260497.9515075684,1212890.5296325684,1206176.6624450684,12.032469749450684,11.998290061950684,737304.6398162842,312011.6949081421,308.30575408935545,257.9722322463989,302.9987091064453,308.1705497741699,6.909999847412109,34.89999771118164,29.94999885559082,0.0003238522338867,2980.073974609375,21.275487899780277,20.148853302001957,9.984000205993652,1.6981337070465088,1.6541903018951416,0.7026132345199585,0.9458898305892944,0.8549930453300476,1.875521898269653,266.949951171875,20.13418197631836,682.9990234375,286.1454467773437,2.568109035491944,1.292519211769104,591.9669799804688,700.821044921875,47.03813552856445,37.4
2025-02-06 12:30:10+01:00,10.0,2252.958984375,105.14292526245116,6.985088348388672,7.0242133140563965,5.278708934783936,3.101445317268372,3.1114639043807983,280.40787997245786,278.7005299568176,278.90567007064817,351.81107940673826,342.7477516174316,305.7943519592285,32.85774803161621,31.783355712890625,32.283748626708984,287.74532022476194,274.74236991405485,0.0177010889053344,0.0170552377700805,480.7448425292969,480.25852966308594,23.092269897460938,21.89345073699951,292777.82440185547,1258972.0726013184,1216308.4983825684,1207031.1546325684,12.026366233825684,11.995848655700684,733825.6359100342,310363.7456893921,308.10996475219724,257.8919428825378,302.9987091064453,308.1705497741699,6.914999961853027,34.88999938964844,29.979999542236328,0.0003230892944335,3046.95166015625,20.820743560791016,20.74525737762451,9.984000205993652,2.0493417978286743,1.6059752702713013,0.7014723718166351,0.9309183657169342,0.854038268327713,2.032990336418152,266.956787109375,20.690649032592773,682.8569641113281,286.1453857421875,2.568724036216736,1.2927693128585815,591.8995361328125,700.6407775878906,,37.4
2025-02-06 12:30:12+01:00,10.0,2254.1484375,105.3033447265625,6.958932876586914,7.022492408752441,5.276767253875732,3.097897291183472,3.11142897605896,280.3978799819946,278.7055300712585,278.90567007064817,351.81107940673826,342.7627548217773,305.80935134887693,32.86774826049805,31.78375244140625,32.27874755859375,287.7403205871582,274.74236991405485,0.0177080955505371,0.0170589504241943,480.7386474609375,480.191162109375,23.03028106689453,21.840988159179688,291061.2106323242,1257446.1936950684,1219726.4671325684,1207885.6468200684,12.020262718200684,11.993407249450684,730346.6320037842,308715.7964706421,307.91417541503904,257.81165351867674,302.9987091064453,308.1705497741699,6.917499542236328,34.90999984741211,29.959999084472656,0.0003246660698784,2929.08154296875,20.36599922180176,21.34166145324707,9.984000205993652,2.40054988861084,1.557760238647461,0.7003315091133118,0.915946900844574,0.8530834913253784,2.1904587745666504,266.963623046875,21.247116088867188,682.7149047851562,286.14532470703125,2.5693390369415283,1.293019413948059,591.8320922851562,700.4605102539062,47.2791862487793,37.4
2025-02-06 12:30:14+01:00,10.0,2254.02685546875,105.35545349121094,7.002445220947266,7.0549139976501465,5.300632953643799,3.107707977294922,3.1309938430786133,280.3578800201416,278.7055300712585,278.90567007064817,351.84107818603513,342.7827514648437,305.80935134887693,32.86774826049805,31.79046630859375,32.28874969482422,287.7403205871582,274.72236993312833,0.017786376953125,0.0170558166503906,480.73052978515625,480.2371520996094,23.08511734008789,21.715524673461918,287170.2194213867,1258911.0374450684,1209228.4202575684,1219604.3968200684,12.012938499450684,12.014159202575684,713500.9288787842,303955.0542831421,308.08720245361326,258.1469215393066,302.98870887756345,308.1705497741699,6.914999961853027,34.89999771118164,29.979999542236328,0.0003240048556857,2988.83984375,20.65483283996582,20.918088912963867,9.984000205993652,2.389975547790528,1.5522613525390625,0.7007394433021545,0.9295814037322998,0.8590251803398132,2.068735361099243,268.4522399902344,20.72836685180664,683.3461303710938,286.2320556640625,2.5708086490631104,1.292868971824646,592.0038452148438,701.1713256835938,47.947731018066406,37.4
2025-02-06 12:30:16+01:00,10.0,2259.092529296875,105.4368896484375,7.00574254989624,7.031671047210693,5.276107311248779,3.1160717010498047,3.1276042461395264,280.3578800201416,278.6755298614502,278.89566984176633,351.84107818603513,342.7827514648437,305.78935089111326,32.8277473449707,31.79046630859375,32.29874801635742,287.7503198623657,274.72236993312833,0.017786376953125,0.0170558166503906,480.75677490234375,480.2759094238281,23.08511734008789,22.06890106201172,293273.7350463867,1250488.1858825684,1215576.0765075684,1224975.4905700684,12.033690452575684,12.008055686950684,740722.6085662842,312255.8355331421,308.3267654418945,258.29090919494627,303.0087093353271,308.1805519104004,6.899999618530273,34.90999984741211,29.94999885559082,0.000323445332845,3008.195556640625,20.2659969329834,20.801591873168945,9.984000205993652,2.4251813888549805,1.6317424774169922,0.6884989142417908,0.913019359111786,0.8604099750518799,2.0757505893707275,267.2367553710937,20.68558120727539,682.91455078125,286.1756591796875,2.5674564838409424,1.292677879333496,592.1075439453125,700.6859741210938,46.060455322265625,37.4
2025-02-06 12:30:18+01:00,10.0,2246.48583984375,105.34050750732422,7.038023471832275,7.037078857421875,5.282498359680176,3.086968421936035,3.1132984161376958,280.34787979125974,278.6755298614502,278.86567010879514,351.8510803222656,342.7627548217773,305.78935089111326,32.8277473449707,31.780914306640625,32.27874755859375,287.7403205871582,274.69236996173856,0.01771821975708,0.0170712871551513,480.75677490234375,480.31060791015625,22.934436798095703,22.074382781982425,289611.6256713867,1262329.0061950684,1215698.1468200684,1212524.3186950684,12.032469749450684,12.003172874450684,733032.1788787842,307617.1636581421,308.16705932617185,258.25322952270506,302.9987091064453,308.1805519104004,6.892499923706055,34.90999984741211,29.959999084472656,0.0003246152072482,2980.07421875,20.829591751098636,20.63996315002441,9.984000205993652,2.213697910308838,1.587759017944336,0.6962395310401917,0.9333502054214478,0.8594220280647278,2.1085076332092285,268.2746887207031,20.39882469177246,683.3408813476562,286.1746520996094,2.5675265789031982,1.2926063537597656,591.978759765625,700.718994140625,48.64079666137695,37.4
2025-02-06 12:30:20+01:00,10.0,2254.8592529296875,105.2583236694336,7.0169336795806885,7.046757221221924,5.289796829223633,3.095544219017029,3.122151732444763,280.32787981033323,278.68552985191343,278.8756700992584,351.8460792541504,342.7727531433105,305.7993511199951,32.83774757385254,31.776412963867188,32.27874755859375,287.7403205871582,274.6823699712753,0.0177494640350341,0.0170681228637695,480.7696380615234,480.3263549804688,23.076295852661133,22.11237335205078,292205.6198120117,1261169.3382263184,1216552.6390075684,1214965.7249450684,12.030638694763184,12.013548851013184,730468.7023162842,311218.2378768921,308.1544498443604,258.2456468582153,302.9987091064453,308.1805519104004,6.904999732971191,34.91999816894531,29.979999542236328,0.0003233944702148,2945.32275390625,20.66302967071533,20.414298057556152,9.984000205993652,2.27899169921875,1.6173385977745056,0.694217324256897,0.928935170173645,0.8601777851581573,2.046790301799774,267.7830352783203,20.714938163757324,683.0945739746094,286.1595001220703,2.567135572433472,1.2925460934638977,591.8720397949219,700.6811218261719,,37.4
2025-02-06 12:30:22+01:00,10.0,2263.232666015625,105.17613983154295,6.995843887329102,7.056435585021973,5.29709529876709,3.1041200160980225,3.131005048751831,280.3078798294067,278.6955298423767,278.88567008972166,351.84107818603513,342.7827514648437,305.80935134887693,32.847747802734375,31.77191162109375,32.27874755859375,287.7403205871582,274.67236998081205,0.0177807083129882,0.0170649585723876,480.7825012207031,480.3421020507813,23.21815490722656,22.15036392211914,294799.6139526367,1260009.6702575684,1217407.1311950684,1217407.1311950684,12.028807640075684,12.023924827575684,727905.2257537842,314819.3120956421,308.1418403625488,258.2380641937256,302.9987091064453,308.1805519104004,6.902499675750732,34.89999771118164,29.959999084472656,0.0003227840847439,2994.4462890625,20.49646759033203,20.18863296508789,9.984000205993652,2.344285488128662,1.6469181776046753,0.6921951174736023,0.9245201349258424,0.8609335422515869,1.98507297039032,267.2913818359375,21.031051635742188,682.8482666015625,286.14434814453125,2.566744565963745,1.2924858331680298,591.7653198242188,700.6432495117188,44.968360900878906,37.4
2025-02-06 12:30:24+01:00,10.0,2260.1650390625,105.0994873046875,6.979346752166748,7.054314613342285,5.295034885406494,3.0933215618133545,3.126548290252685,280.3178800582885,278.7055300712585,278.86567010879514,351.8510803222656,342.7827514648437,305.80935134887693,32.83774948120117,31.78402709960937,32.27874755859375,287.7403205871582,274.67236998081205,0.0177741184234619,0.0170829925537109,480.7400817871094,480.2299499511719,23.11372756958008,21.99997901916504,291290.0924682617,1274536.0374450684,1227050.6858825684,1216186.4280700684,12.014159202575684,12.036131858825684,736328.0773162842,309448.2183456421,307.7493995666504,257.79634323120115,302.9987091064453,308.1805519104004,6.914999961853027,34.90999984741211,29.979999542236328,0.0003232418823242,2996.982421875,20.31350898742676,20.582149505615234,9.984000205993652,2.3206121921539307,1.6429684162139893,0.6931554079055786,0.9185160398483276,0.8592519164085388,2.166493654251098,268.68438720703125,20.73912811279297,683.0949096679688,286.2594299316406,2.5686495304107666,1.2929394245147705,591.9594116210938,700.812744140625,47.45232009887695,37.4
2025-02-06 12:30:26+01:00,10.0,2256.770751953125,105.27780151367188,7.018187046051025,7.062912940979004,5.303357124328613,3.085639238357544,3.1288232803344727,280.3578800201416,278.72553005218504,278.8556698799133,351.84107818603513,342.7627548217773,305.78935089111326,32.847747802734375,31.774444580078125,32.29874801635742,287.7503198623657,274.69236996173856,0.0177951602935791,0.0171308364868164,480.7901306152344,480.3155517578125,23.15521240234375,21.94095993041992,290679.7409057617,1268188.3811950684,1220092.6780700684,1218627.8343200684,12.037352561950684,12.008055686950684,728637.6476287842,308227.5152206421,308.23850479125974,257.9570421218872,302.9987091064453,308.1705497741699,6.914999485015869,34.90999984741211,29.959999084472656,0.0003232418823242,3023.235107421875,20.74121856689453,20.431264877319336,9.984000205993652,2.3242850303649902,1.6259865760803225,0.6998023390769958,0.9333093166351318,0.8588847517967224,2.1749863624572754,268.4931945800781,20.84786605834961,683.130615234375,286.2298583984375,2.567326068878174,1.2925406694412231,591.9201049804688,700.8272705078125,45.67548370361328,37.4
2025-02-06 12:30:28+01:00,10.0,2261.21533203125,105.26598358154295,6.986707210540772,7.121416091918945,5.354029655456543,3.097520589828491,3.157243013381958,280.3878797531128,278.7555297851562,278.8556698799133,351.8510803222656,342.7627548217773,305.78935089111326,32.847747802734375,31.774444580078125,32.28874969482422,287.7503198623657,274.69236996173856,0.0179576053619384,0.0170701751708984,480.7467346191406,480.3276977539063,23.081302642822266,22.176706314086918,291595.2682495117,1258300.6858825684,1217773.3421325684,1215698.1468200684,12.048338890075684,11.994627952575684,729614.2101287842,309692.3589706421,307.93530120849607,258.215279006958,302.9987091064453,308.1705497741699,6.914999961853027,34.90999984741211,29.959999084472656,0.0003228858439127,2984.2568359375,20.822410583496094,20.90094947814941,9.984000205993652,2.141958713531494,1.700847029685974,0.7062010169029236,0.9445602893829346,0.8656945824623108,2.136758804321289,267.9332580566406,20.985122680664062,682.7725219726562,286.1722106933594,2.566361904144287,1.2925710678100586,591.81640625,700.6300048828125,46.57081604003906,37.4
2025-02-06 12:30:30+01:00,10.0,2256.138671875,105.2900161743164,7.012964725494385,7.124642848968506,5.357747077941895,3.104304313659668,3.1537389755249023,280.45787992477415,278.8255299568176,278.88567008972166,351.84107818603513,342.7627548217773,305.81934967041013,32.847747802734375,31.780792236328125,32.28874969482422,287.7403205871582,274.72236993312833,0.0179576053619384,0.0170701751708984,480.7467346191406,480.2894287109375,23.081302642822266,21.99306869506836,289153.8619995117,1256957.9124450684,1212768.4593200684,1212890.5296325684,12.027586936950684,12.021483421325684,732788.0382537842,304687.4761581421,308.0113510131836,258.5471309661865,302.9987091064453,308.1805519104004,6.934999942779541,34.90999984741211,29.959999084472656,0.000323191019694,3046.32861328125,21.36874389648437,20.21107482910156,9.984000205993652,2.14573073387146,1.649946928024292,0.714119553565979,0.9648479223251344,0.8643760681152344,2.109762191772461,268.315673828125,20.286083221435547,683.007080078125,286.2285461425781,2.567821264266968,1.292761206626892,591.7479858398438,700.8613891601562,45.54881286621094,37.4
2025-02-06 12:30:32+01:00,10.0,2260.33154296875,105.43715286254884,7.000699520111084,7.100987911224365,5.335065364837647,3.1015658378601074,3.1451016664505005,280.44287981987,278.85053005218504,278.890669965744,351.84107818603513,342.7477516174316,305.81435050964353,32.847747802734375,31.774826049804688,32.283748626708984,287.74532022476194,274.7323699235916,0.0178971261978149,0.0170813789367675,480.7772521972656,480.2804260253906,23.07438850402832,21.89580249786377,288390.9225463867,1258483.7913513184,1216125.3929138184,1216613.6741638184,12.023314476013184,12.028807640075684,733764.6007537842,307800.2691268921,307.9036125183105,258.5132202148437,302.98870887756345,308.1805519104004,6.927499771118164,34.91999816894531,29.979999542236328,0.0003242591688368,2977.893798828125,20.82361125946045,20.396499633789062,10.283199787139893,2.217382788658142,1.688113510608673,0.7060278654098511,0.9468396604061128,0.8627837002277374,2.057326078414917,267.7489013671875,20.64412021636963,683.025634765625,286.2433166503906,2.568292021751404,1.2928298115730286,591.7606811523438,700.9724426269531,,37.4
2025-02-06 12:30:34+01:00,10.0,2264.5244140625,105.58428955078124,6.988434314727783,7.077332973480225,5.312383651733398,3.098827362060547,3.136464357376098,280.4278797149658,278.87553014755247,278.89566984176633,351.84107818603513,342.7327484130859,305.80935134887693,32.847747802734375,31.76885986328125,32.27874755859375,287.7503198623657,274.74236991405485,0.0178366470336914,0.0170925827026367,480.8077697753906,480.27142333984375,23.06747436523437,21.79853630065918,287627.9830932617,1260009.6702575684,1219482.3265075684,1220336.8186950684,12.019042015075684,12.036131858825684,734741.1632537842,310913.0620956421,307.7958740234375,258.4793094635009,302.9787086486816,308.1805519104004,6.932499885559082,34.90999984741211,29.979999542236328,0.000322580634223,2998.762451171875,20.278478622436523,20.58192443847656,10.582399368286133,2.289034843444824,1.7262800931930542,0.6979361772537231,0.9288313984870912,0.8611913323402405,2.004889965057373,267.18212890625,21.00215721130371,683.044189453125,286.2580871582031,2.56876277923584,1.292898416519165,591.7733764648438,701.08349609375,45.31118392944336,37.4
2025-02-06 12:30:36+01:00,10.0,2259.7060546875,105.49891662597656,7.017622470855713,7.035672187805176,5.28724479675293,3.109917402267456,3.1179161071777344,280.4078797340393,278.88552989959715,278.89566984176633,351.8210815429687,342.7627548217773,305.8393501281738,32.8277473449707,31.7791748046875,32.28874969482422,287.9103197097778,274.74236991405485,0.0177370586395263,0.01710813331604,480.75677490234375,480.2353820800781,23.09751510620117,21.846473693847656,292358.2077026367,1272949.1233825684,1215331.9358825684,1205810.4515075684,12.015379905700684,11.994627952575684,754272.3655700684,310790.9917831421,307.94375076293943,257.9798282623291,302.9987091064453,308.1705497741699,6.939999580383301,34.90999984741211,30.0,0.0003227840847439,3022.790283203125,20.67266845703125,20.468793869018555,10.582399368286133,2.078169345855713,1.58926260471344,0.6982585191726685,0.9290211200714112,0.8566547632217407,2.1534790992736816,267.6601257324219,20.771533966064453,683.0125122070312,286.2590637207031,2.568213701248169,1.2929282188415527,591.8771362304688,701.0062255859375,46.79092025756836,37.4
2025-02-06 12:30:38+01:00,10.0,2263.88427734375,105.22854614257812,7.000245571136475,7.073643684387207,5.312196254730225,3.102090120315552,3.134615659713745,280.4278797149658,278.87553014755247,278.91566982269285,351.8510803222656,342.7827514648437,305.81934967041013,32.8177490234375,31.77865600585937,32.28874969482422,288.3803199768066,274.76236989498136,0.0178164920806884,0.0183911209106445,480.75103759765625,480.24755859375,22.966384887695312,21.814870834350582,292281.9137573242,1265014.5530700684,1210571.1936950684,1216918.8499450684,12.032469749450684,11.993407249450684,745727.4913787842,311157.2027206421,307.68569412231443,258.1924928665161,303.0087093353271,308.20055236816404,6.932499885559082,34.91999816894531,30.0,0.0003224789089626,3017.3173828125,20.72296524047852,20.29847717285156,10.582399368286133,2.193697452545166,1.614754319190979,0.6944756507873535,0.9357940554618835,0.8619446754455566,2.033207416534424,265.8027648925781,21.015121459960938,683.2586669921875,286.23077392578125,2.5698280334472656,1.2929030656814575,591.8067626953125,701.0859985351562,46.49397277832031,37.4
2025-02-06 12:30:40+01:00,10.0,2271.226806640625,104.85018920898438,6.988436698913574,7.1663336753845215,5.3838090896606445,3.068100452423096,3.153560876846313,280.3978799819946,278.83553018569944,278.91566982269285,351.86108245849607,342.7827514648437,305.8293518066406,32.8177490234375,31.75897216796875,32.28874969482422,288.7503198623657,274.7723698854446,0.018064317703247,0.0182979660034179,480.7934875488281,480.2385559082031,23.105144500732425,22.13447570800781,297775.0539779663,1260009.6702575684,1214477.4436950684,1215698.1468200684,12.041014671325684,11.981200218200684,761718.6546325684,316650.3667831421,307.9606498718261,259.29776134490965,302.9987091064453,308.1805519104004,6.934999465942383,34.939998626708984,30.0,0.0003230892944335,2978.249755859375,20.468793869018555,20.25599670410156,10.582399368286133,1.9836030006408687,1.6796441078186035,0.6822073459625244,0.920201301574707,0.8689918518066406,2.081496000289917,268.0971374511719,19.975175857543945,683.0004272460938,286.2882995605469,2.567918062210083,1.2930554151535034,591.8576049804688,700.9613037109375,44.05441665649414,37.4
2025-02-06 12:30:42+01:00,10.0,2276.0194091796875,104.87838745117188,7.0052409172058105,7.169546365737915,5.385058879852295,3.0787893533706665,3.154674172401428,280.3928798675537,278.76553001403806,278.90066995620725,351.86108245849607,342.79274978637693,305.8343509674072,32.84274864196777,31.75897216796875,32.30874824523926,288.8553198814392,274.75736989974973,0.018064317703247,0.0182979660034179,480.7872772216797,480.2218627929688,23.105144500732425,22.04395198822021,299987.5783920288,1261962.7952575684,1216735.7444763184,1208740.1390075684,12.048338890075684,12.010497093200684,757446.1936950684,319641.0894393921,307.9690994262695,259.2351788520813,302.9987091064453,308.1905521392822,6.942500114440918,34.939998626708984,30.0,0.000322580634223,2967.170166015625,20.599830627441406,19.986652374267575,10.582399368286133,1.927183985710144,1.705672800540924,0.6895616352558136,0.9340578317642212,0.8681665062904358,2.1558274030685425,267.5440368652344,19.845443725585938,683.0491027832031,286.28814697265625,2.5680925846099854,1.293050765991211,591.7255554199219,700.9363403320312,,37.4
2025-02-06 12:30:43+01:00,10.0,2280.81201171875,104.90658569335938,7.022045135498047,7.172759056091309,5.386308670043945,3.0894782543182373,3.155787467956543,280.3878797531128,278.6955298423767,278.88567008972166,351.86108245849607,342.80274810791013,305.8393501281738,32.86774826049805,31.75897216796875,32.3287467956543,288.9603199005127,274.74236991405485,0.018064317703247,0.0182979660034179,480.7810668945313,480.2051696777344,23.105144500732425,21.953428268432617,302200.1028060913,1263915.9202575684,1218994.0452575684,1201782.1311950684,12.055663108825684,12.039793968200684,753173.7327575684,322631.8120956421,307.97754898071287,259.1725963592529,302.9987091064453,308.20055236816404,6.942500114440918,34.939998626708984,30.0,0.000322580634223,2967.170166015625,20.730867385864254,19.717308044433597,10.582399368286133,1.870764970779419,1.7317014932632446,0.6969159245491028,0.9479143619537354,0.867341160774231,2.230158805847168,266.9909362792969,19.71571159362793,683.0977783203125,286.2879943847656,2.568267107009888,1.2930461168289185,591.593505859375,700.911376953125,42.64346694946289,37.4
