source_folder,source_file,family,system_label,refrigerant,pi1,pi2,pi3,pi4,pi5,m_flow_g_s,m_flow_kg_s,Pin_Pa,Pout_Pa,deltaP_Pa,subcooling_K,Tin_K,rho_in_kg_m3,pcrit_Pa,tcrit_K,Aref_m2,Cd_true,dataset_sha256
Daten LOGIN,fixed_data_simple_35_R1234yf.pkl,35_R1234yf,simple,R1234yf,0.1651673009327786,0.016588326039741395,2.108017769899175,2.9456008742040344e-06,3.65461254119873,26643.447685241703,26.643447685241703,917535.400390625,358906.5551757813,558628.8452148438,6.102015733718872,302.9909203430931,1075.0380578627246,3382200.0,367.85,2.544690049407732e-06,302.11127566617233,ef9f2deacaaa2014b45f866e9128a6afbace73db67c4cfff732f8b3bb0ea91bd
Daten LOGIN,fixed_data_simple_35_R1234yf.pkl,35_R1234yf,simple,R1234yf,0.18099841865132163,0.01653531095134802,2.104643098252611,2.929580249355644e-06,2.9873056411743177,22643.739242553715,22.643739242553714,920156.25,307983.3984375,612172.8515625,6.082514133453369,303.1199663363331,1074.551302300929,3382200.0,367.85,2.544690049407732e-06,245.32829771276238,ef9f2deacaaa2014b45f866e9128a6afbace73db67c4cfff732f8b3bb0ea91bd
Daten LOGIN,fixed_data_simple_35_R1234yf.pkl,35_R1234yf,simple,R1234yf,0.19050622055471475,0.016375420303209914,2.1159195492338774,2.9832848321405057e-06,2.5305736064910893,19344.62417602539,19.34462417602539,911442.8710937499,267112.7319335937,644330.1391601562,6.023698358535767,302.8136799479829,1075.6852778176885,3382200.0,367.85,2.544690049407732e-06,204.1801750302126,ef9f2deacaaa2014b45f866e9128a6afbace73db67c4cfff732f8b3bb0ea91bd
Daten LOGIN,fixed_data_simple_35_R1234yf.pkl,35_R1234yf,simple,R1234yf,0.20716267174587724,0.01611815223522738,2.1228882924456407,3.01671881636487e-06,2.0367236137390123,14611.931228637697,14.611931228637697,906120.6054687499,205455.0170898439,700665.588378906,5.929062299728392,302.6840209355972,1076.1511266746618,3382200.0,367.85,2.544690049407732e-06,147.86510753678132,ef9f2deacaaa2014b45f866e9128a6afbace73db67c4cfff732f8b3bb0ea91bd
Daten LOGIN,fixed_data_simple_55_R1234yf.pkl,55_R1234yf,simple,R1234yf,0.3349848737046153,0.018190373514954998,1.598960807473889,1.022381594002589e-06,2.73890233039856,25446.474876403805,25.446474876403805,1490322.265625,357336.42578125,1132985.83984375,6.691328897476196,322.208745678859,997.5747335127112,3382200.0,367.85,2.544690049407732e-06,210.32591007769875,442a32d54e323887922674f6eed4dd2a59865c2792ea02a47974410b26b0a871
Daten LOGIN,fixed_data_simple_55_R1234yf.pkl,55_R1234yf,simple,R1234yf,0.34405127062844637,0.017232289663617888,1.6076297832665343,1.0469050885261253e-06,2.445679426193238,22120.371036529552,22.12037103652955,1476490.478515625,312840.2709960937,1163650.2075195312,6.338897752761841,322.1573303090214,997.6416767912727,3382200.0,367.85,2.544690049407732e-06,180.40310182610847,442a32d54e323887922674f6eed4dd2a59865c2792ea02a47974410b26b0a871
Daten LOGIN,fixed_data_simple_55_R1234yf.pkl,55_R1234yf,simple,R1234yf,0.35612052072476863,0.016497671706238663,1.6098919343834779,1.0533507232771022e-06,2.1433272361755384,18813.363304138184,18.813363304138186,1472912.59765625,268441.77246093756,1204470.8251953125,6.068668537139892,322.3226327881927,996.7914382860051,3382200.0,367.85,2.544690049407732e-06,150.87464485470107,442a32d54e323887922674f6eed4dd2a59865c2792ea02a47974410b26b0a871
Daten LOGIN,fixed_data_simple_55_R1234yf.pkl,55_R1234yf,simple,R1234yf,0.3696409393178811,0.016055187175046073,1.619603992884652,1.0812414307345602e-06,1.6371064329147351,13697.907619476327,13.697907619476327,1457697.75390625,207498.1689453125,1250199.5849609375,5.905900602340699,322.0370483179229,997.9773060792634,3382200.0,367.85,2.544690049407732e-06,107.75919429608699,442a32d54e323887922674f6eed4dd2a59865c2792ea02a47974410b26b0a871
Daten LOGIN,fixed_data_simple_35_R1234yf_R32_64_36.pkl,35_R1234yf_R32_64_36,simple,R1234yf_R32_64_36,0.2219637650801099,0.009893519484840121,1.1684687138618446,2.0237854995570436e-06,3.2261126041412376,29270.15544891357,29.27015544891357,1450249.0234375,497941.58935546875,952307.4340820312,3.553994235992432,302.93468083296864,1025.543098877064,4290373.4027863955,359.2244641998463,2.544690049407732e-06,260.2612995193644,4df3f819626f238fc391778b9d369db110f3e06be0042b605d867c2614dcd645
Daten LOGIN,fixed_data_simple_35_R1234yf_R32_64_36.pkl,35_R1234yf_R32_64_36,simple,R1234yf_R32_64_36,0.23463492643789946,0.00915024451844726,1.1679605487053062,2.0608424456252377e-06,2.702475829124451,25236.567478179928,25.23656747817993,1437150.87890625,430479.43115234375,1006671.4477539062,3.2869916844367975,302.8320819421767,1025.8874808468956,4290373.4027863955,359.2244641998463,2.544690049407732e-06,218.2160321460726,4df3f819626f238fc391778b9d369db110f3e06be0042b605d867c2614dcd645
Daten LOGIN,fixed_data_simple_35_R1234yf_R32_64_36.pkl,35_R1234yf_R32_64_36,simple,R1234yf_R32_64_36,0.24644590841823447,0.008430086362589502,1.1676495016149113,2.0810904672044773e-06,2.3600773811340323,21583.49594116211,21.58349594116211,1430117.1875,372772.216796875,1057344.970703125,3.028293256759645,302.8912946564597,1025.549042507141,4290373.4027863955,359.2244641998463,2.544690049407732e-06,182.13161218697235,4df3f819626f238fc391778b9d369db110f3e06be0042b605d867c2614dcd645
Daten LOGIN,fixed_data_simple_35_R1234yf_R32_64_36.pkl,35_R1234yf_R32_64_36,simple,R1234yf_R32_64_36,0.2620457554286845,0.007298236943155122,1.1670019780991505,2.1191584122389347e-06,1.8799999952316286,16551.63047790527,16.55163047790527,1417121.58203125,292847.4426269532,1124274.1394042969,2.621705255508423,302.9274264658165,1025.2587509745683,4290373.4027863955,359.2244641998463,2.544690049407732e-06,135.4684118949349,4df3f819626f238fc391778b9d369db110f3e06be0042b605d867c2614dcd645
newdata2,fixed_data_ihx_35_R1270.pkl,35_R1270,ihx,R1270,0.1660574987350782,0.006718264594381373,1.7104939308219775,2.2013175159861163e-06,10.0,19549.039077758785,19.549039077758785,1456457.51953125,700065.6127929689,756391.9067382811,2.4468658661842344,305.32525296972256,493.82611347759064,4555000.0,364.211,2.544690049407732e-06,281.07036837178657,5bc8b586deb2718e9dc43489e81e37e46cfb3eb36219c59dc0dd6de20034fe12
newdata2,fixed_data_ihx_35_R1270.pkl,35_R1270,ihx,R1270,0.18509644760651067,0.006994717401516212,1.713208463960051,2.213480762171238e-06,1.0,16528.74729156495,16.528747291564947,1452231.4453125,609117.1264648439,843114.3188476561,2.547553019523621,305.10049249768076,494.24912393949484,4555000.0,364.211,2.544690049407732e-06,224.99551636451687,5bc8b586deb2718e9dc43489e81e37e46cfb3eb36219c59dc0dd6de20034fe12
newdata2,fixed_data_ihx_35_R1270.pkl,35_R1270,ihx,R1270,0.20340712847746292,0.006475148649964135,1.716766173570157,2.2294617237246983e-06,1.7999999523162802,13710.064487457274,13.710064487457274,1446723.6328125,520204.16259765637,926519.4702148436,2.3583203649520876,305.12762455855375,494.1737862655106,4555000.0,364.211,2.544690049407732e-06,178.04200686221492,5bc8b586deb2718e9dc43489e81e37e46cfb3eb36219c59dc0dd6de20034fe12
newdata2,fixed_data_ihx_35_R1270.pkl,35_R1270,ihx,R1270,0.22964534487342203,0.006362834581441175,1.7228118122488356,2.2567212668533567e-06,1.1000000238418595,9973.787097930906,9.973787097930906,1437443.84765625,391409.3017578126,1046034.5458984374,2.317414345741272,304.8943938050904,494.59222322959175,4555000.0,364.211,2.544690049407732e-06,121.84663742478648,5bc8b586deb2718e9dc43489e81e37e46cfb3eb36219c59dc0dd6de20034fe12
Daten LOGIN,fixed_data_simple_35_R1270.pkl,35_R1270,simple,R1270,0.18938190615137895,0.017311223522197078,1.6785544540175648,2.0601742096422455e-06,2.9674057960510276,17979.869117736824,17.979869117736826,1507768.5546875,645133.9721679689,862634.5825195311,6.30493803024292,302.95303148718517,498.6055748909922,4555000.0,364.211,2.544690049407732e-06,240.9043483936895,f503e801edc5c02881552a35a20b326517df0b0de1d114d1a8e2ddd2002aa734
Daten LOGIN,fixed_data_simple_35_R1270.pkl,35_R1270,simple,R1270,0.2062052989503293,0.01627571633965572,1.684539035090009,2.0863434418518333e-06,2.4403721094131474,15362.86760330201,15.362867603302009,1497926.025390625,558660.888671875,939265.13671875,5.927794923782349,303.0480544684142,498.3873986869704,4555000.0,364.211,2.544690049407732e-06,197.30803461444088,f503e801edc5c02881552a35a20b326517df0b0de1d114d1a8e2ddd2002aa734
Daten LOGIN,fixed_data_simple_35_R1270.pkl,35_R1270,simple,R1270,0.21856066371947033,0.015582416470459926,1.6916064256351264,2.117412380861739e-06,2.102161979675293,13370.993766784675,13.370993766784675,1486440.4296875,490896.6064453126,995543.8232421874,5.675287485122681,302.9696273209919,498.49281177753556,4555000.0,364.211,2.544690049407732e-06,166.78391182493414,f503e801edc5c02881552a35a20b326517df0b0de1d114d1a8e2ddd2002aa734
Daten LOGIN,fixed_data_simple_35_R1270.pkl,35_R1270,simple,R1270,0.2348199670584351,0.013218181679371098,1.7114874160154037,2.2057660749980984e-06,1.7159263074398046,10304.949026107783,10.304949026107783,1454908.447265625,385303.49731445324,1069604.9499511719,4.814207167625427,302.9124630400209,498.481349706568,4555000.0,364.211,2.544690049407732e-06,124.01088285531776,f503e801edc5c02881552a35a20b326517df0b0de1d114d1a8e2ddd2002aa734
newdata2,fixed_data_simple_35_R1270_2.pkl,35_R1270_2,simple,R1270,0.18174654880025382,0.013342471527176946,1.7052715172186546,2.1779906477392076e-06,2.88191032409668,17779.480819702145,17.779480819702144,1464645.99609375,636790.4663085939,827855.5297851561,4.859474897384643,303.15230250992056,498.061403142269,4555000.0,364.211,2.544690049407732e-06,243.30468106929175,599825fcdb80c712f4c0b0f71310567db4382a9d3a2c195374f6aaac9069a3c4
newdata2,fixed_data_simple_35_R1270_2.pkl,35_R1270_2,simple,R1270,0.19791825228543497,0.013144286327961741,1.710070143450432,2.199420977398815e-06,2.488367795944211,15322.09703445434,15.322097034454341,1457119.140625,555601.5014648438,901517.6391601562,4.787293667793274,303.00422587164405,498.31498774265197,4555000.0,364.211,2.544690049407732e-06,200.87654492450358,599825fcdb80c712f4c0b0f71310567db4382a9d3a2c195374f6aaac9069a3c4
newdata2,fixed_data_simple_35_R1270_2.pkl,35_R1270_2,simple,R1270,0.21193610483414516,0.012417004877217279,1.7136519438141504,2.215470388388818e-06,2.160000085830689,13308.426666259757,13.308426666259757,1451542.96875,486174.01123046887,965368.9575195311,4.522409763336182,303.1053977798697,498.10066591856395,4555000.0,364.211,2.544690049407732e-06,168.64427415129606,599825fcdb80c712f4c0b0f71310567db4382a9d3a2c195374f6aaac9069a3c4
newdata2,fixed_data_simple_35_R1270_2.pkl,35_R1270_2,simple,R1270,0.2322294568125686,0.009417322891570391,1.7199646050508228,2.243867176576973e-06,1.721318483352661,10323.098182678217,10.323098182678217,1441801.7578125,383996.5820312501,1057805.17578125,3.429892587661744,303.91081441353873,496.5177813162692,4555000.0,364.211,2.544690049407732e-06,125.16702260906747,599825fcdb80c712f4c0b0f71310567db4382a9d3a2c195374f6aaac9069a3c4
newdata2,fixed_data_simple_35_R1270_3.pkl,35_R1270_3,simple,R1270,0.18128546872856063,0.014060735424302579,1.7030813337039443,2.1682366624088375e-06,2.9164824485778804,17900.24055480957,17.90024055480957,1468103.02734375,642347.7172851564,825755.3100585936,5.121074509620667,302.9915885844721,498.3810418308026,4555000.0,364.211,2.544690049407732e-06,245.1898757553153,2e8e69c7541a9af70b7e0e155e19ff7e083d969e8e638bd6a604209f67f5f776
newdata2,fixed_data_simple_35_R1270_3.pkl,35_R1270_3,simple,R1270,0.19816172293067372,0.01356718109853221,1.7072976799201554,2.187029361948813e-06,2.497648000717162,15401.092338562012,15.401092338562012,1461459.9609375,558833.3129882812,902626.6479492188,4.941316595077515,302.9773292994242,498.38282695883856,4555000.0,364.211,2.544690049407732e-06,201.77438174427667,2e8e69c7541a9af70b7e0e155e19ff7e083d969e8e638bd6a604209f67f5f776
newdata2,fixed_data_simple_35_R1270_3.pkl,35_R1270_3,simple,R1270,0.21368086612839596,0.013096942122512795,1.7096951020606983,2.197743119777666e-06,2.1301491260528578,13205.48561096191,13.20548561096191,1457705.078125,484388.73291015637,973316.3452148436,4.770050387382508,303.03864521161637,498.25161696047,4555000.0,364.211,2.544690049407732e-06,166.62997156125792,2e8e69c7541a9af70b7e0e155e19ff7e083d969e8e638bd6a604209f67f5f776
newdata2,fixed_data_simple_35_R1270_3.pkl,35_R1270_3,simple,R1270,0.2333290945947105,0.00715404498280282,1.7185170265891758,2.237342915771685e-06,1.7302703857421886,10212.893123626713,10.212893123626714,1444025.87890625,381211.85302734387,1062814.0258789062,2.605581877231598,304.8008007554248,494.8012286424129,4555000.0,364.211,2.544690049407732e-06,123.75275455115619,2e8e69c7541a9af70b7e0e155e19ff7e083d969e8e638bd6a604209f67f5f776
newdata2,fixed_data_simple_35_R1270_4.pkl,35_R1270_4,simple,R1270,0.18121465186779637,0.014138071702590007,1.7036126186689649,2.170601172627607e-06,2.8818974494934086,17834.232368469235,17.834232368469234,1467263.18359375,641830.4443359375,825432.7392578125,5.14924123287201,302.93892889050665,498.4781006890846,4555000.0,364.211,2.544690049407732e-06,244.30966296640807,1eeefe8f570324ab4bd110a250200c2069b60cfecfdea9e10e379a90944341ad
newdata2,fixed_data_simple_35_R1270_4.pkl,35_R1270_4,simple,R1270,0.19740283685510426,0.013604625484246884,1.7080276612664258,2.190289387018721e-06,2.467519044876099,15538.918247222895,15.538918247222895,1460314.94140625,561145.0195312501,899169.9218749999,4.954954252243042,302.9301851398501,498.4682370354267,4555000.0,364.211,2.544690049407732e-06,203.9535467319404,1eeefe8f570324ab4bd110a250200c2069b60cfecfdea9e10e379a90944341ad
newdata2,fixed_data_simple_35_R1270_4.pkl,35_R1270_4,simple,R1270,0.2105546065664448,0.012130814575635048,1.7125596041350328,2.2105709786369718e-06,2.155776500701901,13528.906478881838,13.528906478881838,1453239.74609375,494163.51318359387,959076.2329101561,4.418176107406617,303.2594960602591,497.812798939072,4555000.0,364.211,2.544690049407732e-06,172.0494195322905,1eeefe8f570324ab4bd110a250200c2069b60cfecfdea9e10e379a90944341ad
newdata2,fixed_data_simple_35_R1270_4.pkl,35_R1270_4,simple,R1270,0.23170023979915616,0.0068147419743491144,1.720948732117934,2.2483068972796937e-06,1.7263087034225477,10336.350364685048,10.336350364685048,1440292.96875,384898.3764648438,1055394.5922851562,2.4820039892196655,304.81410811368517,494.7603112745171,4555000.0,364.211,2.544690049407732e-06,125.69339974976057,1eeefe8f570324ab4bd110a250200c2069b60cfecfdea9e10e379a90944341ad
Daten LOGIN,fixed_data_simple_55_R1270.pkl,55_R1270,simple,R1270,0.40332922323082465,0.011755031281207596,1.3671389220985009,8.798923519299103e-07,1.3999999761581408,9433.971614837646,9.433971614837647,2226054.6875,388890.07568359375,1837164.6118164062,4.2813116979599,322.6796106571505,459.97048409959876,4555000.0,364.211,2.544690049407732e-06,90.17905044334226,f796b9c08cffcdcbea4cbd414f96c7e0eebdf22decebc8f5d82a86dd172498fb
Daten LOGIN,fixed_data_simple_55_R1270.pkl,55_R1270,simple,R1270,0.384808436706744,0.013203510817218928,1.3593172978312775,8.549829639078868e-07,1.7333325147628786,12585.581073760983,12.585581073760983,2251406.25,498603.82080078137,1752802.4291992188,4.808863878250123,322.69438006440816,460.09790813737015,4555000.0,364.211,2.544690049407732e-06,123.1492495448702,f796b9c08cffcdcbea4cbd414f96c7e0eebdf22decebc8f5d82a86dd172498fb
Daten LOGIN,fixed_data_simple_55_R1270.pkl,55_R1270,simple,R1270,0.3730884807431737,0.014136941166569732,1.3547824893393536,8.406518106774576e-07,1.9211109876632693,14562.426357269285,14.562426357269286,2266335.44921875,566917.4194335938,1699418.0297851562,5.148829479217529,322.67166941470873,460.24936248761054,4555000.0,364.211,2.544690049407732e-06,144.68954273995146,f796b9c08cffcdcbea4cbd414f96c7e0eebdf22decebc8f5d82a86dd172498fb
Daten LOGIN,fixed_data_simple_55_R1270.pkl,55_R1270,simple,R1270,0.35638735925065174,0.015035971176110718,1.352683744886676,8.340468355735627e-07,2.200000047683719,16907.797126770034,16.907797126770035,2273303.22265625,649958.8012695314,1623344.4213867188,5.476266098022461,322.49177304954645,460.7317345919287,4555000.0,364.211,2.544690049407732e-06,171.79389995232998,f796b9c08cffcdcbea4cbd414f96c7e0eebdf22decebc8f5d82a86dd172498fb
Daten LOGIN,fixed_data_simple_35_R1270_R600a_92_8.pkl,35_R1270_R600a_92_8,simple,R1270_R600a_92_8,0.17500174378840097,0.010465335253760873,1.7315961365655588,2.585081985484829e-06,2.300628423690799,13833.856964111326,13.833856964111327,1315712.890625,496586.60888671875,819126.2817382812,3.8947239828109743,303.0671550568319,506.4732389827997,4680674.969323206,372.1547268551524,2.544690049407732e-06,188.72946541721703,b39a6275571a45a5f8ee859e8f965b04d026914139968de4d0e96f8c9e3a0441
Daten LOGIN,fixed_data_simple_35_R1270_R600a_92_8.pkl,35_R1270_R600a_92_8,simple,R1270_R600a_92_8,0.18683616227917252,0.010504471049518975,1.733659368610489,2.5959289050788924e-06,2.0400798320770277,12119.957580566408,12.119957580566409,1312719.7265625,438200.37841796863,874519.3481445314,3.90928855419159,302.95561462191654,506.66293164838976,4680674.969323206,372.1547268551524,2.544690049407732e-06,159.99519253579325,b39a6275571a45a5f8ee859e8f965b04d026914139968de4d0e96f8c9e3a0441
Daten LOGIN,fixed_data_simple_35_R1270_R600a_92_8.pkl,35_R1270_R600a_92_8,simple,R1270_R600a_92_8,0.19679767151013805,0.009953092059294628,1.740714759389011,2.6331605673791017e-06,1.7881408929824818,10471.932106018048,10.471932106018048,1302568.359375,381422.42431640625,921145.9350585938,3.7040902566909786,302.83072140649034,506.8515601426023,4680674.969323206,372.1547268551524,2.544690049407732e-06,134.67045103274677,b39a6275571a45a5f8ee859e8f965b04d026914139968de4d0e96f8c9e3a0441
Daten LOGIN,fixed_data_simple_35_R1270_R600a_92_8.pkl,35_R1270_R600a_92_8,simple,R1270_R600a_92_8,0.2126567650582988,0.008829109271367187,1.746849995514419,2.6657121744395665e-06,1.4249165058135993,8000.412330627442,8.000412330627443,1293845.21484375,298468.01757812506,995377.197265625,3.2857947492599493,302.9638764667828,506.58250963916726,4680674.969323206,372.1547268551524,2.544690049407732e-06,99.00190281708315,b39a6275571a45a5f8ee859e8f965b04d026914139968de4d0e96f8c9e3a0441
Daten LOGIN,fixed_data_simple_55_R1270_R600a_92_8.pkl,55_R1270_R600a_92_8,simple,R1270_R600a_92_8,0.3383340228013862,0.014385515932508003,1.3704911257392594,9.771731343045872e-07,1.8886106348037717,13070.95594406128,13.07095594406128,2090522.4609375,506890.869140625,1583631.591796875,5.353637752532959,322.6522312029194,471.02163682046177,4680674.969323206,372.1547268551524,2.544690049407732e-06,132.9872343453121,73835ec158e10a5de4b0561bb89804957d6999be27b525cf4c0fdafb0ec7e027
Daten LOGIN,fixed_data_simple_55_R1270_R600a_92_8.pkl,55_R1270_R600a_92_8,simple,R1270_R600a_92_8,0.3470133917902684,0.013225892521438881,1.377463098671315,1.0026165312894516e-06,1.6470822095870985,11356.611747741692,11.356611747741692,2068725.5859375,444468.68896484363,1624256.8969726562,4.922078418731689,322.5769245374591,471.06800797396824,4680674.969323206,372.1547268551524,2.544690049407732e-06,114.08530929905781,73835ec158e10a5de4b0561bb89804957d6999be27b525cf4c0fdafb0ec7e027
Daten LOGIN,fixed_data_simple_55_R1270_R600a_92_8.pkl,55_R1270_R600a_92_8,simple,R1270_R600a_92_8,0.3581998942548155,0.012898010002362657,1.379531853563629,1.0102099732202501e-06,1.3872487807273859,9643.482437133789,9.64348243713379,2062332.7636718748,385715.48461914057,1676617.2790527341,4.800055389404298,322.54955640567033,471.09334894826856,4680674.969323206,372.1547268551524,2.544690049407732e-06,95.34843063292226,73835ec158e10a5de4b0561bb89804957d6999be27b525cf4c0fdafb0ec7e027
Daten LOGIN,fixed_data_simple_55_R1270_R600a_92_8.pkl,55_R1270_R600a_92_8,simple,R1270_R600a_92_8,0.37013370876893087,0.011673532128797922,1.38853787037353,1.043499776704727e-06,1.1286192488670352,7191.764125823975,7.191764125823974,2034892.578125,302416.9921875,1732475.5859375,4.3443601608276365,322.36018387783145,471.36183106345965,4680674.969323206,372.1547268551524,2.544690049407732e-06,69.93181144139581,73835ec158e10a5de4b0561bb89804957d6999be27b525cf4c0fdafb0ec7e027
Daten LOGIN,fixed_data_simple_35_R134a_2.pkl,35_R134a_2,simple,R134a,0.14210170200721015,0.01617271510702436,1.8676895892697278,4.035374191441122e-06,2.779438972473142,21891.026554107666,21.891026554107665,911241.4550781249,334410.8581542969,576830.596923828,6.0519917201995845,303.0738161623951,1188.7167509000467,4059280.0,374.21,2.544690049407732e-06,232.30197531117304,47147a7c3315b81daa2d6b189b27f470505fff2812fd79c63eea84bff4843042
Daten LOGIN,fixed_data_simple_35_R134a_2.pkl,35_R134a_2,simple,R134a,0.15008981686330458,0.014658559506269705,1.8828176392393396,4.13256145496257e-06,2.3290870189666717,18726.90086364745,18.72690086364745,898483.88671875,289227.294921875,609256.591796875,5.485379552841186,303.1297583356441,1188.405231042602,4059280.0,374.21,2.544690049407732e-06,193.3898276182798,47147a7c3315b81daa2d6b189b27f470505fff2812fd79c63eea84bff4843042
Daten LOGIN,fixed_data_simple_35_R134a_2.pkl,35_R134a_2,simple,R134a,0.15695267834789975,0.013183379777910518,1.8999539426769678,4.243885248454863e-06,2.0512075424194323,15935.887088775633,15.935887088775633,884377.44140625,247262.57324218756,637114.8681640625,4.933352546691895,303.1107408770053,1188.38787350076,4059280.0,374.21,2.544690049407732e-06,160.9305066987591,47147a7c3315b81daa2d6b189b27f470505fff2812fd79c63eea84bff4843042
Daten LOGIN,fixed_data_simple_35_R134a_2.pkl,35_R134a_2,simple,R134a,0.1714043372820272,0.012508080091721352,1.908125709630674,4.297433473712701e-06,1.4500000476837207,11293.368644714363,11.293368644714363,877775.8789062499,181997.68066406253,695778.1982421874,4.680648651123047,303.09385331960283,1188.4120893822796,4059280.0,374.21,2.544690049407732e-06,109.13264390076574,47147a7c3315b81daa2d6b189b27f470505fff2812fd79c63eea84bff4843042
Daten LOGIN,fixed_data_simple_55_R134a.pkl,55_R134a,simple,R134a,0.3043600430367077,0.020967774814097954,1.3744089100661891,1.4352737177654964e-06,2.0796940326690687,21046.76128387451,21.046761283874513,1571628.41796875,336145.7824707031,1235482.6354980469,7.846351013183595,322.46430280340104,1108.4086602678592,4059280.0,374.21,2.544690049407732e-06,158.04003155740634,f674bd1d297566eb8b48f6880c6aee865e9d6db3faf2d2b59551e4ead3bc87ab
Daten LOGIN,fixed_data_simple_55_R134a.pkl,55_R134a,simple,R134a,0.3125953114227038,0.020002376848148803,1.3807822346953769,1.4617183700128063e-06,1.89711594581604,17885.854988098145,17.885854988098146,1558455.810546875,289543.91479492193,1268911.8957519531,7.485089440345764,322.476087855921,1108.2138358816233,4059280.0,374.21,2.544690049407732e-06,132.53552340983035,f674bd1d297566eb8b48f6880c6aee865e9d6db3faf2d2b59551e4ead3bc87ab
Daten LOGIN,fixed_data_simple_55_R134a.pkl,55_R134a,simple,R134a,0.32283746647150174,0.02055061563376782,1.3814089809561885,1.4643291780642787e-06,1.5173809528350817,14923.721809387205,14.923721809387205,1557170.41015625,246682.73925781256,1310487.6708984375,7.690245876312256,322.23671011345834,1109.3713548342723,4059280.0,374.21,2.544690049407732e-06,108.76077956899769,f674bd1d297566eb8b48f6880c6aee865e9d6db3faf2d2b59551e4ead3bc87ab
Daten LOGIN,fixed_data_simple_55_R134a.pkl,55_R134a,simple,R134a,0.31884233773157583,0.014842624587341929,1.4230545915493722,1.6419237994802723e-06,1.1499999761581405,10459.66670989991,10.45966670989991,1475561.5234375,181291.19873046875,1294270.3247070312,5.554258546829223,322.1551338118691,1108.9238687698046,4059280.0,374.21,2.544690049407732e-06,76.71929340697811,f674bd1d297566eb8b48f6880c6aee865e9d6db3faf2d2b59551e4ead3bc87ab
Daten LOGIN,fixed_data_simple_35_R290.pkl,35_R290,simple,R290,0.1710846857509534,0.016833367482173792,1.7487726683884426,2.5411142068523483e-06,2.741122007369998,15000.138254165653,15.000138254165654,1249311.5234375,521996.3073730469,727315.2160644531,6.226494297981263,302.99643981909725,485.2446453103828,4251200.0,369.89,2.544690049407732e-06,221.87259350609426,936d7036dc66eac695c74c686911442cfacc3defd7c48f61326a9aa4788d4b0c
Daten LOGIN,fixed_data_simple_35_R290.pkl,35_R290,simple,R290,0.18422303004151766,0.016096404135773474,1.7560188088865232,2.5768830150555867e-06,2.3211300325393673,13032.281932830812,13.032281932830813,1239931.640625,456762.6953125001,783168.9453124999,5.95389892578125,302.9509009962895,485.28980115172504,4251200.0,369.89,2.544690049407732e-06,185.75574997981877,936d7036dc66eac695c74c686911442cfacc3defd7c48f61326a9aa4788d4b0c
Daten LOGIN,fixed_data_simple_35_R290.pkl,35_R290,simple,R290,0.19518414699452508,0.014879965176917897,1.7646422352262563,2.6197204210567368e-06,2.0064928531646715,11263.668785095213,11.263668785095213,1228918.45703125,399151.61132812506,829766.845703125,5.503950319290161,303.02506417841875,485.125625676187,4251200.0,369.89,2.544690049407732e-06,156.00008497128823,936d7036dc66eac695c74c686911442cfacc3defd7c48f61326a9aa4788d4b0c
Daten LOGIN,fixed_data_simple_35_R290.pkl,35_R290,simple,R290,0.21187247842337162,0.013628732536427506,1.7791292117944173,2.6923446817508085e-06,1.61864709854126,8627.042694091797,8.627042694091797,1210773.92578125,310061.6455078126,900712.2802734374,5.04113187789917,302.8633562728779,485.3383461088391,4251200.0,369.89,2.544690049407732e-06,114.65598060167233,936d7036dc66eac695c74c686911442cfacc3defd7c48f61326a9aa4788d4b0c
Daten LOGIN,fixed_data_simple_55_R290.pkl,55_R290,simple,R290,0.3679372423521594,0.013856857754816836,1.4040015575262876,1.0840179223632428e-06,1.310424582958222,8107.123756408691,8.107123756408692,1881618.6523437502,317443.8476562501,1564174.8046875,5.125513114929199,322.3875003069389,451.45748568028273,4251200.0,369.89,2.544690049407732e-06,84.77461788739204,5a52637b827ed4f9a4df76a67eba44595600dc7cdc787c1dcb1139e578bc91dc
Daten LOGIN,fixed_data_simple_55_R290.pkl,55_R290,simple,R290,0.3556801764014793,0.015286199444965705,1.391353095160464,1.0399086277433922e-06,1.6635822212696079,10545.20289421081,10.54520289421081,1914620.3613281252,402552.79541015637,1512067.5659179688,5.654212312698364,322.6802660994647,451.02038023277373,4251200.0,369.89,2.544690049407732e-06,112.20736620352649,5a52637b827ed4f9a4df76a67eba44595600dc7cdc787c1dcb1139e578bc91dc
Daten LOGIN,fixed_data_simple_55_R290.pkl,55_R290,simple,R290,0.3451628392470435,0.016542289716560778,1.3861683762381822,1.0220245110991221e-06,1.8902357411384587,12323.76371383667,12.32376371383667,1928432.6171875002,461076.35498046887,1467356.2622070312,6.118827543258666,322.5563627898572,451.3590938884727,4251200.0,369.89,2.544690049407732e-06,133.0652303484476,5a52637b827ed4f9a4df76a67eba44595600dc7cdc787c1dcb1139e578bc91dc
Daten LOGIN,fixed_data_simple_55_R290.pkl,55_R290,simple,R290,0.3332815719449435,0.01745136974856248,1.3805224342001627,1.0026798276895625e-06,2.108149042129516,14333.325061798087,14.333325061798087,1943666.9921875002,526820.3735351564,1416846.6186523438,6.455087156295776,322.59381386532965,451.3640864533993,4251200.0,369.89,2.544690049407732e-06,157.4969476557868,5a52637b827ed4f9a4df76a67eba44595600dc7cdc787c1dcb1139e578bc91dc
newdata,fixed_data_simple_B-3W35_R290.pkl,B-3W35_R290,simple,R290,0.1978107893157373,0.012481501123782652,1.785911809187179,2.7266299377391992e-06,1.1499999761581405,5939.840822219847,5.939840822219847,1202429.19921875,361495.97167968744,840933.2275390625,4.616782450675965,302.9981835300328,485.07994206535125,4251200.0,369.89,2.544690049407732e-06,81.7217206967811,567df573246234e64ffa218e4df1035430965cb9bad33c4e049f100d06470819
newdata,fixed_data_simple_B-3W35_R290.pkl,B-3W35_R290,simple,R290,0.19979380017884657,0.013386184170335784,1.7836152298625816,2.7150007595961275e-06,1.4038277077674877,7969.850082397461,7.969850082397461,1205244.140625,355880.7373046875,849363.4033203125,4.951415662765503,302.7613791859029,485.49277339271964,4251200.0,369.89,2.544690049407732e-06,109.05914926611848,567df573246234e64ffa218e4df1035430965cb9bad33c4e049f100d06470819
newdata,fixed_data_simple_B-3W35_R290.pkl,B-3W35_R290,simple,R290,0.20154817327772895,0.013829318111052225,1.7805011539073639,2.6992651127915135e-06,1.7893480062484701,9954.42859649658,9.95442859649658,1209078.369140625,352256.77490234375,856821.5942382812,5.115326476097107,302.73045240238264,485.55850917985214,4251200.0,369.89,2.544690049407732e-06,135.61273037746614,567df573246234e64ffa218e4df1035430965cb9bad33c4e049f100d06470819
newdata,fixed_data_simple_B-3W35_R290.pkl,B-3W35_R290,simple,R290,0.2010260033885653,0.013043680195938741,1.7834164608094702,2.7139952274435923e-06,2.1076468610763546,11984.57786560059,11.98457786560059,1205488.28125,350886.5356445312,854601.7456054688,4.824726867675781,302.89654482410884,485.263649324866,4251200.0,369.89,2.544690049407732e-06,163.5317499990873,567df573246234e64ffa218e4df1035430965cb9bad33c4e049f100d06470819
newdata,fixed_data_simple_B-3W35_R290.pkl,B-3W35_R290,simple,R290,0.20277635648280193,0.012841717815092357,1.7784271747979827,2.688806286457869e-06,2.719843406677246,15847.021160125727,15.847021160125728,1211643.06640625,349600.2197265625,862042.8466796875,4.750023002624512,303.1845361458124,484.7939428240425,4251200.0,369.89,2.544690049407732e-06,215.40447910554218,567df573246234e64ffa218e4df1035430965cb9bad33c4e049f100d06470819
newdata,fixed_data_simple_B-3W35_R290.pkl,B-3W35_R290,simple,R290,0.21155116519490086,0.01549882434245885,1.7642264358581439,2.617648185619578e-06,3.186066389083862,18874.171409606937,18.874171409606937,1229445.80078125,330099.4873046875,899346.3134765625,5.732860136032104,302.81420411783273,485.48612634258507,4251200.0,369.89,2.544690049407732e-06,250.99560344334319,567df573246234e64ffa218e4df1035430965cb9bad33c4e049f100d06470819
newdata,fixed_data_simple_B-3W50_R290.pkl,B-3W50_R290,simple,R290,0.3152331150156867,0.015319065925329799,1.4809764546337245,1.367004535892621e-06,0.9772000145912171,5548.48445892334,5.5484844589233395,1699899.9023437498,359780.8837890625,1340119.0185546873,5.666369295120239,317.12283076166744,461.2728308618015,4251200.0,369.89,2.544690049407732e-06,62.01173202090142,f8a910f886bec192b4ebc58f4596d662b65e0b6a06c2560193d2469066751603
newdata,fixed_data_simple_B-3W50_R290.pkl,B-3W50_R290,simple,R290,0.3165570963671839,0.014667154244737949,1.4798154183502354,1.3625519048099879e-06,1.2401910769939426,7531.037268638611,7.531037268638611,1702419.4335937502,356671.9055175781,1345747.528076172,5.42523368358612,317.4319426023369,460.67359079202225,4251200.0,369.89,2.544690049407732e-06,84.04782012455601,f8a910f886bec192b4ebc58f4596d662b65e0b6a06c2560193d2469066751603
newdata,fixed_data_simple_B-3W50_R290.pkl,B-3W50_R290,simple,R290,0.32099055131216625,0.015883068565408463,1.473854455860604,1.3397796880242534e-06,1.4733669781684855,9467.57966995239,9.467579669952391,1715454.1015625,350859.0698242188,1364595.0317382812,5.874988231658936,317.3326850376508,460.932895172092,4251200.0,369.89,2.544690049407732e-06,104.89827209571418,f8a910f886bec192b4ebc58f4596d662b65e0b6a06c2560193d2469066751603
newdata,fixed_data_simple_B-3W50_R290.pkl,B-3W50_R290,simple,R290,0.31841358476264786,0.014672922506030483,1.4784880325367764,1.3574681879536528e-06,1.7948918128013602,11580.330047607416,11.580330047607417,1705307.6171874998,351667.78564453125,1353639.8315429685,5.427367305755615,317.5076405506138,460.5374384029744,4251200.0,369.89,2.544690049407732e-06,128.8804413793323,f8a910f886bec192b4ebc58f4596d662b65e0b6a06c2560193d2469066751603
newdata,fixed_data_simple_B-3W50_R290.pkl,B-3W50_R290,simple,R290,0.32041949529507846,0.01504659450316185,1.4761510006563168,1.3485354822619348e-06,2.2986857700347914,15404.296646118177,15.404296646118176,1710412.59765625,348245.2392578125,1362167.3583984375,5.5655848407745365,317.5067570652356,460.5638820466379,4251200.0,369.89,2.544690049407732e-06,170.89596583933837,f8a910f886bec192b4ebc58f4596d662b65e0b6a06c2560193d2469066751603
newdata,fixed_data_simple_B-3W50_R290.pkl,B-3W50_R290,simple,R290,0.3251185935827678,0.015554281809848927,1.4669064033473738,1.3134234625167102e-06,2.8798314332962036,19617.088279724103,19.617088279724104,1730859.375,348715.2099609375,1382144.1650390625,5.75337329864502,317.86602919872183,459.94928245360256,4251200.0,369.89,2.544690049407732e-06,216.1986669926427,f8a910f886bec192b4ebc58f4596d662b65e0b6a06c2560193d2469066751603
newdata,fixed_data_simple_B-3W65_R290.pkl,B-3W65_R290,simple,R290,0.45816438019522426,0.015342740221819471,1.2633474408111605,6.32303723096115e-07,1.0883842897415212,7172.717552185058,7.172717552185058,2313461.9140625,365713.5009765625,1947748.4130859375,5.675126180648804,331.8440162902619,432.77088535518794,4251200.0,369.89,2.544690049407732e-06,68.6496602958242,0a635d475d6c9c6b3d00a3bc24a0857cd9f7bf40410c912b3028c88f61b28e57
newdata,fixed_data_simple_B-3W65_R290.pkl,B-3W65_R290,simple,R290,0.4640406219861451,0.015249244816585768,1.258866149038394,6.193341109920934e-07,1.340244336128234,9115.065860748291,9.115065860748292,2330004.8828125,357275.390625,1972729.4921875,5.64054316520691,332.233237232092,431.9400249713698,4251200.0,369.89,2.544690049407732e-06,86.76896725500978,0a635d475d6c9c6b3d00a3bc24a0857cd9f7bf40410c912b3028c88f61b28e57
newdata,fixed_data_simple_B-3W65_R290.pkl,B-3W65_R290,simple,R290,0.46127320771653446,0.014932844895297337,1.2618372627029601,6.279230368975559e-07,1.605547904968261,11150.987300872805,11.150987300872805,2319013.671875,358049.01123046875,1960964.6606445312,5.523509998321532,332.11485826410944,432.1490477913743,4251200.0,369.89,2.544690049407732e-06,106.44169164730094,0a635d475d6c9c6b3d00a3bc24a0857cd9f7bf40410c912b3028c88f61b28e57
newdata,fixed_data_simple_B-3W65_R290.pkl,B-3W65_R290,simple,R290,0.46990817769559917,0.01645820946352961,1.252923105844524,6.022718501503915e-07,2.0495533943176283,15036.571006774899,15.0365710067749,2352268.06640625,354594.42138671875,1997673.6450195312,6.087727098464967,332.26035861451976,432.03891050993974,4251200.0,369.89,2.544690049407732e-06,142.2247630612067,0a635d475d6c9c6b3d00a3bc24a0857cd9f7bf40410c912b3028c88f61b28e57
newdata,fixed_data_simple_B-3W65_R290.pkl,B-3W65_R290,simple,R290,0.4747560161551812,0.017665339107947094,1.2483298219838095,5.891926322998523e-07,2.291008024215698,17089.80644226075,17.08980644226075,2369733.88671875,351451.11083984375,2018282.7758789062,6.53423228263855,332.183608064507,432.3559085796462,4251200.0,369.89,2.544690049407732e-06,160.75909342077028,0a635d475d6c9c6b3d00a3bc24a0857cd9f7bf40410c912b3028c88f61b28e57
newdata,fixed_data_simple_B12W35_R290.pkl,B12W35_R290,simple,R290,0.1604851179657729,0.013904562792885915,1.781226422957045,2.7029265458536005e-06,1.2070410537719722,6012.352447509766,6.012352447509766,1208183.59375,525929.2602539062,682254.3334960938,5.143158731460571,302.6716139361359,485.6553957435682,4251200.0,369.89,2.544690049407732e-06,91.78195017395109,04e5d2544da4178cd1e5f266d92f054dcabd4c9bc53790a4137877da8cbe5641
newdata,fixed_data_simple_B12W35_R290.pkl,B12W35_R290,simple,R290,0.16212513628964323,0.013460863193793613,1.7774032083961153,2.683648781288664e-06,1.6693999576568614,8927.920742034912,8.927920742034912,1212912.59765625,523686.21826171875,689226.3793945312,4.979038686752319,302.99941604281605,485.11405749736775,4251200.0,369.89,2.544690049407732e-06,135.6742911682571,04e5d2544da4178cd1e5f266d92f054dcabd4c9bc53790a4137877da8cbe5641
newdata,fixed_data_simple_B12W35_R290.pkl,B12W35_R290,simple,R290,0.16439335212520875,0.014164183318925964,1.7707432687566211,2.650204675439462e-06,2.1594820022583003,12022.097854614254,12.022097854614254,1221223.14453125,522354.1259765625,698869.0185546875,5.239189767837525,303.025785057577,485.0978316692972,4251200.0,369.89,2.544690049407732e-06,181.4336377958222,04e5d2544da4178cd1e5f266d92f054dcabd4c9bc53790a4137877da8cbe5641
newdata,fixed_data_simple_B12W35_R290.pkl,B12W35_R290,simple,R290,0.16496268528316269,0.014995332723206734,1.7665179222785032,2.6290768215472113e-06,2.717225666046143,15254.275836944591,15.254275836944592,1226544.189453125,525254.8217773438,701289.3676757812,5.546623620986939,302.9010549334655,485.32849954950393,4251200.0,369.89,2.544690049407732e-06,229.76040136102682,04e5d2544da4178cd1e5f266d92f054dcabd4c9bc53790a4137877da8cbe5641
newdata,fixed_data_simple_B12W35_R290.pkl,B12W35_R290,simple,R290,0.16642729501146367,0.01575574400735058,1.7632669787947177,2.6128691018029437e-06,3.210000038146972,18144.09717559815,18.14409717559815,1230664.0625,523148.3459472656,707515.7165527344,5.827892150878906,302.7608487363241,485.58093929830954,4251200.0,369.89,2.544690049407732e-06,272.01109113320246,04e5d2544da4178cd1e5f266d92f054dcabd4c9bc53790a4137877da8cbe5641
newdata,fixed_data_simple_B12W35_R290.pkl,B12W35_R290,simple,R290,0.17175297563041023,0.017207569995933654,1.7434613447366236,2.515027882940773e-06,4.226064682006838,24332.248992919922,24.332248992919922,1256260.986328125,526104.736328125,730156.25,6.364908065795899,303.09260347978835,485.1049863373371,4251200.0,369.89,2.544690049407732e-06,359.2581173426118,04e5d2544da4178cd1e5f266d92f054dcabd4c9bc53790a4137877da8cbe5641
newdata,fixed_data_simple_B12W35_R290.pkl,B12W35_R290,simple,R290,0.17346323635688526,0.016437047724628548,1.7478118802080997,2.5363870798489458e-06,4.721285820007322,26782.33383178711,26.78233383178711,1250563.96484375,513137.0544433594,737426.9104003906,6.079899582862853,303.1853807811778,484.9273070870404,4251200.0,369.89,2.544690049407732e-06,393.5507264008767,04e5d2544da4178cd1e5f266d92f054dcabd4c9bc53790a4137877da8cbe5641
newdata,fixed_data_simple_B12W50_R290.pkl,B12W50_R290,simple,R290,0.275865065948291,0.015569625333579595,1.4764169731318122,1.349550947030315e-06,0.9514484804868698,5630.556516647339,5.630556516647339,1709830.3222656248,537072.75390625,1172757.5683593748,5.759048714637756,317.2976440517758,460.97514915565324,4251200.0,369.89,2.544690049407732e-06,67.29124347844864,724c70e8d830fd59ca37cf1165495d577205fe77abf3f7cde841fd130bc4e492
newdata,fixed_data_simple_B12W50_R290.pkl,B12W50_R290,simple,R290,0.2780103844989723,0.01522011991390144,1.475316708650757,1.3453521239651946e-06,1.3361898708343505,8543.762474060059,8.543762474060058,1712241.2109374998,530363.4643554688,1181877.746582031,5.629770154953003,317.4916918505062,460.6025926461457,4251200.0,369.89,2.544690049407732e-06,101.75360619326968,724c70e8d830fd59ca37cf1165495d577205fe77abf3f7cde841fd130bc4e492
newdata,fixed_data_simple_B12W50_R290.pkl,B12W50_R290,simple,R290,0.2820774088419152,0.016309171379258698,1.4696258764884178,1.3237153283341323e-06,1.8269209861755382,11545.184440612786,11.545184440612786,1724802.2460937498,525634.765625,1199167.4804687498,6.032599401473999,317.42523946636413,460.79479927868664,4251200.0,369.89,2.544690049407732e-06,136.47631270325036,724c70e8d830fd59ca37cf1165495d577205fe77abf3f7cde841fd130bc4e492
newdata,fixed_data_simple_B12W50_R290.pkl,B12W50_R290,simple,R290,0.28459877729146704,0.017004890741488886,1.4645615218893155,1.3045740248302193e-06,2.1986192154884336,14648.838825225825,14.648838825225825,1736110.8398437502,526224.5178222656,1209886.3220214846,6.289939036369324,317.4692016283242,460.76227740788346,4251200.0,369.89,2.544690049407732e-06,172.40210718467867,724c70e8d830fd59ca37cf1165495d577205fe77abf3f7cde841fd130bc4e492
newdata,fixed_data_simple_B12W50_R290.pkl,B12W50_R290,simple,R290,0.290052954487483,0.017971357930176783,1.4555656175136593,1.270837189128421e-06,2.6377457761764522,17629.117851257317,17.629117851257316,1756507.568359375,523434.4482421875,1233073.1201171875,6.6474255847930905,317.6515320656214,460.49972293436093,4251200.0,369.89,2.544690049407732e-06,205.57561099835493,724c70e8d830fd59ca37cf1165495d577205fe77abf3f7cde841fd130bc4e492
newdata,fixed_data_simple_B12W50_R290.pkl,B12W50_R290,simple,R290,0.295883971226139,0.019589510247340545,1.4451679270825293,1.2322653606879442e-06,3.435548672676086,23505.988540649418,23.50598854064942,1780588.3789062498,522726.4404296875,1257861.9384765623,7.245963945388794,317.6844159437895,460.5508622365505,4251200.0,369.89,2.544690049407732e-06,271.3771909967176,724c70e8d830fd59ca37cf1165495d577205fe77abf3f7cde841fd130bc4e492
newdata,fixed_data_simple_B12W50_R290.pkl,B12W50_R290,simple,R290,0.3009925357013167,0.020051155032578906,1.4410617139891788,1.2171576242397118e-06,4.147958507537841,29133.272171020504,29.133272171020504,1790251.46484375,510671.9970703125,1279579.4677734375,7.416721735000611,317.765269309165,460.43750562236727,4251200.0,369.89,2.544690049407732e-06,333.51886112889895,724c70e8d830fd59ca37cf1165495d577205fe77abf3f7cde841fd130bc4e492
newdata,fixed_data_simple_B12W65_R290.pkl,B12W65_R290,simple,R290,0.42494722537901064,0.016602031486342303,1.2567238645844312,6.131655504731021e-07,1.1931684708595278,7861.09347820282,7.86109347820282,2337987.060546875,531451.416015625,1806535.64453125,6.140925426483154,331.90329920617864,432.8062871208155,4251200.0,369.89,2.544690049407732e-06,78.12014186041125,2bbd8c857fa16d231d7e5a43e10ffd8679f503e860350f488b1c2a00104759a1
newdata,fixed_data_simple_B12W65_R290.pkl,B12W65_R290,simple,R290,0.43167355458091244,0.017311374179902275,1.2498679103247035,5.935617940844423e-07,1.5890244030952443,10849.684906005858,10.849684906005859,2363859.86328125,528729.248046875,1835130.615234375,6.403304195404052,332.19041032597835,432.29595548114577,4251200.0,369.89,2.544690049407732e-06,107.03927524060555,2bbd8c857fa16d231d7e5a43e10ffd8679f503e860350f488b1c2a00104759a1
newdata,fixed_data_simple_B12W65_R290.pkl,B12W65_R290,simple,R290,0.4394832032490459,0.01910965806643985,1.2418328915825159,5.708538819399602e-07,1.8988606643676753,13931.410751342768,13.931410751342769,2394833.984375,526502.9907226562,1868330.9936523438,7.068471422195435,332.1771854067119,432.55613753832455,4251200.0,369.89,2.544690049407732e-06,136.1748981735568,2bbd8c857fa16d231d7e5a43e10ffd8679f503e860350f488b1c2a00104759a1
newdata,fixed_data_simple_B12W65_R290.pkl,B12W65_R290,simple,R290,0.4496294078317225,0.0214491869212196,1.2311543637767761,5.411228719450763e-07,2.2261896133422883,16917.304954528805,16.917304954528806,2437131.34765625,525666.8090820312,1911464.5385742188,7.933839750289917,332.19195714481907,432.82938015495637,4251200.0,369.89,2.544690049407732e-06,163.43301762551917,2bbd8c857fa16d231d7e5a43e10ffd8679f503e860350f488b1c2a00104759a1
newdata,fixed_data_simple_B12W65_R290.pkl,B12W65_R290,simple,R290,0.4608807547629934,0.023885766298812353,1.2187112864599732,5.071262689150696e-07,2.863331079483031,22938.787536621094,22.938787536621096,2488132.32421875,528836.0595703125,1959296.2646484375,8.835106096267701,332.3368111531202,432.84976321250554,4251200.0,369.89,2.544690049407732e-06,218.87790445091466,2bbd8c857fa16d231d7e5a43e10ffd8679f503e860350f488b1c2a00104759a1
newdata,fixed_data_simple_B12W65_R290.pkl,B12W65_R290,simple,R290,0.47079358371882496,0.0249047784568871,1.2143909778170119,4.954859585180412e-07,2.990243701934814,23809.58911895752,23.80958911895752,2506291.50390625,504853.82080078137,2001437.6831054688,9.212028503417969,332.3284706446759,433.0013927595798,4251200.0,369.89,2.544690049407732e-06,224.74308012301077,2bbd8c857fa16d231d7e5a43e10ffd8679f503e860350f488b1c2a00104759a1
newdata,fixed_data_simple_B2W35_R290.pkl,B2W35_R290,simple,R290,0.18646023441267318,0.013523175673923235,1.7803676735947227,2.698591478762992e-06,0.9700000000000002,4640.116205215454,4.640116205215454,1209243.1640625,416563.41552734375,792679.7485351562,5.0020874500274655,302.84940015491196,485.35682225494696,4251200.0,369.89,2.544690049407732e-06,65.73543131635724,8527446be505a216a7db933e163be51d80abc6bc4152276c1bbee8df37125695
newdata,fixed_data_simple_B2W35_R290.pkl,B2W35_R290,simple,R290,0.187421087308804,0.01354882247179377,1.7823382945178956,2.7085437072854787e-06,1.2684400010108938,6867.336807250977,6.867336807250977,1206813.96484375,410049.4384765625,796764.5263671875,5.011573944091797,302.7557050918227,485.50781314864696,4251200.0,369.89,2.544690049407732e-06,97.02314579060898,8527446be505a216a7db933e163be51d80abc6bc4152276c1bbee8df37125695
newdata,fixed_data_simple_B2W35_R290.pkl,B2W35_R290,simple,R290,0.19021427267962573,0.013453447305359151,1.7776649403799873,2.684966678583106e-06,1.5844018316268906,9113.86137008667,9.11386137008667,1212587.890625,403948.9746093751,808638.9160156249,4.976295623779296,302.9909351671533,485.1273853312605,4251200.0,369.89,2.544690049407732e-06,127.86371377759194,8527446be505a216a7db933e163be51d80abc6bc4152276c1bbee8df37125695
newdata,fixed_data_simple_B2W35_R290.pkl,B2W35_R290,simple,R290,0.1922162349932078,0.014602557435007732,1.775021418990752,2.6716681506991953e-06,2.027680063247682,11356.04890823365,11.35604890823365,1215874.0234375,398724.36523437494,817149.658203125,5.40133996963501,302.67937914184455,485.66856946870763,4251200.0,369.89,2.544690049407732e-06,158.4005057483913,8527446be505a216a7db933e163be51d80abc6bc4152276c1bbee8df37125695
newdata,fixed_data_simple_B2W35_R290.pkl,B2W35_R290,simple,R290,0.19403528709540835,0.014201081792701528,1.7709592690202927,2.6512866223409484e-06,2.377690315246581,13593.026885986328,13.593026885986328,1220952.1484375,396069.3359375,824882.8125,5.252838144302368,303.0028161690582,485.13602109684615,4251200.0,369.89,2.544690049407732e-06,188.8158283507113,8527446be505a216a7db933e163be51d80abc6bc4152276c1bbee8df37125695
newdata,fixed_data_simple_B2W35_R290.pkl,B2W35_R290,simple,R290,0.19731539552894625,0.01613476941009879,1.7583538397364236,2.588453475733078e-06,3.099999904632569,18186.833457946777,18.18683345794678,1236933.59375,398106.38427734375,838827.2094726562,5.9680898571014405,302.8346551366477,485.4770927897644,4251200.0,369.89,2.544690049407732e-06,250.43012739821683,8527446be505a216a7db933e163be51d80abc6bc4152276c1bbee8df37125695
newdata,fixed_data_simple_B2W35_R290.pkl,B2W35_R290,simple,R290,0.20216574649143182,0.015555396548358863,1.7586034826547496,2.5896917699254484e-06,3.7599999904632573,21845.205039978027,21.845205039978026,1236613.76953125,377166.748046875,859447.021484375,5.75378562927246,303.03806171945695,485.13004868748084,4251200.0,369.89,2.544690049407732e-06,297.28130093946737,8527446be505a216a7db933e163be51d80abc6bc4152276c1bbee8df37125695
newdata,fixed_data_simple_B2W50_R290.pkl,B2W50_R290,simple,R290,0.3043219609775622,0.015372649819354156,1.4788938152881894,1.3590215054203458e-06,1.097647862434387,6467.321290969849,6.467321290969849,1704423.828125,410690.3076171876,1293733.5205078125,5.6861894416809085,317.22501210482653,461.0927418085678,4251200.0,369.89,2.544690049407732e-06,73.57969598394877,f01183a5fe4792ee0ccf78fd9cb885f3aa59e67eb9afdd62384f34e4df694a3e
newdata,fixed_data_simple_B2W50_R290.pkl,B2W50_R290,simple,R290,0.306379987998793,0.015379544872543931,1.4768092383374178,1.3510491264902775e-06,1.345422434806823,8747.664966583252,8.747664966583253,1708972.16796875,406489.56298828125,1302482.6049804688,5.688739852905274,317.3448821626536,460.8775916430463,4251200.0,369.89,2.544690049407732e-06,99.21183665688517,f01183a5fe4792ee0ccf78fd9cb885f3aa59e67eb9afdd62384f34e4df694a3e
newdata,fixed_data_simple_B2W50_R290.pkl,B2W50_R290,simple,R290,0.30917927516238064,0.015094112591260174,1.4722320270258327,1.3336072719369462e-06,1.74949049949646,11112.153244018567,11.112153244018568,1719030.76171875,404647.8271484375,1314382.9345703125,5.583161306381226,317.72034488586354,460.1815393408355,4251200.0,369.89,2.544690049407732e-06,125.55175287672957,f01183a5fe4792ee0ccf78fd9cb885f3aa59e67eb9afdd62384f34e4df694a3e
newdata,fixed_data_simple_B2W50_R290.pkl,B2W50_R290,simple,R290,0.31257025675976413,0.0167003694913977,1.466562266011778,1.3121232722038478e-06,2.073364193439486,13404.256086349484,13.404256086349484,1731628.41796875,402829.7424316406,1328798.6755371094,6.177299671173095,317.46258601942645,460.7537772641995,4251200.0,369.89,2.544690049407732e-06,150.53198258648808,f01183a5fe4792ee0ccf78fd9cb885f3aa59e67eb9afdd62384f34e4df694a3e
newdata,fixed_data_simple_B2W50_R290.pkl,B2W50_R290,simple,R290,0.31245744537939285,0.01639343672591007,1.466860503568332,1.3132500193185484e-06,2.6329282331466675,17921.837463378903,17.921837463378903,1730961.9140625,402642.822265625,1328319.091796875,6.063768310546875,317.5583656654106,460.5608921297448,4251200.0,369.89,2.544690049407732e-06,201.3436367137796,f01183a5fe4792ee0ccf78fd9cb885f3aa59e67eb9afdd62384f34e4df694a3e
newdata,fixed_data_simple_B2W50_R290.pkl,B2W50_R290,simple,R290,0.321673880316146,0.018190788698684995,1.4560750501822768,1.272738645387481e-06,3.2011106777191163,21842.201576232907,21.842201576232906,1755341.796875,387841.79687500006,1367500.0,6.728590831756592,317.5396381160002,460.71556264112485,4251200.0,369.89,2.544690049407732e-06,241.80563231350567,f01183a5fe4792ee0ccf78fd9cb885f3aa59e67eb9afdd62384f34e4df694a3e
newdata,fixed_data_simple_B2W65_R290.pkl,B2W65_R290,simple,R290,0.4457686958700632,0.01604432571626882,1.2618445525600082,6.279441587777329e-07,1.0073999929428121,6031.80106163025,6.03180106163025,2318986.81640625,423934.9365234375,1895051.8798828125,5.934635639190674,331.7031564069056,433.1544124393091,4251200.0,369.89,2.544690049407732e-06,58.50125684604596,07aaa2941c92270d42259117555fdea6b791250bc264a886505af82ff60c5203
newdata,fixed_data_simple_B2W65_R290.pkl,B2W65_R290,simple,R290,0.44972796973134055,0.015713287491091826,1.261031656037506,6.255903007119295e-07,1.197580814361571,8163.402061462402,8.163402061462403,2321984.86328125,410101.318359375,1911883.544921875,5.812187910079956,331.8899000645392,432.7215235538264,4251200.0,369.89,2.544690049407732e-06,78.86536741277494,07aaa2941c92270d42259117555fdea6b791250bc264a886505af82ff60c5203
newdata,fixed_data_simple_B2W65_R290.pkl,B2W65_R290,simple,R290,0.4569671007758655,0.01654884317546528,1.2543182578750613,6.062631409658605e-07,1.4656807100772873,10345.877265930165,10.345877265930165,2347008.056640625,404349.5178222656,1942658.5388183594,6.121251602172851,332.11507630106564,432.35573576304625,4251200.0,369.89,2.544690049407732e-06,99.19701061758967,07aaa2941c92270d42259117555fdea6b791250bc264a886505af82ff60c5203
newdata,fixed_data_simple_B2W65_R290.pkl,B2W65_R290,simple,R290,0.4654492746854932,0.017951750098497136,1.2465607178868892,5.841803105088779e-07,1.739213585853578,12486.661996841427,12.486661996841427,2376522.216796875,397804.2602539062,1978717.9565429688,6.640172843933105,332.2208272042649,432.3150599811045,4251200.0,369.89,2.544690049407732e-06,118.63267866480459,07aaa2941c92270d42259117555fdea6b791250bc264a886505af82ff60c5203
newdata,fixed_data_simple_B2W65_R290.pkl,B2W65_R290,simple,R290,0.4687661374472208,0.019339270943540054,1.2412499020391647,5.692175280340875e-07,2.261236190795899,17288.38623046875,17.28838623046875,2397109.375,404290.771484375,1992818.603515625,7.15340292930603,332.1398966131326,432.663525229528,4251200.0,369.89,2.544690049407732e-06,163.6046112624924,07aaa2941c92270d42259117555fdea6b791250bc264a886505af82ff60c5203
newdata,fixed_data_simple_B2W65_R290.pkl,B2W65_R290,simple,R290,0.4789310781229785,0.02063925931651522,1.2306850153351712,5.398278712029117e-07,2.5777270650863646,19731.62986755372,19.731629867553718,2439020.99609375,402989.19677734387,2036031.7993164062,7.634255628585814,332.5305934281458,432.0199446726231,4251200.0,369.89,2.544690049407732e-06,184.87104410689548,07aaa2941c92270d42259117555fdea6b791250bc264a886505af82ff60c5203
newdata,fixed_data_simple_B7W35_R290.pkl,B7W35_R290,simple,R290,0.1729113112547634,0.01355449157302734,1.7822331630188177,2.7080123763684337e-06,1.0860000038146973,5335.622205734253,5.335622205734253,1206943.359375,471862.7929687499,735080.5664062501,5.013670887947082,302.7580967549095,485.50419196088154,4251200.0,369.89,2.544690049407732e-06,78.48220914871546,04803d0ed89c1a0ee0181529125ef81854c8ec9e1b1f90a2d63a18fbd814d02a
newdata,fixed_data_simple_B7W35_R290.pkl,B7W35_R290,simple,R290,0.17635982916863915,0.014081896816186526,1.7775252045136973,2.684263034010031e-06,1.3584681320190433,7786.040029525757,7.786040029525757,1212761.23046875,463020.32470703125,749740.9057617188,5.208752813339234,302.7644699777969,485.5133431699339,4251200.0,369.89,2.544690049407732e-06,113.39934721172594,04803d0ed89c1a0ee0181529125ef81854c8ec9e1b1f90a2d63a18fbd814d02a
newdata,fixed_data_simple_B7W35_R290.pkl,B7W35_R290,simple,R290,0.17825411278635298,0.013912168364251676,1.773063047300323,2.661834065433908e-06,1.843361566066741,10495.491447448747,10.495491447448748,1218317.87109375,460523.98681640625,757793.8842773438,5.145971956253052,303.0190013061106,485.09935576026385,4251200.0,369.89,2.544690049407732e-06,152.11148028676433,04803d0ed89c1a0ee0181529125ef81854c8ec9e1b1f90a2d63a18fbd814d02a
newdata,fixed_data_simple_B7W35_R290.pkl,B7W35_R290,simple,R290,0.17987618466091193,0.014367320589196885,1.7687194121195255,2.640076084200479e-06,2.3015327453613286,13206.724653244011,13.206724653244011,1223767.08984375,459077.45361328125,764689.6362304688,5.314328212738036,303.0380681822593,485.0856915825226,4251200.0,369.89,2.544690049407732e-06,190.54317586321153,04803d0ed89c1a0ee0181529125ef81854c8ec9e1b1f90a2d63a18fbd814d02a
newdata,fixed_data_simple_B7W35_R290.pkl,B7W35_R290,simple,R290,0.18124923160482628,0.015431068862015328,1.7644323740103307,2.6186744424362968e-06,2.775000095367431,15747.491626739511,15.747491626739512,1229184.5703125,458657.8369140625,770526.7333984375,5.707798061370849,302.8303255861813,485.45783351015973,4251200.0,369.89,2.544690049407732e-06,226.25171737272868,04803d0ed89c1a0ee0181529125ef81854c8ec9e1b1f90a2d63a18fbd814d02a
newdata,fixed_data_simple_B7W35_R290.pkl,B7W35_R290,simple,R290,0.18469566773058194,0.016830624994942478,1.7510056083499996,2.552114471396263e-06,3.5918068218231203,21157.447395324714,21.157447395324716,1246408.69140625,461230.4687500001,785178.2226562499,6.2254798793792725,302.89918715768823,485.3999947392463,4251200.0,369.89,2.544690049407732e-06,301.1475774212673,04803d0ed89c1a0ee0181529125ef81854c8ec9e1b1f90a2d63a18fbd814d02a
newdata,fixed_data_simple_B7W35_R290.pkl,B7W35_R290,simple,R290,0.19205306587606885,0.016675696091568253,1.7472133567827857,2.5334441577680176e-06,4.313363008499145,25272.387161254886,25.272387161254887,1251345.21484375,434889.22119140613,816455.9936523439,6.168173227310181,303.1235062395833,485.0354096710075,4251200.0,369.89,2.544690049407732e-06,352.8931784604187,04803d0ed89c1a0ee0181529125ef81854c8ec9e1b1f90a2d63a18fbd814d02a
newdata,fixed_data_simple_B7W50_R290.pkl,B7W50_R290,simple,R290,0.28940436980937,0.015475989245334526,1.478870265787706,1.3589313402958557e-06,0.9079999923706054,4865.947141647339,4.8659471416473385,1704475.09765625,474159.24072265625,1230315.8569335938,5.724413661956787,317.18816916115463,461.16576056996934,4251200.0,369.89,2.544690049407732e-06,56.765002204859094,02e187c1237745bfb4884df0f4f97f90890cdec5e7865304c0626e4a15e9ea3f
newdata,fixed_data_simple_B7W50_R290.pkl,B7W50_R290,simple,R290,0.29190495627061924,0.014985882919127122,1.4783457556451653,1.3569237209329085e-06,1.1978471851348877,7331.2486743927,7.3312486743927,1705617.6757812502,464671.32568359375,1240946.3500976565,5.543128232955931,317.4002294145695,460.751861697811,4251200.0,369.89,2.544690049407732e-06,85.19576543728196,02e187c1237745bfb4884df0f4f97f90890cdec5e7865304c0626e4a15e9ea3f
newdata,fixed_data_simple_B7W50_R290.pkl,B7W50_R290,simple,R290,0.2933136089699673,0.015075238172746724,1.476310454430137,1.3491442305242247e-06,1.4863273406028739,10037.675971984858,10.037675971984857,1710063.4765625,463128.662109375,1246934.814453125,5.5761798477172855,317.4867796056437,460.60180805260165,4251200.0,369.89,2.544690049407732e-06,116.38542266532737,02e187c1237745bfb4884df0f4f97f90890cdec5e7865304c0626e4a15e9ea3f
newdata,fixed_data_simple_B7W50_R290.pkl,B7W50_R290,simple,R290,0.29731128823277103,0.016129887646436854,1.4698281997464584,1.3244822553515997e-06,1.944098234176639,12702.218894958496,12.702218894958497,1724353.02734375,460423.27880859363,1263929.7485351562,5.966284141540528,317.47955599108656,460.68511290907435,4251200.0,369.89,2.544690049407732e-06,146.27366603880932,02e187c1237745bfb4884df0f4f97f90890cdec5e7865304c0626e4a15e9ea3f
newdata,fixed_data_simple_B7W50_R290.pkl,B7W50_R290,simple,R290,0.30267935836499105,0.017093097339526894,1.4610011197577628,1.291181195931587e-06,2.333717775344849,15340.397853851327,15.340397853851329,1744135.7421875,457385.25390625,1286750.48828125,6.322565774917603,317.6495139509728,460.4439137558077,4251200.0,369.89,2.544690049407732e-06,175.12622838285398,02e187c1237745bfb4884df0f4f97f90890cdec5e7865304c0626e4a15e9ea3f
newdata,fixed_data_simple_B7W50_R290.pkl,B7W50_R290,simple,R290,0.3100267782846608,0.01942385965614553,1.4469608912221423,1.2388842992448074e-06,3.0305484676361063,20533.91681671143,20.53391681671143,1776396.484375,458410.6445312499,1317985.83984375,7.1846914482116695,317.6362260114928,460.625969141388,4251200.0,369.89,2.544690049407732e-06,231.5753490443934,02e187c1237745bfb4884df0f4f97f90890cdec5e7865304c0626e4a15e9ea3f
newdata,fixed_data_simple_B7W50_R290.pkl,B7W50_R290,simple,R290,0.31082977421264874,0.018627316803050294,1.4493296395184845,1.2476494861025419e-06,3.7122164821624755,25590.270423889167,25.59027042388917,1770883.7890624998,449484.2529296875,1321399.5361328123,6.890058212280273,317.786617490531,460.3015562722569,4251200.0,369.89,2.544690049407732e-06,288.32791355072334,02e187c1237745bfb4884df0f4f97f90890cdec5e7865304c0626e4a15e9ea3f
newdata,fixed_data_simple_B7W65_R290.pkl,B7W65_R290,simple,R290,0.43573462070268393,0.01611013514832693,1.2603472931089523,6.236109086486061e-07,1.032436711788177,6831.50671005249,6.831506710052491,2324514.16015625,472119.1406249999,1852395.01953125,5.958977890014649,331.7973050040849,432.96576085345447,4251200.0,369.89,2.544690049407732e-06,67.03058825905846,e5ef531d2e106ab297c599fdf0bce71df5d8aeadf35d666859c2446cb277db06
newdata,fixed_data_simple_B7W65_R290.pkl,B7W65_R290,simple,R290,0.4427310798596205,0.01684080009065459,1.2540118166391583,6.053857211749174e-07,1.3419543504714984,9402.749671936035,9.402749671936036,2348161.62109375,466023.25439453113,1882138.3666992188,6.229243545532227,332.0316098149177,432.5681338475685,4251200.0,369.89,2.544690049407732e-06,91.56973331440373,e5ef531d2e106ab297c599fdf0bce71df5d8aeadf35d666859c2446cb277db06
newdata,fixed_data_simple_B7W65_R290.pkl,B7W65_R290,simple,R290,0.4494365193945239,0.018142648217496882,1.246185528659238,5.831191025468573e-07,1.7008500742912285,12260.127506256107,12.260127506256108,2377966.30859375,467321.7773437501,1910644.53125,6.710784149169922,332.18063096731544,432.42381225786346,4251200.0,369.89,2.544690049407732e-06,118.52237598985775,e5ef531d2e106ab297c599fdf0bce71df5d8aeadf35d666859c2446cb277db06
newdata,fixed_data_simple_B7W65_R290.pkl,B7W65_R290,simple,R290,0.45778563832895713,0.019571788493610236,1.2385877239795033,5.617646014972417e-07,1.964358925819398,14777.051334381093,14.777051334381094,2407548.828125,461410.5224609375,1946138.3056640625,7.239408845901489,332.2720410402161,432.41851357698016,4251200.0,369.89,2.544690049407732e-06,141.54642415338557,e5ef531d2e106ab297c599fdf0bce71df5d8aeadf35d666859c2446cb277db06
newdata,fixed_data_simple_B7W65_R290.pkl,B7W65_R290,simple,R290,0.4699394763031982,0.022212639861534992,1.2257265974731137,5.262074515561394e-07,2.5759630203247084,19968.71417999266,19.968714179992663,2459145.5078125,461338.80615234363,1997806.7016601562,8.216233358383178,332.36311264856636,432.5751162436277,4251200.0,369.89,2.544690049407732e-06,188.752499776894,e5ef531d2e106ab297c599fdf0bce71df5d8aeadf35d666859c2446cb277db06
newdata,fixed_data_simple_B7W65_R290.pkl,B7W65_R290,simple,R290,0.48169770274881946,0.024217769516887623,1.2182678226087382,5.059275457084349e-07,2.767285971641541,21669.079818725593,21.669079818725592,2489985.3515625,442192.07763671875,2047793.2739257812,8.957910766601563,332.251710518159,433.06845817096627,4251200.0,369.89,2.544690049407732e-06,202.1944576303469,e5ef531d2e106ab297c599fdf0bce71df5d8aeadf35d666859c2446cb277db06
Daten LOGIN,fixed_data_simple_35_R290_R600a_63_37.pkl,35_R290_R600a_63_37,simple,R290_R600a_63_37,0.13030701428147323,0.007489587895553093,1.9233517463789684,4.645083454208351e-06,1.8836654424667396,9273.73861312866,9.27373861312866,863940.4296875,306929.01611328125,557011.4135742188,2.9126469898223877,303.02985849901074,510.9616967153757,4274608.060399811,388.8928243370717,2.544690049407732e-06,152.7491286990885,9702c672a7eb7b0964bf05460feb05be4503b4ea42f412a890bfb6421bdcda3b
Daten LOGIN,fixed_data_simple_35_R290_R600a_63_37.pkl,35_R290_R600a_63_37,simple,R290_R600a_63_37,0.13834590291383062,0.007393363495913085,1.9309557954290155,4.70483310048502e-06,1.6389827728271487,7999.56485748291,7.99956485748291,857255.8593749999,265881.34765624994,591374.51171875,2.8752260112762458,302.7507973469808,511.3628144037733,4274608.060399811,388.8928243370717,2.544690049407732e-06,127.82641279323079,9702c672a7eb7b0964bf05460feb05be4503b4ea42f412a890bfb6421bdcda3b
Daten LOGIN,fixed_data_simple_35_R290_R600a_63_37.pkl,35_R290_R600a_63_37,simple,R290_R600a_63_37,0.14572812155533157,0.007613875838439966,1.9339641218205845,4.7285678321643965e-06,1.4475101232528693,6945.614242553712,6.945614242553712,854633.7890625001,231703.1860351563,622930.6030273438,2.960981678962708,302.5404095384898,511.6716061452711,4274608.060399811,388.8928243370717,2.544690049407732e-06,108.10487457345754,9702c672a7eb7b0964bf05460feb05be4503b4ea42f412a890bfb6421bdcda3b
Daten LOGIN,fixed_data_simple_35_R290_R600a_63_37.pkl,35_R290_R600a_63_37,simple,R290_R600a_63_37,0.15629495405659902,0.007206217042201385,1.9385294554745651,4.764691314741565e-06,1.1657948493957504,5387.254467010498,5.387254467010498,850678.7109375001,182579.0405273438,668099.6704101562,2.8024460983276356,302.51042566897695,511.705428123381,4274608.060399811,388.8928243370717,2.544690049407732e-06,80.9630685435353,9702c672a7eb7b0964bf05460feb05be4503b4ea42f412a890bfb6421bdcda3b
Daten LOGIN,fixed_data_simple_55_R290_R600a_63_37.pkl,55_R290_R600a_63_37,simple,R290_R600a_63_37,0.24855212597975693,0.010118582959283058,1.5293057551810403,2.0301317048233004e-06,1.5547320842742909,8823.358001708984,8.823358001708984,1368638.916015625,306175.99487304676,1062462.9211425781,3.935044305324554,322.0164686601361,481.883413121897,4274608.060399811,388.8928243370717,2.544690049407732e-06,108.35679009372238,e05e23315ec90ce3f4c5ddf3d61d0d0023e81e4a80c9c00dcff9b71b4a7c2ea2
Daten LOGIN,fixed_data_simple_55_R290_R600a_63_37.pkl,55_R290_R600a_63_37,simple,R290_R600a_63_37,0.2569697171525033,0.010222088026663833,1.529992192846311,2.0338611871089687e-06,1.3544797897338885,7567.977809906007,7.567977809906007,1367377.9296875,268933.10546875,1098444.82421875,3.9752966833114622,321.9335111108503,482.0242238945325,4274608.060399811,388.8928243370717,2.544690049407732e-06,91.39162620594819,e05e23315ec90ce3f4c5ddf3d61d0d0023e81e4a80c9c00dcff9b71b4a7c2ea2
Daten LOGIN,fixed_data_simple_55_R290_R600a_63_37.pkl,55_R290_R600a_63_37,simple,R290_R600a_63_37,0.26492214923355306,0.00906801553535355,1.531824577576662,2.0438308993488816e-06,1.157049417495729,6347.181005477905,6.347181005477905,1364020.99609375,231582.64160156256,1132438.3544921875,3.5264861726760857,322.26849575686754,481.41961484662755,4274608.060399811,388.8928243370717,2.544690049407732e-06,75.53736280992493,e05e23315ec90ce3f4c5ddf3d61d0d0023e81e4a80c9c00dcff9b71b4a7c2ea2
Daten LOGIN,fixed_data_simple_55_R290_R600a_63_37.pkl,55_R290_R600a_63_37,simple,R290_R600a_63_37,0.27268646156836385,0.009597364199699851,1.5382583475738594,2.078999485234041e-06,0.95920068025589,4923.607878684998,4.923607878684997,1352338.8671875,186711.1206054687,1165627.7465820312,3.732346069812775,321.66494321486164,482.43415505456164,4274608.060399811,388.8928243370717,2.544690049407732e-06,57.69452559044546,e05e23315ec90ce3f4c5ddf3d61d0d0023e81e4a80c9c00dcff9b71b4a7c2ea2
Daten LOGIN,fixed_data_simple_35_R290_R600a_82_18.pkl,35_R290_R600a_82_18,simple,R290_R600a_82_18,0.16902018113412673,0.019388756672510447,1.7608546526497748,3.0366724273449386e-06,2.0000452995300297,11357.567634582512,11.357567634582512,1121906.73828125,389973.44970703125,731933.2885742188,7.372557954788208,303.02020507803854,498.74190640262543,4330449.084026184,380.2491350691448,2.544690049407732e-06,165.18163559157867,6c5d9ec76a40345ca06ae527c40555646bc3288edd55468ba87ef010a79bbd11
Daten LOGIN,fixed_data_simple_35_R290_R600a_82_18.pkl,35_R290_R600a_82_18,simple,R290_R600a_82_18,0.1786288034388409,0.01852545074618029,1.767194572769868,3.074663780724325e-06,1.8449344635009777,9878.157243728638,9.878157243728637,1114138.18359375,340595.2453613281,773542.9382324219,7.044286623001098,303.05374114830875,498.66446106623863,4330449.084026184,380.2491350691448,2.544690049407732e-06,139.75894830043785,6c5d9ec76a40345ca06ae527c40555646bc3288edd55468ba87ef010a79bbd11
Daten LOGIN,fixed_data_simple_35_R290_R600a_82_18.pkl,35_R290_R600a_82_18,simple,R290_R600a_82_18,0.18838020219025048,0.018145517546122106,1.7688599812621888,3.0846776122358796e-06,1.5537790060043322,8515.09630203247,8.515096302032472,1112111.81640625,296340.9423828125,815770.8740234375,6.899817352294922,303.1210859986103,498.5510046198705,4330449.084026184,380.2491350691448,2.544690049407732e-06,117.32775993833513,6c5d9ec76a40345ca06ae527c40555646bc3288edd55468ba87ef010a79bbd11
Daten LOGIN,fixed_data_simple_35_R290_R600a_82_18.pkl,35_R290_R600a_82_18,simple,R290_R600a_82_18,0.1970435471663623,0.015919399595120395,1.790407727675253,3.2155163099104365e-06,1.2395138740539609,6580.300912857056,6.580300912857056,1086418.45703125,233131.4086914063,853287.0483398438,6.053337926864624,302.98070762389955,498.6945356819341,4330449.084026184,380.2491350691448,2.544690049407732e-06,88.640252194613,6c5d9ec76a40345ca06ae527c40555646bc3288edd55468ba87ef010a79bbd11
Daten LOGIN,fixed_data_simple_55_R290_R600a_82_18.pkl,55_R290_R600a_82_18,simple,R290_R600a_82_18,0.3703075573330633,0.03786692312278088,1.321527201183814,9.119400278833047e-07,1.4112783074378996,10287.538280487055,10.287538280487055,1992175.29296875,388577.2705078125,1603598.0224609375,14.398864765167229,322.4125565161283,468.70269739349806,4330449.084026184,380.2491350691448,2.544690049407732e-06,104.27137305197375,34f429785ceb8a94b79309d81164745a86a97c308985bfbbd69d7c6b6cd679ed
Daten LOGIN,fixed_data_simple_55_R290_R600a_82_18.pkl,55_R290_R600a_82_18,simple,R290_R600a_82_18,0.3811782642300122,0.03733593694740519,1.3223868746483398,9.151017018858422e-07,1.2108922004699705,8779.44013595581,8.779440135955811,1989461.6699218752,338788.6047363281,1650673.065185547,14.19695773124695,322.5466499884296,468.4393366253473,4330449.084026184,380.2491350691448,2.544690049407732e-06,87.73234170037705,34f429785ceb8a94b79309d81164745a86a97c308985bfbbd69d7c6b6cd679ed
Daten LOGIN,fixed_data_simple_55_R290_R600a_82_18.pkl,55_R290_R600a_82_18,simple,R290_R600a_82_18,0.38393044584946817,0.03592030004859481,1.331388335462438,9.484468650182965e-07,1.1053067445755003,7585.126161575317,7.585126161575317,1961420.8984375,298829.65087890625,1662591.2475585938,13.658663024902337,322.3802507786796,468.62259117159704,4330449.084026184,380.2491350691448,2.544690049407732e-06,75.51071174069203,34f429785ceb8a94b79309d81164745a86a97c308985bfbbd69d7c6b6cd679ed
Daten LOGIN,fixed_data_simple_55_R290_R600a_82_18.pkl,55_R290_R600a_82_18,simple,R290_R600a_82_18,0.36081324075220894,0.025571021485761715,1.387209775852792,1.16496904394838e-06,0.9697083234786988,5925.530209541321,5.9255302095413205,1801479.4921875002,238996.12426757812,1562483.367919922,9.72335880279541,322.1501609075581,468.3195162140748,4330449.084026184,380.2491350691448,2.544690049407732e-06,60.86932663195735,34f429785ceb8a94b79309d81164745a86a97c308985bfbbd69d7c6b6cd679ed
newdata2,fixed_data_ihx_35_R600a.pkl,35_R600a,ihx,R600a,0.09190290024800223,0.015152264504024881,2.5308992518535347,1.0332008689864932e-05,1.0,4768.826589584351,4.768826589584351,474152.83203125,140637.20703124994,333515.62500000006,6.179351053237915,302.70780291091285,545.0471965656811,3629000.0,407.817,2.544690049407732e-06,98.28483054915851,0beb22b1102afc3d143e094541d7cd2ee6a84a0f78444cd518b0a2e3dfab6a0b
newdata2,fixed_data_ihx_35_R600a.pkl,35_R600a,ihx,R600a,0.08583352663655622,0.015193602619889012,2.511978392360372,1.012926963248021e-05,1.0,5732.855358123779,5.732855358123779,480627.44140625,169137.5732421875,311489.8681640625,6.196209439635277,303.19326506413626,544.4288601642983,3629000.0,407.817,2.544690049407732e-06,122.32875707906963,0beb22b1102afc3d143e094541d7cd2ee6a84a0f78444cd518b0a2e3dfab6a0b
newdata2,fixed_data_ihx_35_R600a.pkl,35_R600a,ihx,R600a,0.0781543486766757,0.015176306092018296,2.5046438272007654,1.0051175078195915e-05,1.0,6916.804480552673,6.916804480552673,483175.04882812494,199552.9174804688,283622.13134765613,6.189155621528625,303.3965909311834,544.1690779585876,3629000.0,407.817,2.544690049407732e-06,154.7100840720164,0beb22b1102afc3d143e094541d7cd2ee6a84a0f78444cd518b0a2e3dfab6a0b
Daten LOGIN,fixed_data_simple_35_R600a.pkl,35_R600a,simple,R600a,0.08867017294494008,0.019787671717034785,2.44242914845295,9.399917662723206e-06,1.7080054283142092,6366.380376815795,6.366380376815795,505673.82812500006,183889.7705078125,321784.05761718756,8.069748916625976,303.2167884135585,544.455660516235,3629000.0,407.817,2.544690049407732e-06,133.65314210556335,1dd9668ae0440c1dd0ce084798cdbad7855b964c18db62de77e364b9632b59c2
Daten LOGIN,fixed_data_simple_35_R600a.pkl,35_R600a,simple,R600a,0.09351093863021841,0.019684731683332204,2.453800235741291,9.517454351539335e-06,1.4532626867294305,5557.349429130554,5.5573494291305545,501439.208984375,162088.0126953124,339351.1962890626,8.02776822090149,302.94301183678846,544.8030294190129,3629000.0,407.817,2.544690049407732e-06,113.57254718418297,1dd9668ae0440c1dd0ce084798cdbad7855b964c18db62de77e364b9632b59c2
Daten LOGIN,fixed_data_simple_35_R600a.pkl,35_R600a,simple,R600a,0.09973134440014468,0.019000783431960776,2.465679144951967,9.64095486246252e-06,1.2366015911102297,4657.330198287964,4.657330198287964,497075.1953125,135150.14648437494,361925.04882812506,7.748842496871948,302.89445236669314,544.8563403519056,3629000.0,407.817,2.544690049407732e-06,92.15880084534903,1dd9668ae0440c1dd0ce084798cdbad7855b964c18db62de77e364b9632b59c2
newdata2,fixed_data_ihx_55_R600a.pkl,55_R600a,ihx,R600a,0.15868913572200502,0.014128963113690217,1.9296358080587088,4.803739337723039e-06,0.0,6694.232015609741,6.6942320156097415,777492.67578125,201609.8022460937,575882.8735351562,5.762031350135803,322.63193439733413,518.4231578362658,3629000.0,407.817,2.544690049407732e-06,107.65683132459246,84e8836229595849d84ce4476e250a70f2ecb1751bd2b028ed8ac2524a9eb3c5
newdata2,fixed_data_ihx_55_R600a.pkl,55_R600a,ihx,R600a,0.16843802608974578,0.01554807677280078,1.93153559200092,4.818194965196948e-06,0.0,5250.750541687012,5.250750541687012,776083.984375,164822.3876953125,611261.5966796875,6.3407700252532955,321.97696003578756,519.3748107217162,3629000.0,407.817,2.544690049407732e-06,81.887478658477,84e8836229595849d84ce4476e250a70f2ecb1751bd2b028ed8ac2524a9eb3c5
newdata2,fixed_data_ihx_55_R600a.pkl,55_R600a,ihx,R600a,0.17463059686832633,0.015507932873469694,1.9312454946434325,4.815986337873499e-06,0.0,4570.326709747314,4.570326709747315,776298.828125,142564.39208984375,633734.4360351562,6.32439866065979,322.0049649168704,519.3346908208761,3629000.0,407.817,2.544690049407732e-06,70.00354560291478,84e8836229595849d84ce4476e250a70f2ecb1751bd2b028ed8ac2524a9eb3c5
Daten LOGIN,fixed_data_simple_55_R600a.pkl,55_R600a,simple,R600a,0.16846930891989872,0.01737300710595996,1.9018087594925126,4.594216952894747e-06,1.3600000143051094,6278.714818954468,6.278714818954468,798603.515625,187228.39355468756,611375.1220703125,7.085007638931273,322.439434606493,518.7702168419822,3629000.0,407.817,2.544690049407732e-06,97.96692343848716,00f6cd2dfcfda56c0c6e3280206f391c7ae7411c1c36352cf4c7a78eef3c2695
Daten LOGIN,fixed_data_simple_55_R600a.pkl,55_R600a,simple,R600a,0.17295570405070268,0.017060139506635305,1.9142603443531923,4.6874574806894166e-06,1.1922373771667494,5351.455268859863,5.351455268859864,789045.41015625,161389.16015625,627656.25,6.95741491317749,322.05795574003514,519.2968476491391,3629000.0,407.817,2.544690049407732e-06,82.36699810279708,00f6cd2dfcfda56c0c6e3280206f391c7ae7411c1c36352cf4c7a78eef3c2695
Daten LOGIN,fixed_data_simple_55_R600a.pkl,55_R600a,simple,R600a,0.1752602899655983,0.016467265203352652,1.9176086287812748,4.712672061941885e-06,1.1136360168457011,4953.819131851196,4.953819131851197,786506.34765625,150486.75537109375,636019.5922851562,6.715630693435669,322.16374480805575,519.1348794544771,3629000.0,407.817,2.544690049407732e-06,75.75562840444532,00f6cd2dfcfda56c0c6e3280206f391c7ae7411c1c36352cf4c7a78eef3c2695
Daten LOGIN,fixed_data_simple_55_R600a.pkl,55_R600a,simple,R600a,0.178509247339143,0.01738325114757833,1.917398855440421,4.71109057914509e-06,1.0716983079910294,4528.530712127686,4.528530712127686,786665.0390625,138854.98046875,647810.05859375,7.089185333251953,321.79869932977124,519.666721376674,3629000.0,407.817,2.544690049407732e-06,68.58373480389504,00f6cd2dfcfda56c0c6e3280206f391c7ae7411c1c36352cf4c7a78eef3c2695
