source_folder,source_file,family,system_label,refrigerant,pi1,pi2,pi3,pi4,pi5,m_flow_g_s,m_flow_kg_s,Pin_Pa,Pout_Pa,deltaP_Pa,subcooling_K,Tin_K,rho_in_kg_m3,pcrit_Pa,tcrit_K,Aref_m2,Cd_true,dataset_sha256,Cd_prediction,m_flow_prediction_g_s
newdata2,fixed_data_ihx_35_R1270.pkl,35_R1270,ihx,R1270,0.1850964476065106,0.0069947174015162,1.713208463960051,2.213480762171238e-06,1.0,16528.74729156495,16.528747291564947,1452231.4453125,609117.1264648439,843114.3188476561,2.547553019523621,305.1004924976808,494.2491239394949,4555000.0,364.211,2.544690049407732e-06,224.99551636451687,5bc8b586deb2718e9dc43489e81e37e46cfb3eb36219c59dc0dd6de20034fe12,179.16935967905522,13162.240369842531
newdata2,fixed_data_ihx_35_R1270.pkl,35_R1270,ihx,R1270,0.229645344873422,0.0063628345814411,1.7228118122488356,2.2567212668533567e-06,1.1000000238418597,9973.787097930906,9.973787097930906,1437443.84765625,391409.3017578126,1046034.5458984374,2.317414345741272,304.8943938050904,494.59222322959175,4555000.0,364.211,2.544690049407732e-06,121.84663742478648,5bc8b586deb2718e9dc43489e81e37e46cfb3eb36219c59dc0dd6de20034fe12,121.49280756866301,9944.824266223339
newdata2,fixed_data_ihx_35_R1270.pkl,35_R1270,ihx,R1270,0.1660574987350782,0.0067182645943813,1.7104939308219775,2.2013175159861163e-06,10.0,19549.039077758785,19.549039077758785,1456457.51953125,700065.6127929689,756391.9067382811,2.4468658661842344,305.32525296972256,493.8261134775906,4555000.0,364.211,2.544690049407732e-06,281.07036837178657,5bc8b586deb2718e9dc43489e81e37e46cfb3eb36219c59dc0dd6de20034fe12,279.8989435844183,19467.564004176405
newdata2,fixed_data_ihx_35_R600a.pkl,35_R600a,ihx,R600a,0.0919029002480022,0.0151522645040248,2.5308992518535347,1.0332008689864932e-05,1.0,4768.826589584351,4.768826589584351,474152.83203125,140637.20703124994,333515.62500000006,6.179351053237915,302.70780291091285,545.0471965656811,3629000.0,407.817,2.544690049407732e-06,98.28483054915851,0beb22b1102afc3d143e094541d7cd2ee6a84a0f78444cd518b0a2e3dfab6a0b,77.30043183801683,3750.6536123202736
newdata2,fixed_data_ihx_35_R600a.pkl,35_R600a,ihx,R600a,0.0781543486766757,0.0151763060920182,2.5046438272007654,1.0051175078195916e-05,1.0,6916.804480552673,6.916804480552673,483175.04882812494,199552.9174804688,283622.13134765613,6.189155621528625,303.3965909311834,544.1690779585876,3629000.0,407.817,2.544690049407732e-06,154.7100840720164,0beb22b1102afc3d143e094541d7cd2ee6a84a0f78444cd518b0a2e3dfab6a0b,168.55390060252054,7535.736160284468
newdata2,fixed_data_ihx_55_R600a.pkl,55_R600a,ihx,R600a,0.1746305968683263,0.0155079328734696,1.9312454946434323,4.815986337873499e-06,0.0,4570.326709747314,4.570326709747315,776298.828125,142564.39208984375,633734.4360351562,6.32439866065979,322.0049649168704,519.3346908208761,3629000.0,407.817,2.544690049407732e-06,70.00354560291478,84e8836229595849d84ce4476e250a70f2ecb1751bd2b028ed8ac2524a9eb3c5,49.338216591210355,3221.147831242391
newdata2,fixed_data_ihx_55_R600a.pkl,55_R600a,ihx,R600a,0.158689135722005,0.0141289631136902,1.9296358080587088,4.803739337723039e-06,0.0,6694.232015609741,6.6942320156097415,777492.67578125,201609.8022460937,575882.8735351562,5.762031350135803,322.63193439733413,518.4231578362658,3629000.0,407.817,2.544690049407732e-06,107.65683132459246,84e8836229595849d84ce4476e250a70f2ecb1751bd2b028ed8ac2524a9eb3c5,85.0980167826649,5291.497635610602
Daten LOGIN,fixed_data_simple_35_R1234yf.pkl,35_R1234yf,simple,R1234yf,0.2071626717458772,0.0161181522352273,2.1228882924456407,3.01671881636487e-06,2.0367236137390123,14611.931228637695,14.611931228637696,906120.60546875,205455.0170898439,700665.588378906,5.929062299728392,302.6840209355972,1076.1511266746618,3382200.0,367.85,2.544690049407732e-06,147.86510753678132,ef9f2deacaaa2014b45f866e9128a6afbace73db67c4cfff732f8b3bb0ea91bd,144.3089328762359,14260.5124223856
Daten LOGIN,fixed_data_simple_35_R1234yf.pkl,35_R1234yf,simple,R1234yf,0.1905062205547147,0.0163754203032099,2.1159195492338774,2.9832848321405057e-06,2.5305736064910893,19344.62417602539,19.34462417602539,911442.87109375,267112.7319335937,644330.1391601562,6.023698358535767,302.8136799479829,1075.6852778176883,3382200.0,367.85,2.544690049407732e-06,204.1801750302126,ef9f2deacaaa2014b45f866e9128a6afbace73db67c4cfff732f8b3bb0ea91bd,194.20107537496358,18399.175224297673
Daten LOGIN,fixed_data_simple_35_R1234yf.pkl,35_R1234yf,simple,R1234yf,0.1651673009327786,0.0165883260397413,2.108017769899175,2.9456008742040344e-06,3.65461254119873,26643.447685241703,26.643447685241703,917535.400390625,358906.5551757813,558628.8452148438,6.102015733718872,302.9909203430931,1075.0380578627246,3382200.0,367.85,2.544690049407732e-06,302.11127566617233,ef9f2deacaaa2014b45f866e9128a6afbace73db67c4cfff732f8b3bb0ea91bd,317.83615742713744,28030.23824322748
Daten LOGIN,fixed_data_simple_35_R1234yf_R32_64_36.pkl,35_R1234yf_R32_64_36,simple,R1234yf_R32_64_36,0.2620457554286845,0.0072982369431551,1.1670019780991503,2.1191584122389347e-06,1.8799999952316289,16551.63047790527,16.55163047790527,1417121.58203125,292847.4426269532,1124274.1394042969,2.621705255508423,302.9274264658165,1025.2587509745683,4290373.402786396,359.2244641998463,2.544690049407732e-06,135.4684118949349,4df3f819626f238fc391778b9d369db110f3e06be0042b605d867c2614dcd645,140.524299792523,17169.362590122644
Daten LOGIN,fixed_data_simple_35_R1234yf_R32_64_36.pkl,35_R1234yf_R32_64_36,simple,R1234yf_R32_64_36,0.2464459084182344,0.0084300863625895,1.167649501614911,2.0810904672044773e-06,2.3600773811340323,21583.49594116211,21.58349594116211,1430117.1875,372772.216796875,1057344.970703125,3.028293256759645,302.8912946564597,1025.549042507141,4290373.402786396,359.2244641998463,2.544690049407732e-06,182.13161218697235,4df3f819626f238fc391778b9d369db110f3e06be0042b605d867c2614dcd645,184.2704695248885,21836.961103619724
Daten LOGIN,fixed_data_simple_35_R1234yf_R32_64_36.pkl,35_R1234yf_R32_64_36,simple,R1234yf_R32_64_36,0.2219637650801099,0.0098935194848401,1.1684687138618446,2.023785499557044e-06,3.2261126041412376,29270.15544891357,29.27015544891357,1450249.0234375,497941.5893554688,952307.4340820312,3.553994235992432,302.93468083296864,1025.543098877064,4290373.402786396,359.2244641998463,2.544690049407732e-06,260.2612995193644,4df3f819626f238fc391778b9d369db110f3e06be0042b605d867c2614dcd645,254.36576171624557,28607.116770973695
Daten LOGIN,fixed_data_simple_35_R1270.pkl,35_R1270,simple,R1270,0.2348199670584351,0.013218181679371,1.7114874160154037,2.2057660749980984e-06,1.7159263074398046,10304.949026107784,10.304949026107783,1454908.447265625,385303.4973144533,1069604.949951172,4.814207167625427,302.9124630400209,498.481349706568,4555000.0,364.211,2.544690049407732e-06,124.01088285531776,f503e801edc5c02881552a35a20b326517df0b0de1d114d1a8e2ddd2002aa734,123.51480338575611,10263.726243646863
Daten LOGIN,fixed_data_simple_35_R1270.pkl,35_R1270,simple,R1270,0.2185606637194703,0.0155824164704599,1.6916064256351264,2.117412380861739e-06,2.102161979675293,13370.993766784675,13.370993766784675,1486440.4296875,490896.6064453126,995543.8232421874,5.675287485122681,302.9696273209919,498.4928117775356,4555000.0,364.211,2.544690049407732e-06,166.78391182493414,f503e801edc5c02881552a35a20b326517df0b0de1d114d1a8e2ddd2002aa734,158.66789302715887,12720.33606503903
Daten LOGIN,fixed_data_simple_35_R1270.pkl,35_R1270,simple,R1270,0.1893819061513789,0.017311223522197,1.6785544540175648,2.060174209642245e-06,2.967405796051028,17979.869117736824,17.979869117736826,1507768.5546875,645133.9721679689,862634.5825195311,6.30493803024292,302.9530314871852,498.6055748909922,4555000.0,364.211,2.544690049407732e-06,240.9043483936895,f503e801edc5c02881552a35a20b326517df0b0de1d114d1a8e2ddd2002aa734,248.9600343844491,18581.10434131504
newdata2,fixed_data_simple_35_R1270_2.pkl,35_R1270_2,simple,R1270,0.2322294568125686,0.0094173228915703,1.7199646050508228,2.243867176576973e-06,1.721318483352661,10323.098182678215,10.323098182678216,1441801.7578125,383996.5820312501,1057805.17578125,3.429892587661744,303.9108144135388,496.5177813162692,4555000.0,364.211,2.544690049407732e-06,125.16702260906747,599825fcdb80c712f4c0b0f71310567db4382a9d3a2c195374f6aaac9069a3c4,132.9843305604631,10967.827407871451
newdata2,fixed_data_simple_35_R1270_2.pkl,35_R1270_2,simple,R1270,0.2119361048341451,0.0124170048772172,1.7136519438141504,2.215470388388818e-06,2.160000085830689,13308.426666259757,13.308426666259756,1451542.96875,486174.01123046887,965368.9575195312,4.522409763336182,303.1053977798697,498.100665918564,4555000.0,364.211,2.544690049407732e-06,168.64427415129606,599825fcdb80c712f4c0b0f71310567db4382a9d3a2c195374f6aaac9069a3c4,168.82900155406173,13323.004280028908
newdata2,fixed_data_simple_35_R1270_2.pkl,35_R1270_2,simple,R1270,0.1817465488002538,0.0133424715271769,1.7052715172186546,2.177990647739208e-06,2.88191032409668,17779.480819702145,17.779480819702144,1464645.99609375,636790.4663085939,827855.5297851561,4.859474897384643,303.15230250992056,498.061403142269,4555000.0,364.211,2.544690049407732e-06,243.30468106929172,599825fcdb80c712f4c0b0f71310567db4382a9d3a2c195374f6aaac9069a3c4,241.74891077906983,17665.792961690953
newdata2,fixed_data_simple_35_R1270_3.pkl,35_R1270_3,simple,R1270,0.2333290945947105,0.0071540449828028,1.7185170265891758,2.237342915771685e-06,1.7302703857421886,10212.893123626713,10.212893123626714,1444025.87890625,381211.8530273439,1062814.0258789062,2.605581877231598,304.8008007554248,494.8012286424129,4555000.0,364.211,2.544690049407732e-06,123.7527545511562,2e8e69c7541a9af70b7e0e155e19ff7e083d969e8e638bd6a604209f67f5f776,140.91331587250787,11629.095771818753
newdata2,fixed_data_simple_35_R1270_3.pkl,35_R1270_3,simple,R1270,0.2136808661283959,0.0130969421225127,1.7096951020606983,2.197743119777666e-06,2.1301491260528578,13205.48561096191,13.20548561096191,1457705.078125,484388.7329101564,973316.3452148436,4.770050387382508,303.0386452116164,498.25161696047,4555000.0,364.211,2.544690049407732e-06,166.62997156125792,2e8e69c7541a9af70b7e0e155e19ff7e083d969e8e638bd6a604209f67f5f776,164.9865384053115,13075.242937989662
newdata2,fixed_data_simple_35_R1270_3.pkl,35_R1270_3,simple,R1270,0.1812854687285606,0.0140607354243025,1.7030813337039443,2.168236662408837e-06,2.9164824485778804,17900.24055480957,17.90024055480957,1468103.02734375,642347.7172851564,825755.3100585936,5.121074509620667,302.9915885844721,498.3810418308026,4555000.0,364.211,2.544690049407732e-06,245.1898757553153,2e8e69c7541a9af70b7e0e155e19ff7e083d969e8e638bd6a604209f67f5f776,245.33901325177857,17911.12843121234
newdata2,fixed_data_simple_35_R1270_4.pkl,35_R1270_4,simple,R1270,0.2317002397991561,0.0068147419743491,1.720948732117934,2.2483068972796937e-06,1.7263087034225475,10336.350364685048,10.336350364685048,1440292.96875,384898.3764648438,1055394.5922851562,2.482003989219665,304.8141081136852,494.7603112745171,4555000.0,364.211,2.544690049407732e-06,125.69339974976056,1eeefe8f570324ab4bd110a250200c2069b60cfecfdea9e10e379a90944341ad,143.39670310555007,11792.174986041853
newdata2,fixed_data_simple_35_R1270_4.pkl,35_R1270_4,simple,R1270,0.2105546065664448,0.012130814575635,1.7125596041350328,2.210570978636972e-06,2.155776500701901,13528.906478881838,13.528906478881838,1453239.74609375,494163.51318359387,959076.232910156,4.418176107406617,303.2594960602591,497.812798939072,4555000.0,364.211,2.544690049407732e-06,172.0494195322905,1eeefe8f570324ab4bd110a250200c2069b60cfecfdea9e10e379a90944341ad,169.90718649860096,13360.454469874521
newdata2,fixed_data_simple_35_R1270_4.pkl,35_R1270_4,simple,R1270,0.1812146518677963,0.01413807170259,1.7036126186689649,2.170601172627607e-06,2.8818974494934086,17834.232368469235,17.834232368469234,1467263.18359375,641830.4443359375,825432.7392578125,5.14924123287201,302.93892889050665,498.4781006890846,4555000.0,364.211,2.544690049407732e-06,244.30966296640807,1eeefe8f570324ab4bd110a250200c2069b60cfecfdea9e10e379a90944341ad,242.3756616566461,17693.05322581714
Daten LOGIN,fixed_data_simple_35_R1270_R600a_92_8.pkl,35_R1270_R600a_92_8,simple,R1270_R600a_92_8,0.2126567650582988,0.0088291092713671,1.746849995514419,2.6657121744395665e-06,1.4249165058135993,8000.412330627442,8.000412330627443,1293845.21484375,298468.01757812506,995377.197265625,3.2857947492599493,302.9638764667828,506.58250963916726,4680674.969323206,372.1547268551524,2.544690049407732e-06,99.00190281708316,b39a6275571a45a5f8ee859e8f965b04d026914139968de4d0e96f8c9e3a0441,116.13391709644475,9384.862269355683
Daten LOGIN,fixed_data_simple_35_R1270_R600a_92_8.pkl,35_R1270_R600a_92_8,simple,R1270_R600a_92_8,0.196797671510138,0.0099530920592946,1.740714759389011,2.6331605673791017e-06,1.7881408929824818,10471.932106018048,10.471932106018048,1302568.359375,381422.4243164063,921145.9350585938,3.7040902566909786,302.83072140649034,506.8515601426023,4680674.969323206,372.1547268551524,2.544690049407732e-06,134.67045103274677,b39a6275571a45a5f8ee859e8f965b04d026914139968de4d0e96f8c9e3a0441,145.0209476906575,11276.783485322123
Daten LOGIN,fixed_data_simple_35_R1270_R600a_92_8.pkl,35_R1270_R600a_92_8,simple,R1270_R600a_92_8,0.1750017437884009,0.0104653352537608,1.7315961365655588,2.585081985484829e-06,2.300628423690799,13833.856964111326,13.833856964111328,1315712.890625,496586.6088867188,819126.2817382812,3.8947239828109743,303.0671550568319,506.4732389827997,4680674.969323206,372.1547268551524,2.544690049407732e-06,188.72946541721703,b39a6275571a45a5f8ee859e8f965b04d026914139968de4d0e96f8c9e3a0441,189.8102613080192,13913.07922931355
Daten LOGIN,fixed_data_simple_35_R290.pkl,35_R290,simple,R290,0.2118724784233716,0.0136287325364275,1.7791292117944173,2.6923446817508085e-06,1.61864709854126,8627.042694091797,8.627042694091797,1210773.92578125,310061.6455078126,900712.2802734374,5.04113187789917,302.8633562728779,485.3383461088391,4251200.0,369.89,2.544690049407732e-06,114.65598060167233,936d7036dc66eac695c74c686911442cfacc3defd7c48f61326a9aa4788d4b0c,114.76444885180288,8635.204154313227
Daten LOGIN,fixed_data_simple_35_R290.pkl,35_R290,simple,R290,0.195184146994525,0.0148799651769178,1.7646422352262563,2.6197204210567368e-06,2.0064928531646715,11263.668785095211,11.263668785095213,1228918.45703125,399151.61132812506,829766.845703125,5.503950319290161,303.02506417841875,485.125625676187,4251200.0,369.89,2.544690049407732e-06,156.00008497128823,936d7036dc66eac695c74c686911442cfacc3defd7c48f61326a9aa4788d4b0c,150.9267820823099,10897.361270593306
Daten LOGIN,fixed_data_simple_35_R290.pkl,35_R290,simple,R290,0.1710846857509534,0.0168333674821737,1.7487726683884426,2.5411142068523483e-06,2.741122007369998,15000.138254165651,15.000138254165654,1249311.5234375,521996.3073730469,727315.2160644531,6.226494297981263,302.99643981909725,485.2446453103828,4251200.0,369.89,2.544690049407732e-06,221.87259350609423,936d7036dc66eac695c74c686911442cfacc3defd7c48f61326a9aa4788d4b0c,225.70274430589748,15259.083221741259
Daten LOGIN,fixed_data_simple_35_R290_R600a_63_37.pkl,35_R290_R600a_63_37,simple,R290_R600a_63_37,0.156294954056599,0.0072062170422013,1.938529455474565,4.764691314741565e-06,1.1657948493957504,5387.254467010498,5.387254467010498,850678.7109375001,182579.0405273438,668099.6704101562,2.802446098327636,302.5104256689769,511.705428123381,4274608.060399811,388.8928243370717,2.544690049407732e-06,80.9630685435353,9702c672a7eb7b0964bf05460feb05be4503b4ea42f412a890bfb6421bdcda3b,116.61604329535645,7759.591026743045
Daten LOGIN,fixed_data_simple_35_R290_R600a_63_37.pkl,35_R290_R600a_63_37,simple,R290_R600a_63_37,0.1457281215553315,0.0076138758384399,1.9339641218205843,4.7285678321643965e-06,1.447510123252869,6945.614242553712,6.945614242553712,854633.7890625001,231703.1860351563,622930.6030273438,2.960981678962708,302.5404095384898,511.6716061452711,4274608.060399811,388.8928243370717,2.544690049407732e-06,108.10487457345754,9702c672a7eb7b0964bf05460feb05be4503b4ea42f412a890bfb6421bdcda3b,119.15773914629277,7655.74811857923
Daten LOGIN,fixed_data_simple_35_R290_R600a_63_37.pkl,35_R290_R600a_63_37,simple,R290_R600a_63_37,0.1303070142814732,0.007489587895553,1.9233517463789684,4.645083454208351e-06,1.88366544246674,9273.73861312866,9.27373861312866,863940.4296875,306929.01611328125,557011.4135742188,2.912646989822388,303.02985849901074,510.9616967153757,4274608.060399811,388.8928243370717,2.544690049407732e-06,152.7491286990885,9702c672a7eb7b0964bf05460feb05be4503b4ea42f412a890bfb6421bdcda3b,111.96113329143009,6797.40888748242
Daten LOGIN,fixed_data_simple_35_R290_R600a_82_18.pkl,35_R290_R600a_82_18,simple,R290_R600a_82_18,0.1970435471663623,0.0159193995951203,1.790407727675253,3.2155163099104365e-06,1.2395138740539609,6580.300912857056,6.580300912857056,1086418.45703125,233131.4086914063,853287.0483398438,6.053337926864624,302.98070762389955,498.6945356819341,4330449.084026184,380.2491350691448,2.544690049407732e-06,88.640252194613,6c5d9ec76a40345ca06ae527c40555646bc3288edd55468ba87ef010a79bbd11,87.92387391748424,6527.119829610682
Daten LOGIN,fixed_data_simple_35_R290_R600a_82_18.pkl,35_R290_R600a_82_18,simple,R290_R600a_82_18,0.1883802021902504,0.0181455175461221,1.7688599812621888,3.08467761223588e-06,1.5537790060043322,8515.09630203247,8.515096302032472,1112111.81640625,296340.9423828125,815770.8740234375,6.899817352294922,303.1210859986103,498.5510046198705,4330449.084026184,380.2491350691448,2.544690049407732e-06,117.32775993833512,6c5d9ec76a40345ca06ae527c40555646bc3288edd55468ba87ef010a79bbd11,112.8024539339618,8186.670902590285
Daten LOGIN,fixed_data_simple_35_R290_R600a_82_18.pkl,35_R290_R600a_82_18,simple,R290_R600a_82_18,0.1690201811341267,0.0193887566725104,1.7608546526497748,3.036672427344938e-06,2.0000452995300297,11357.567634582512,11.357567634582512,1121906.73828125,389973.4497070313,731933.2885742188,7.372557954788208,303.02020507803854,498.74190640262543,4330449.084026184,380.2491350691448,2.544690049407732e-06,165.18163559157867,6c5d9ec76a40345ca06ae527c40555646bc3288edd55468ba87ef010a79bbd11,157.81089246007642,10850.769688591963
Daten LOGIN,fixed_data_simple_35_R600a.pkl,35_R600a,simple,R600a,0.0997313444001446,0.0190007834319607,2.465679144951967,9.64095486246252e-06,1.2366015911102295,4657.330198287964,4.657330198287964,497075.1953125,135150.14648437494,361925.04882812506,7.748842496871948,302.89445236669314,544.8563403519056,3629000.0,407.817,2.544690049407732e-06,92.15880084534903,1dd9668ae0440c1dd0ce084798cdbad7855b964c18db62de77e364b9632b59c2,107.7641374566517,5445.960310524679
Daten LOGIN,fixed_data_simple_35_R600a.pkl,35_R600a,simple,R600a,0.08867017294494,0.0197876717170347,2.44242914845295,9.399917662723206e-06,1.7080054283142092,6366.380376815795,6.366380376815795,505673.82812500006,183889.7705078125,321784.0576171876,8.069748916625976,303.2167884135585,544.455660516235,3629000.0,407.817,2.544690049407732e-06,133.65314210556335,1dd9668ae0440c1dd0ce084798cdbad7855b964c18db62de77e364b9632b59c2,127.13246941597022,6055.777258919203
Daten LOGIN,fixed_data_simple_55_R1234yf.pkl,55_R1234yf,simple,R1234yf,0.3696409393178811,0.016055187175046,1.619603992884652,1.0812414307345602e-06,1.6371064329147351,13697.907619476327,13.697907619476329,1457697.75390625,207498.1689453125,1250199.5849609375,5.905900602340699,322.0370483179229,997.9773060792634,3382200.0,367.85,2.544690049407732e-06,107.759194296087,442a32d54e323887922674f6eed4dd2a59865c2792ea02a47974410b26b0a871,110.42171567521297,14036.356436993821
Daten LOGIN,fixed_data_simple_55_R1234yf.pkl,55_R1234yf,simple,R1234yf,0.3561205207247686,0.0164976717062386,1.609891934383478,1.0533507232771022e-06,2.1433272361755384,18813.363304138184,18.813363304138186,1472912.59765625,268441.7724609376,1204470.8251953125,6.068668537139892,322.3226327881927,996.7914382860052,3382200.0,367.85,2.544690049407732e-06,150.87464485470107,442a32d54e323887922674f6eed4dd2a59865c2792ea02a47974410b26b0a871,155.5778642848529,19399.832792923007
Daten LOGIN,fixed_data_simple_55_R1234yf.pkl,55_R1234yf,simple,R1234yf,0.3349848737046153,0.0181903735149549,1.598960807473889,1.022381594002589e-06,2.73890233039856,25446.474876403805,25.446474876403805,1490322.265625,357336.42578125,1132985.83984375,6.691328897476196,322.208745678859,997.5747335127112,3382200.0,367.85,2.544690049407732e-06,210.32591007769875,442a32d54e323887922674f6eed4dd2a59865c2792ea02a47974410b26b0a871,208.94083405700235,25278.900172224276
Daten LOGIN,fixed_data_simple_55_R1270.pkl,55_R1270,simple,R1270,0.4033292232308246,0.0117550312812075,1.3671389220985009,8.798923519299103e-07,1.3999999761581408,9433.971614837646,9.433971614837647,2226054.6875,388890.07568359375,1837164.6118164065,4.2813116979599,322.6796106571505,459.9704840995988,4555000.0,364.211,2.544690049407732e-06,90.17905044334226,f796b9c08cffcdcbea4cbd414f96c7e0eebdf22decebc8f5d82a86dd172498fb,84.52025265863439,8841.983371308947
Daten LOGIN,fixed_data_simple_55_R1270.pkl,55_R1270,simple,R1270,0.384808436706744,0.0132035108172189,1.3593172978312775,8.549829639078868e-07,1.7333325147628786,12585.581073760985,12.585581073760984,2251406.25,498603.82080078137,1752802.4291992188,4.808863878250123,322.69438006440816,460.09790813737015,4555000.0,364.211,2.544690049407732e-06,123.1492495448702,f796b9c08cffcdcbea4cbd414f96c7e0eebdf22decebc8f5d82a86dd172498fb,119.82201041337757,12245.544589609019
Daten LOGIN,fixed_data_simple_55_R1270.pkl,55_R1270,simple,R1270,0.3563873592506517,0.0150359711761107,1.352683744886676,8.340468355735627e-07,2.200000047683719,16907.797126770034,16.907797126770035,2273303.22265625,649958.8012695314,1623344.4213867188,5.476266098022461,322.49177304954645,460.7317345919287,4555000.0,364.211,2.544690049407732e-06,171.79389995232998,f796b9c08cffcdcbea4cbd414f96c7e0eebdf22decebc8f5d82a86dd172498fb,166.04604379124146,16342.098426685183
Daten LOGIN,fixed_data_simple_55_R1270_R600a_92_8.pkl,55_R1270_R600a_92_8,simple,R1270_R600a_92_8,0.3701337087689308,0.0116735321287979,1.38853787037353,1.043499776704727e-06,1.1286192488670352,7191.764125823975,7.191764125823974,2034892.578125,302416.9921875,1732475.5859375,4.3443601608276365,322.36018387783145,471.3618310634597,4680674.969323206,372.1547268551524,2.544690049407732e-06,69.93181144139581,73835ec158e10a5de4b0561bb89804957d6999be27b525cf4c0fdafb0ec7e027,64.7684224446803,6660.76292638598
Daten LOGIN,fixed_data_simple_55_R1270_R600a_92_8.pkl,55_R1270_R600a_92_8,simple,R1270_R600a_92_8,0.3581998942548155,0.0128980100023626,1.379531853563629,1.01020997322025e-06,1.387248780727386,9643.482437133787,9.64348243713379,2062332.7636718748,385715.48461914057,1676617.279052734,4.800055389404298,322.5495564056704,471.09334894826856,4680674.969323206,372.1547268551524,2.544690049407732e-06,95.34843063292226,73835ec158e10a5de4b0561bb89804957d6999be27b525cf4c0fdafb0ec7e027,92.15847850894114,9320.852614296538
Daten LOGIN,fixed_data_simple_55_R1270_R600a_92_8.pkl,55_R1270_R600a_92_8,simple,R1270_R600a_92_8,0.3383340228013862,0.014385515932508,1.3704911257392594,9.771731343045872e-07,1.888610634803772,13070.95594406128,13.07095594406128,2090522.4609375,506890.869140625,1583631.591796875,5.353637752532959,322.6522312029194,471.02163682046177,4680674.969323206,372.1547268551524,2.544690049407732e-06,132.9872343453121,73835ec158e10a5de4b0561bb89804957d6999be27b525cf4c0fdafb0ec7e027,139.98265565707484,13758.51700378507
Daten LOGIN,fixed_data_simple_55_R290.pkl,55_R290,simple,R290,0.3679372423521594,0.0138568577548168,1.4040015575262876,1.0840179223632428e-06,1.310424582958222,8107.123756408691,8.107123756408692,1881618.6523437505,317443.8476562501,1564174.8046875,5.125513114929199,322.3875003069389,451.45748568028273,4251200.0,369.89,2.544690049407732e-06,84.77461788739204,5a52637b827ed4f9a4df76a67eba44595600dc7cdc787c1dcb1139e578bc91dc,83.08148306105461,7945.20673554242
Daten LOGIN,fixed_data_simple_55_R290.pkl,55_R290,simple,R290,0.3556801764014793,0.0152861994449657,1.391353095160464,1.0399086277433922e-06,1.663582221269608,10545.20289421081,10.54520289421081,1914620.3613281248,402552.7954101564,1512067.5659179688,5.654212312698364,322.6802660994647,451.0203802327737,4251200.0,369.89,2.544690049407732e-06,112.20736620352648,5a52637b827ed4f9a4df76a67eba44595600dc7cdc787c1dcb1139e578bc91dc,116.48666553007843,10947.369714183204
Daten LOGIN,fixed_data_simple_55_R290.pkl,55_R290,simple,R290,0.3332815719449435,0.0174513697485624,1.3805224342001627,1.0026798276895625e-06,2.108149042129516,14333.325061798088,14.333325061798089,1943666.9921875,526820.3735351564,1416846.6186523438,6.455087156295776,322.59381386532965,451.3640864533993,4251200.0,369.89,2.544690049407732e-06,157.4969476557868,5a52637b827ed4f9a4df76a67eba44595600dc7cdc787c1dcb1139e578bc91dc,158.3662139867719,14412.434384694401
Daten LOGIN,fixed_data_simple_55_R290_R600a_63_37.pkl,55_R290_R600a_63_37,simple,R290_R600a_63_37,0.2726864615683638,0.0095973641996998,1.5382583475738594,2.078999485234041e-06,0.95920068025589,4923.607878684998,4.923607878684997,1352338.8671875,186711.1206054687,1165627.7465820312,3.732346069812775,321.66494321486164,482.4341550545616,4274608.060399811,388.8928243370717,2.544690049407732e-06,57.69452559044546,e05e23315ec90ce3f4c5ddf3d61d0d0023e81e4a80c9c00dcff9b71b4a7c2ea2,60.40083389465637,5154.562215381547
Daten LOGIN,fixed_data_simple_55_R290_R600a_63_37.pkl,55_R290_R600a_63_37,simple,R290_R600a_63_37,0.264922149233553,0.0090680155353535,1.531824577576662,2.0438308993488816e-06,1.157049417495729,6347.181005477905,6.347181005477905,1364020.99609375,231582.64160156256,1132438.3544921875,3.5264861726760857,322.26849575686754,481.4196148466276,4274608.060399811,388.8928243370717,2.544690049407732e-06,75.53736280992493,e05e23315ec90ce3f4c5ddf3d61d0d0023e81e4a80c9c00dcff9b71b4a7c2ea2,78.85034907917795,6625.561435206767
Daten LOGIN,fixed_data_simple_55_R290_R600a_63_37.pkl,55_R290_R600a_63_37,simple,R290_R600a_63_37,0.2485521259797569,0.010118582959283,1.5293057551810405,2.0301317048233004e-06,1.5547320842742909,8823.358001708984,8.823358001708984,1368638.916015625,306175.9948730468,1062462.921142578,3.935044305324554,322.0164686601361,481.883413121897,4274608.060399811,388.8928243370717,2.544690049407732e-06,108.35679009372238,e05e23315ec90ce3f4c5ddf3d61d0d0023e81e4a80c9c00dcff9b71b4a7c2ea2,115.78447878873352,9428.185409614329
Daten LOGIN,fixed_data_simple_55_R290_R600a_82_18.pkl,55_R290_R600a_82_18,simple,R290_R600a_82_18,0.3608132407522089,0.0255710214857617,1.387209775852792,1.16496904394838e-06,0.9697083234786988,5925.530209541321,5.9255302095413205,1801479.4921875,238996.12426757807,1562483.367919922,9.72335880279541,322.1501609075581,468.3195162140748,4330449.084026184,380.2491350691448,2.544690049407732e-06,60.86932663195735,34f429785ceb8a94b79309d81164745a86a97c308985bfbbd69d7c6b6cd679ed,64.95541110718008,6323.303905036061
Daten LOGIN,fixed_data_simple_55_R290_R600a_82_18.pkl,55_R290_R600a_82_18,simple,R290_R600a_82_18,0.3839304458494681,0.0359203000485948,1.331388335462438,9.484468650182964e-07,1.1053067445755005,7585.126161575317,7.585126161575317,1961420.8984375,298829.65087890625,1662591.2475585938,13.658663024902337,322.3802507786796,468.622591171597,4330449.084026184,380.2491350691448,2.544690049407732e-06,75.51071174069203,34f429785ceb8a94b79309d81164745a86a97c308985bfbbd69d7c6b6cd679ed,78.70224272103138,7905.718625563504
Daten LOGIN,fixed_data_simple_55_R290_R600a_82_18.pkl,55_R290_R600a_82_18,simple,R290_R600a_82_18,0.3703075573330633,0.0378669231227808,1.321527201183814,9.119400278833048e-07,1.4112783074378996,10287.538280487057,10.287538280487055,1992175.29296875,388577.2705078125,1603598.0224609375,14.398864765167229,322.4125565161283,468.70269739349806,4330449.084026184,380.2491350691448,2.544690049407732e-06,104.27137305197375,34f429785ceb8a94b79309d81164745a86a97c308985bfbbd69d7c6b6cd679ed,100.9744000801943,9962.25498686431
Daten LOGIN,fixed_data_simple_55_R600a.pkl,55_R600a,simple,R600a,0.178509247339143,0.0173832511475783,1.917398855440421,4.71109057914509e-06,1.0716983079910294,4528.530712127686,4.528530712127686,786665.0390625,138854.98046875,647810.05859375,7.089185333251953,321.79869932977124,519.666721376674,3629000.0,407.817,2.544690049407732e-06,68.58373480389504,00f6cd2dfcfda56c0c6e3280206f391c7ae7411c1c36352cf4c7a78eef3c2695,81.90166846128433,5407.903522051434
Daten LOGIN,fixed_data_simple_55_R600a.pkl,55_R600a,simple,R600a,0.1752602899655983,0.0164672652033526,1.9176086287812748,4.712672061941885e-06,1.1136360168457011,4953.819131851196,4.953819131851197,786506.34765625,150486.75537109375,636019.5922851562,6.715630693435669,322.1637448080557,519.1348794544771,3629000.0,407.817,2.544690049407732e-06,75.75562840444532,00f6cd2dfcfda56c0c6e3280206f391c7ae7411c1c36352cf4c7a78eef3c2695,86.57219576607145,5661.137115551488
Daten LOGIN,fixed_data_simple_55_R600a.pkl,55_R600a,simple,R600a,0.1684693089198987,0.0173730071059599,1.9018087594925128,4.594216952894747e-06,1.3600000143051094,6278.714818954468,6.278714818954468,798603.515625,187228.3935546876,611375.1220703125,7.085007638931273,322.439434606493,518.7702168419822,3629000.0,407.817,2.544690049407732e-06,97.96692343848716,00f6cd2dfcfda56c0c6e3280206f391c7ae7411c1c36352cf4c7a78eef3c2695,105.6884031823028,6773.5856140161595
newdata,fixed_data_simple_B-3W35_R290.pkl,B-3W35_R290,simple,R290,0.1978107893157373,0.0124815011237826,1.785911809187179,2.7266299377391992e-06,1.1499999761581403,5939.840822219847,5.939840822219847,1202429.19921875,361495.9716796874,840933.2275390625,4.616782450675965,302.9981835300328,485.0799420653513,4251200.0,369.89,2.544690049407732e-06,81.7217206967811,567df573246234e64ffa218e4df1035430965cb9bad33c4e049f100d06470819,94.34966169066202,6857.686882930507
newdata,fixed_data_simple_B-3W35_R290.pkl,B-3W35_R290,simple,R290,0.1997938001788465,0.0133861841703357,1.7836152298625816,2.7150007595961275e-06,1.4038277077674877,7969.850082397461,7.969850082397461,1205244.140625,355880.7373046875,849363.4033203125,4.951415662765503,302.7613791859029,485.4927733927197,4251200.0,369.89,2.544690049407732e-06,109.05914926611848,567df573246234e64ffa218e4df1035430965cb9bad33c4e049f100d06470819,106.24250130007061,7764.0144218834175
newdata,fixed_data_simple_B-3W35_R290.pkl,B-3W35_R290,simple,R290,0.2010260033885653,0.0130436801959387,1.7834164608094702,2.7139952274435923e-06,2.1076468610763546,11984.57786560059,11.98457786560059,1205488.28125,350886.5356445312,854601.7456054688,4.824726867675781,302.89654482410884,485.263649324866,4251200.0,369.89,2.544690049407732e-06,163.5317499990873,567df573246234e64ffa218e4df1035430965cb9bad33c4e049f100d06470819,154.45392303237006,11319.300791676542
newdata,fixed_data_simple_B-3W35_R290.pkl,B-3W35_R290,simple,R290,0.2027763564828019,0.0128417178150923,1.7784271747979827,2.688806286457869e-06,2.719843406677246,15847.021160125729,15.847021160125728,1211643.06640625,349600.2197265625,862042.8466796875,4.750023002624512,303.1845361458124,484.7939428240425,4251200.0,369.89,2.544690049407732e-06,215.40447910554215,567df573246234e64ffa218e4df1035430965cb9bad33c4e049f100d06470819,195.99871040901283,14419.364555957676
newdata,fixed_data_simple_B-3W35_R290.pkl,B-3W35_R290,simple,R290,0.2115511651949008,0.0154988243424588,1.764226435858144,2.617648185619578e-06,3.186066389083862,18874.171409606937,18.874171409606937,1229445.80078125,330099.4873046875,899346.3134765625,5.732860136032104,302.8142041178328,485.48612634258507,4251200.0,369.89,2.544690049407732e-06,250.9956034433432,567df573246234e64ffa218e4df1035430965cb9bad33c4e049f100d06470819,236.2609257227706,17766.164619256208
newdata,fixed_data_simple_B-3W50_R290.pkl,B-3W50_R290,simple,R290,0.3152331150156867,0.0153190659253297,1.4809764546337243,1.367004535892621e-06,0.9772000145912172,5548.48445892334,5.54848445892334,1699899.9023437498,359780.8837890625,1340119.0185546873,5.666369295120239,317.12283076166744,461.2728308618015,4251200.0,369.89,2.544690049407732e-06,62.01173202090142,f8a910f886bec192b4ebc58f4596d662b65e0b6a06c2560193d2469066751603,60.11357756728343,5378.647556400028
newdata,fixed_data_simple_B-3W50_R290.pkl,B-3W50_R290,simple,R290,0.3165570963671839,0.0146671542447379,1.4798154183502354,1.362551904809988e-06,1.2401910769939426,7531.037268638611,7.531037268638611,1702419.4335937502,356671.9055175781,1345747.528076172,5.42523368358612,317.4319426023369,460.6735907920223,4251200.0,369.89,2.544690049407732e-06,84.04782012455601,f8a910f886bec192b4ebc58f4596d662b65e0b6a06c2560193d2469066751603,81.18214439918778,7274.260701969803
newdata,fixed_data_simple_B-3W50_R290.pkl,B-3W50_R290,simple,R290,0.3184135847626478,0.0146729225060304,1.4784880325367764,1.3574681879536528e-06,1.7948918128013602,11580.330047607416,11.580330047607417,1705307.6171874998,351667.78564453125,1353639.8315429683,5.427367305755615,317.5076405506138,460.5374384029744,4251200.0,369.89,2.544690049407732e-06,128.8804413793323,f8a910f886bec192b4ebc58f4596d662b65e0b6a06c2560193d2469066751603,126.19821769903051,11339.323459276598
newdata,fixed_data_simple_B-3W50_R290.pkl,B-3W50_R290,simple,R290,0.3204194952950784,0.0150465945031618,1.4761510006563168,1.3485354822619348e-06,2.298685770034792,15404.296646118177,15.404296646118176,1710412.59765625,348245.2392578125,1362167.3583984375,5.5655848407745365,317.5067570652356,460.5638820466379,4251200.0,369.89,2.544690049407732e-06,170.89596583933837,f8a910f886bec192b4ebc58f4596d662b65e0b6a06c2560193d2469066751603,167.67584562550653,15114.040016791654
newdata,fixed_data_simple_B-3W50_R290.pkl,B-3W50_R290,simple,R290,0.3251185935827678,0.0155542818098489,1.4669064033473738,1.3134234625167102e-06,2.879831433296204,19617.088279724103,19.617088279724104,1730859.375,348715.2099609375,1382144.1650390625,5.75337329864502,317.86602919872183,459.94928245360256,4251200.0,369.89,2.544690049407732e-06,216.1986669926427,f8a910f886bec192b4ebc58f4596d662b65e0b6a06c2560193d2469066751603,216.34724229309313,19630.569467308032
newdata,fixed_data_simple_B-3W65_R290.pkl,B-3W65_R290,simple,R290,0.4581643801952242,0.0153427402218194,1.2633474408111605,6.32303723096115e-07,1.0883842897415212,7172.717552185058,7.172717552185058,2313461.9140625,365713.5009765625,1947748.4130859373,5.675126180648804,331.8440162902619,432.770885355188,4251200.0,369.89,2.544690049407732e-06,68.6496602958242,0a635d475d6c9c6b3d00a3bc24a0857cd9f7bf40410c912b3028c88f61b28e57,65.94902381815915,6890.547144029408
newdata,fixed_data_simple_B-3W65_R290.pkl,B-3W65_R290,simple,R290,0.4640406219861451,0.0152492448165857,1.258866149038394,6.193341109920934e-07,1.340244336128234,9115.065860748293,9.115065860748292,2330004.8828125,357275.390625,1972729.4921875,5.64054316520691,332.233237232092,431.9400249713698,4251200.0,369.89,2.544690049407732e-06,86.76896725500978,0a635d475d6c9c6b3d00a3bc24a0857cd9f7bf40410c912b3028c88f61b28e57,85.03969512776432,8933.406105773063
newdata,fixed_data_simple_B-3W65_R290.pkl,B-3W65_R290,simple,R290,0.4699081776955991,0.0164582094635296,1.252923105844524,6.022718501503915e-07,2.0495533943176283,15036.5710067749,15.0365710067749,2352268.06640625,354594.42138671875,1997673.6450195312,6.087727098464967,332.26035861451976,432.0389105099397,4251200.0,369.89,2.544690049407732e-06,142.2247630612067,0a635d475d6c9c6b3d00a3bc24a0857cd9f7bf40410c912b3028c88f61b28e57,142.56966913724034,15073.035857137955
newdata,fixed_data_simple_B-3W65_R290.pkl,B-3W65_R290,simple,R290,0.4747560161551812,0.017665339107947,1.2483298219838097,5.891926322998523e-07,2.291008024215698,17089.80644226075,17.08980644226075,2369733.88671875,351451.1108398437,2018282.7758789065,6.53423228263855,332.183608064507,432.3559085796462,4251200.0,369.89,2.544690049407732e-06,160.75909342077028,0a635d475d6c9c6b3d00a3bc24a0857cd9f7bf40410c912b3028c88f61b28e57,162.3353530138729,17257.3737678513
newdata,fixed_data_simple_B12W35_R290.pkl,B12W35_R290,simple,R290,0.1604851179657729,0.0139045627928859,1.781226422957045,2.7029265458536005e-06,1.2070410537719722,6012.352447509766,6.012352447509766,1208183.59375,525929.2602539062,682254.3334960938,5.143158731460571,302.6716139361359,485.6553957435682,4251200.0,369.89,2.544690049407732e-06,91.78195017395107,04e5d2544da4178cd1e5f266d92f054dcabd4c9bc53790a4137877da8cbe5641,114.49626689106891,7500.297271615657
newdata,fixed_data_simple_B12W35_R290.pkl,B12W35_R290,simple,R290,0.1621251362896432,0.0134608631937936,1.777403208396115,2.683648781288664e-06,1.6693999576568614,8927.920742034912,8.927920742034912,1212912.59765625,523686.2182617188,689226.3793945312,4.979038686752319,302.99941604281605,485.11405749736775,4251200.0,369.89,2.544690049407732e-06,135.6742911682571,04e5d2544da4178cd1e5f266d92f054dcabd4c9bc53790a4137877da8cbe5641,149.20852076334197,9818.528152539602
newdata,fixed_data_simple_B12W35_R290.pkl,B12W35_R290,simple,R290,0.1643933521252087,0.0141641833189259,1.7707432687566211,2.650204675439462e-06,2.1594820022583003,12022.097854614254,12.022097854614254,1221223.14453125,522354.1259765625,698869.0185546875,5.239189767837525,303.025785057577,485.0978316692972,4251200.0,369.89,2.544690049407732e-06,181.4336377958222,04e5d2544da4178cd1e5f266d92f054dcabd4c9bc53790a4137877da8cbe5641,180.9967209536815,11993.147010138237
newdata,fixed_data_simple_B12W35_R290.pkl,B12W35_R290,simple,R290,0.1664272950114636,0.0157557440073505,1.7632669787947175,2.612869101802944e-06,3.210000038146972,18144.09717559815,18.14409717559815,1230664.0625,523148.3459472656,707515.7165527344,5.827892150878906,302.7608487363241,485.5809392983096,4251200.0,369.89,2.544690049407732e-06,272.01109113320246,04e5d2544da4178cd1e5f266d92f054dcabd4c9bc53790a4137877da8cbe5641,265.8678232840889,17734.319587612008
newdata,fixed_data_simple_B12W35_R290.pkl,B12W35_R290,simple,R290,0.1717529756304102,0.0172075699959336,1.7434613447366236,2.515027882940773e-06,4.226064682006838,24332.24899291992,24.33224899291992,1256260.986328125,526104.736328125,730156.25,6.364908065795899,303.09260347978835,485.1049863373371,4251200.0,369.89,2.544690049407732e-06,359.2581173426118,04e5d2544da4178cd1e5f266d92f054dcabd4c9bc53790a4137877da8cbe5641,364.37478937057483,24678.796869751255
newdata,fixed_data_simple_B12W35_R290.pkl,B12W35_R290,simple,R290,0.1734632363568852,0.0164370477246285,1.7478118802080995,2.5363870798489458e-06,4.721285820007322,26782.33383178711,26.78233383178711,1250563.96484375,513137.0544433594,737426.9104003906,6.079899582862853,303.1853807811778,484.9273070870404,4251200.0,369.89,2.544690049407732e-06,393.5507264008767,04e5d2544da4178cd1e5f266d92f054dcabd4c9bc53790a4137877da8cbe5641,402.1599094195924,27368.215137952786
newdata,fixed_data_simple_B12W50_R290.pkl,B12W50_R290,simple,R290,0.275865065948291,0.0155696253335795,1.4764169731318122,1.349550947030315e-06,0.9514484804868698,5630.556516647339,5.630556516647339,1709830.3222656248,537072.75390625,1172757.5683593748,5.759048714637756,317.2976440517758,460.9751491556533,4251200.0,369.89,2.544690049407732e-06,67.29124347844864,724c70e8d830fd59ca37cf1165495d577205fe77abf3f7cde841fd130bc4e492,64.41035089966013,5389.499469032315
newdata,fixed_data_simple_B12W50_R290.pkl,B12W50_R290,simple,R290,0.2780103844989723,0.0152201199139014,1.475316708650757,1.3453521239651946e-06,1.3361898708343505,8543.762474060059,8.543762474060058,1712241.2109374998,530363.4643554688,1181877.746582031,5.629770154953003,317.4916918505062,460.6025926461457,4251200.0,369.89,2.544690049407732e-06,101.75360619326968,724c70e8d830fd59ca37cf1165495d577205fe77abf3f7cde841fd130bc4e492,96.70470236877463,8119.830225910288
newdata,fixed_data_simple_B12W50_R290.pkl,B12W50_R290,simple,R290,0.2820774088419152,0.0163091713792586,1.4696258764884178,1.3237153283341323e-06,1.8269209861755384,11545.184440612786,11.545184440612786,1724802.2460937498,525634.765625,1199167.4804687498,6.032599401473999,317.42523946636413,460.7947992786866,4251200.0,369.89,2.544690049407732e-06,136.47631270325036,724c70e8d830fd59ca37cf1165495d577205fe77abf3f7cde841fd130bc4e492,136.80179533222423,11572.718573894139
newdata,fixed_data_simple_B12W50_R290.pkl,B12W50_R290,simple,R290,0.290052954487483,0.0179713579301767,1.455565617513659,1.270837189128421e-06,2.637745776176452,17629.117851257317,17.629117851257316,1756507.568359375,523434.4482421875,1233073.1201171875,6.6474255847930905,317.6515320656214,460.4997229343609,4251200.0,369.89,2.544690049407732e-06,205.57561099835493,724c70e8d830fd59ca37cf1165495d577205fe77abf3f7cde841fd130bc4e492,205.5336682019888,17625.521050564083
newdata,fixed_data_simple_B12W50_R290.pkl,B12W50_R290,simple,R290,0.295883971226139,0.0195895102473405,1.4451679270825293,1.2322653606879442e-06,3.435548672676086,23505.988540649418,23.50598854064942,1780588.3789062498,522726.4404296875,1257861.9384765625,7.245963945388794,317.6844159437895,460.5508622365505,4251200.0,369.89,2.544690049407732e-06,271.3771909967176,724c70e8d830fd59ca37cf1165495d577205fe77abf3f7cde841fd130bc4e492,275.6842403999378,23879.053990786422
newdata,fixed_data_simple_B12W50_R290.pkl,B12W50_R290,simple,R290,0.3009925357013167,0.0200511550325789,1.4410617139891788,1.2171576242397118e-06,4.147958507537841,29133.272171020504,29.133272171020504,1790251.46484375,510671.9970703125,1279579.4677734375,7.416721735000611,317.765269309165,460.43750562236727,4251200.0,369.89,2.544690049407732e-06,333.51886112889895,724c70e8d830fd59ca37cf1165495d577205fe77abf3f7cde841fd130bc4e492,339.3484590533356,29642.49453525312
newdata,fixed_data_simple_B12W65_R290.pkl,B12W65_R290,simple,R290,0.4249472253790106,0.0166020314863423,1.2567238645844312,6.131655504731021e-07,1.1931684708595278,7861.09347820282,7.86109347820282,2337987.060546875,531451.416015625,1806535.64453125,6.140925426483154,331.90329920617864,432.8062871208155,4251200.0,369.89,2.544690049407732e-06,78.12014186041125,2bbd8c857fa16d231d7e5a43e10ffd8679f503e860350f488b1c2a00104759a1,81.23046531204098,8174.079896537762
newdata,fixed_data_simple_B12W65_R290.pkl,B12W65_R290,simple,R290,0.4316735545809124,0.0173113741799022,1.2498679103247037,5.935617940844423e-07,1.5890244030952445,10849.684906005858,10.84968490600586,2363859.86328125,528729.248046875,1835130.615234375,6.403304195404052,332.19041032597835,432.29595548114577,4251200.0,369.89,2.544690049407732e-06,107.03927524060556,2bbd8c857fa16d231d7e5a43e10ffd8679f503e860350f488b1c2a00104759a1,112.86611068906821,11440.302961601425
newdata,fixed_data_simple_B12W65_R290.pkl,B12W65_R290,simple,R290,0.4496294078317225,0.0214491869212196,1.231154363776776,5.411228719450763e-07,2.2261896133422883,16917.304954528805,16.917304954528806,2437131.34765625,525666.8090820312,1911464.5385742188,7.933839750289917,332.19195714481907,432.8293801549564,4251200.0,369.89,2.544690049407732e-06,163.43301762551917,2bbd8c857fa16d231d7e5a43e10ffd8679f503e860350f488b1c2a00104759a1,164.19302766987954,16995.975237166615
newdata,fixed_data_simple_B12W65_R290.pkl,B12W65_R290,simple,R290,0.4608807547629934,0.0238857662988123,1.2187112864599732,5.071262689150696e-07,2.863331079483031,22938.787536621094,22.938787536621096,2488132.32421875,528836.0595703125,1959296.2646484373,8.835106096267701,332.3368111531202,432.8497632125056,4251200.0,369.89,2.544690049407732e-06,218.87790445091463,2bbd8c857fa16d231d7e5a43e10ffd8679f503e860350f488b1c2a00104759a1,212.974119265201,22320.060514463832
newdata,fixed_data_simple_B12W65_R290.pkl,B12W65_R290,simple,R290,0.4707935837188249,0.0249047784568871,1.214390977817012,4.954859585180412e-07,2.990243701934814,23809.58911895752,23.80958911895752,2506291.50390625,504853.82080078137,2001437.6831054688,9.212028503417969,332.3284706446759,433.0013927595798,4251200.0,369.89,2.544690049407732e-06,224.7430801230108,2bbd8c857fa16d231d7e5a43e10ffd8679f503e860350f488b1c2a00104759a1,221.68074782953013,23485.161449755953
newdata,fixed_data_simple_B2W35_R290.pkl,B2W35_R290,simple,R290,0.1864602344126731,0.0135231756739232,1.7803676735947227,2.698591478762992e-06,0.9700000000000002,4640.116205215454,4.640116205215454,1209243.1640625,416563.41552734375,792679.7485351562,5.0020874500274655,302.849400154912,485.35682225494696,4251200.0,369.89,2.544690049407732e-06,65.73543131635724,8527446be505a216a7db933e163be51d80abc6bc4152276c1bbee8df37125695,83.65092550589496,5904.730633821657
newdata,fixed_data_simple_B2W35_R290.pkl,B2W35_R290,simple,R290,0.187421087308804,0.0135488224717937,1.7823382945178956,2.7085437072854787e-06,1.2684400010108938,6867.336807250977,6.867336807250977,1206813.96484375,410049.4384765625,796764.5263671875,5.011573944091797,302.7557050918227,485.50781314864696,4251200.0,369.89,2.544690049407732e-06,97.02314579060898,8527446be505a216a7db933e163be51d80abc6bc4152276c1bbee8df37125695,103.4114461510572,7319.503244894222
newdata,fixed_data_simple_B2W35_R290.pkl,B2W35_R290,simple,R290,0.1902142726796257,0.0134534473053591,1.7776649403799871,2.684966678583106e-06,1.5844018316268906,9113.86137008667,9.11386137008667,1212587.890625,403948.9746093751,808638.9160156249,4.976295623779296,302.9909351671533,485.1273853312605,4251200.0,369.89,2.544690049407732e-06,127.86371377759194,8527446be505a216a7db933e163be51d80abc6bc4152276c1bbee8df37125695,124.54432403543723,8877.262126646054
newdata,fixed_data_simple_B2W35_R290.pkl,B2W35_R290,simple,R290,0.1940352870954083,0.0142010817927015,1.7709592690202929,2.6512866223409484e-06,2.377690315246581,13593.026885986328,13.593026885986328,1220952.1484375,396069.3359375,824882.8125,5.252838144302368,303.0028161690582,485.13602109684615,4251200.0,369.89,2.544690049407732e-06,188.8158283507113,8527446be505a216a7db933e163be51d80abc6bc4152276c1bbee8df37125695,179.21980463892496,12902.200224618759
newdata,fixed_data_simple_B2W35_R290.pkl,B2W35_R290,simple,R290,0.1973153955289462,0.0161347694100987,1.7583538397364236,2.588453475733078e-06,3.099999904632569,18186.833457946777,18.18683345794678,1236933.59375,398106.38427734375,838827.2094726562,5.9680898571014405,302.8346551366477,485.4770927897644,4251200.0,369.89,2.544690049407732e-06,250.43012739821685,8527446be505a216a7db933e163be51d80abc6bc4152276c1bbee8df37125695,239.16559308294387,17368.776095194127
newdata,fixed_data_simple_B2W35_R290.pkl,B2W35_R290,simple,R290,0.2021657464914318,0.0155553965483588,1.7586034826547496,2.5896917699254484e-06,3.759999990463257,21845.205039978027,21.845205039978023,1236613.76953125,377166.748046875,859447.021484375,5.75378562927246,303.03806171945695,485.1300486874808,4251200.0,369.89,2.544690049407732e-06,297.28130093946737,8527446be505a216a7db933e163be51d80abc6bc4152276c1bbee8df37125695,289.22486142342643,21253.19144018578
newdata,fixed_data_simple_B2W50_R290.pkl,B2W50_R290,simple,R290,0.3043219609775622,0.0153726498193541,1.4788938152881894,1.3590215054203458e-06,1.097647862434387,6467.321290969849,6.467321290969849,1704423.828125,410690.3076171876,1293733.5205078125,5.6861894416809085,317.22501210482653,461.0927418085678,4251200.0,369.89,2.544690049407732e-06,73.57969598394877,f01183a5fe4792ee0ccf78fd9cb885f3aa59e67eb9afdd62384f34e4df694a3e,71.77645957815918,6308.824995981638
newdata,fixed_data_simple_B2W50_R290.pkl,B2W50_R290,simple,R290,0.306379987998793,0.0153795448725439,1.4768092383374178,1.3510491264902777e-06,1.345422434806823,8747.664966583252,8.747664966583253,1708972.16796875,406489.5629882813,1302482.6049804688,5.688739852905274,317.3448821626536,460.8775916430463,4251200.0,369.89,2.544690049407732e-06,99.21183665688515,f01183a5fe4792ee0ccf78fd9cb885f3aa59e67eb9afdd62384f34e4df694a3e,91.83076843683345,8096.864476841219
newdata,fixed_data_simple_B2W50_R290.pkl,B2W50_R290,simple,R290,0.3125702567597641,0.0167003694913977,1.466562266011778,1.3121232722038478e-06,2.073364193439486,13404.256086349484,13.404256086349484,1731628.41796875,402829.7424316406,1328798.6755371094,6.177299671173095,317.46258601942645,460.7537772641995,4251200.0,369.89,2.544690049407732e-06,150.53198258648808,f01183a5fe4792ee0ccf78fd9cb885f3aa59e67eb9afdd62384f34e4df694a3e,151.54925605224736,13494.840119128372
newdata,fixed_data_simple_B2W50_R290.pkl,B2W50_R290,simple,R290,0.3124574453793928,0.01639343672591,1.466860503568332,1.3132500193185484e-06,2.6329282331466675,17921.837463378903,17.921837463378903,1730961.9140625,402642.822265625,1328319.091796875,6.063768310546875,317.5583656654106,460.5608921297448,4251200.0,369.89,2.544690049407732e-06,201.3436367137796,f01183a5fe4792ee0ccf78fd9cb885f3aa59e67eb9afdd62384f34e4df694a3e,198.69418703578418,17686.00678468735
newdata,fixed_data_simple_B2W50_R290.pkl,B2W50_R290,simple,R290,0.321673880316146,0.0181907886986849,1.4560750501822768,1.272738645387481e-06,3.2011106777191163,21842.201576232907,21.842201576232902,1755341.796875,387841.79687500006,1367500.0,6.728590831756592,317.5396381160002,460.7155626411249,4251200.0,369.89,2.544690049407732e-06,241.80563231350567,f01183a5fe4792ee0ccf78fd9cb885f3aa59e67eb9afdd62384f34e4df694a3e,246.13729435040904,22233.47879531559
newdata,fixed_data_simple_B2W65_R290.pkl,B2W65_R290,simple,R290,0.4457686958700632,0.0160443257162688,1.2618445525600082,6.279441587777329e-07,1.007399992942812,6031.80106163025,6.03180106163025,2318986.81640625,423934.9365234375,1895051.8798828125,5.934635639190674,331.7031564069056,433.1544124393091,4251200.0,369.89,2.544690049407732e-06,58.50125684604596,07aaa2941c92270d42259117555fdea6b791250bc264a886505af82ff60c5203,62.94924380019238,6490.412959537725
newdata,fixed_data_simple_B2W65_R290.pkl,B2W65_R290,simple,R290,0.4497279697313405,0.0157132874910918,1.261031656037506,6.255903007119295e-07,1.197580814361571,8163.402061462402,8.163402061462403,2321984.86328125,410101.318359375,1911883.544921875,5.812187910079956,331.8899000645392,432.7215235538264,4251200.0,369.89,2.544690049407732e-06,78.86536741277494,07aaa2941c92270d42259117555fdea6b791250bc264a886505af82ff60c5203,76.62013998484063,7930.997207279452
newdata,fixed_data_simple_B2W65_R290.pkl,B2W65_R290,simple,R290,0.4654492746854932,0.0179517500984971,1.2465607178868892,5.841803105088779e-07,1.739213585853578,12486.661996841429,12.486661996841429,2376522.216796875,397804.2602539062,1978717.9565429688,6.640172843933105,332.2208272042649,432.3150599811045,4251200.0,369.89,2.544690049407732e-06,118.6326786648046,07aaa2941c92270d42259117555fdea6b791250bc264a886505af82ff60c5203,121.41605619640268,12779.625915702843
newdata,fixed_data_simple_B2W65_R290.pkl,B2W65_R290,simple,R290,0.4687661374472208,0.01933927094354,1.2412499020391647,5.692175280340875e-07,2.261236190795899,17288.38623046875,17.28838623046875,2397109.375,404290.771484375,1992818.603515625,7.15340292930603,332.1398966131326,432.663525229528,4251200.0,369.89,2.544690049407732e-06,163.6046112624924,07aaa2941c92270d42259117555fdea6b791250bc264a886505af82ff60c5203,162.64507842911968,17186.99071296987
newdata,fixed_data_simple_B2W65_R290.pkl,B2W65_R290,simple,R290,0.4789310781229785,0.0206392593165152,1.2306850153351712,5.398278712029117e-07,2.5777270650863646,19731.62986755372,19.73162986755372,2439020.99609375,402989.1967773439,2036031.7993164065,7.634255628585814,332.5305934281458,432.0199446726231,4251200.0,369.89,2.544690049407732e-06,184.87104410689548,07aaa2941c92270d42259117555fdea6b791250bc264a886505af82ff60c5203,186.96099353820944,19954.69405167088
newdata,fixed_data_simple_B7W35_R290.pkl,B7W35_R290,simple,R290,0.1729113112547634,0.0135544915730273,1.7822331630188175,2.7080123763684337e-06,1.0860000038146973,5335.622205734253,5.335622205734253,1206943.359375,471862.7929687499,735080.5664062501,5.013670887947082,302.7580967549095,485.5041919608816,4251200.0,369.89,2.544690049407732e-06,78.48220914871546,04803d0ed89c1a0ee0181529125ef81854c8ec9e1b1f90a2d63a18fbd814d02a,100.01855332190112,6799.773093523904
newdata,fixed_data_simple_B7W35_R290.pkl,B7W35_R290,simple,R290,0.1763598291686391,0.0140818968161865,1.777525204513697,2.684263034010031e-06,1.3584681320190433,7786.040029525757,7.786040029525757,1212761.23046875,463020.3247070313,749740.9057617188,5.208752813339234,302.7644699777969,485.5133431699339,4251200.0,369.89,2.544690049407732e-06,113.39934721172594,04803d0ed89c1a0ee0181529125ef81854c8ec9e1b1f90a2d63a18fbd814d02a,113.90680694560552,7820.882397656695
newdata,fixed_data_simple_B7W35_R290.pkl,B7W35_R290,simple,R290,0.1782541127863529,0.0139121683642516,1.773063047300323,2.661834065433908e-06,1.843361566066741,10495.491447448749,10.495491447448748,1218317.87109375,460523.9868164063,757793.8842773438,5.145971956253052,303.0190013061106,485.0993557602639,4251200.0,369.89,2.544690049407732e-06,152.11148028676433,04803d0ed89c1a0ee0181529125ef81854c8ec9e1b1f90a2d63a18fbd814d02a,149.06505000676782,10285.291777518023
newdata,fixed_data_simple_B7W35_R290.pkl,B7W35_R290,simple,R290,0.1812492316048262,0.0154310688620153,1.7644323740103307,2.6186744424362968e-06,2.775000095367431,15747.491626739513,15.747491626739512,1229184.5703125,458657.8369140625,770526.7333984375,5.707798061370849,302.8303255861813,485.4578335101597,4251200.0,369.89,2.544690049407732e-06,226.25171737272868,04803d0ed89c1a0ee0181529125ef81854c8ec9e1b1f90a2d63a18fbd814d02a,219.0560079091445,15246.658413882313
newdata,fixed_data_simple_B7W35_R290.pkl,B7W35_R290,simple,R290,0.1846956677305819,0.0168306249949424,1.7510056083499996,2.552114471396263e-06,3.5918068218231203,21157.447395324714,21.15744739532472,1246408.69140625,461230.4687500001,785178.2226562499,6.2254798793792725,302.89918715768823,485.3999947392463,4251200.0,369.89,2.544690049407732e-06,301.1475774212673,04803d0ed89c1a0ee0181529125ef81854c8ec9e1b1f90a2d63a18fbd814d02a,292.5513139454032,20553.507646433674
newdata,fixed_data_simple_B7W35_R290.pkl,B7W35_R290,simple,R290,0.1920530658760688,0.0166756960915682,1.7472133567827857,2.5334441577680176e-06,4.313363008499145,25272.387161254886,25.272387161254887,1251345.21484375,434889.2211914061,816455.9936523439,6.168173227310181,303.1235062395833,485.0354096710075,4251200.0,369.89,2.544690049407732e-06,352.8931784604187,04803d0ed89c1a0ee0181529125ef81854c8ec9e1b1f90a2d63a18fbd814d02a,351.95037324339114,25204.868320096433
newdata,fixed_data_simple_B7W50_R290.pkl,B7W50_R290,simple,R290,0.28940436980937,0.0154759892453345,1.478870265787706,1.3589313402958557e-06,0.9079999923706054,4865.947141647339,4.8659471416473385,1704475.09765625,474159.24072265625,1230315.8569335938,5.724413661956787,317.18816916115463,461.1657605699693,4251200.0,369.89,2.544690049407732e-06,56.76500220485909,02e187c1237745bfb4884df0f4f97f90890cdec5e7865304c0626e4a15e9ea3f,58.6130284361482,5024.361615505331
newdata,fixed_data_simple_B7W50_R290.pkl,B7W50_R290,simple,R290,0.2919049562706192,0.0149858829191271,1.4783457556451651,1.3569237209329085e-06,1.1978471851348875,7331.2486743927,7.3312486743927,1705617.6757812502,464671.32568359375,1240946.3500976565,5.543128232955931,317.4002294145695,460.751861697811,4251200.0,369.89,2.544690049407732e-06,85.19576543728196,02e187c1237745bfb4884df0f4f97f90890cdec5e7865304c0626e4a15e9ea3f,82.45758206690529,7095.6230760864555
newdata,fixed_data_simple_B7W50_R290.pkl,B7W50_R290,simple,R290,0.2933136089699673,0.0150752381727467,1.476310454430137,1.3491442305242247e-06,1.486327340602874,10037.675971984858,10.037675971984855,1710063.4765625,463128.662109375,1246934.814453125,5.5761798477172855,317.4867796056437,460.60180805260165,4251200.0,369.89,2.544690049407732e-06,116.38542266532735,02e187c1237745bfb4884df0f4f97f90890cdec5e7865304c0626e4a15e9ea3f,106.15298037371835,9155.177650691188
newdata,fixed_data_simple_B7W50_R290.pkl,B7W50_R290,simple,R290,0.302679358364991,0.0170930973395268,1.4610011197577628,1.291181195931587e-06,2.333717775344849,15340.397853851327,15.340397853851329,1744135.7421875,457385.25390625,1286750.48828125,6.322565774917603,317.6495139509728,460.4439137558077,4251200.0,369.89,2.544690049407732e-06,175.12622838285398,02e187c1237745bfb4884df0f4f97f90890cdec5e7865304c0626e4a15e9ea3f,176.0312470978413,15419.67408381007
newdata,fixed_data_simple_B7W50_R290.pkl,B7W50_R290,simple,R290,0.3100267782846608,0.0194238596561455,1.4469608912221423,1.2388842992448074e-06,3.0305484676361063,20533.91681671143,20.53391681671143,1776396.484375,458410.6445312499,1317985.83984375,7.1846914482116695,317.6362260114928,460.625969141388,4251200.0,369.89,2.544690049407732e-06,231.5753490443934,02e187c1237745bfb4884df0f4f97f90890cdec5e7865304c0626e4a15e9ea3f,235.39642780576048,20872.73402570967
newdata,fixed_data_simple_B7W50_R290.pkl,B7W50_R290,simple,R290,0.3108297742126487,0.0186273168030502,1.4493296395184845,1.247649486102542e-06,3.712216482162476,25590.270423889167,25.59027042388917,1770883.7890624998,449484.2529296875,1321399.5361328125,6.890058212280273,317.786617490531,460.3015562722569,4251200.0,369.89,2.544690049407732e-06,288.32791355072334,02e187c1237745bfb4884df0f4f97f90890cdec5e7865304c0626e4a15e9ea3f,294.93005357009605,26176.237097706915
newdata,fixed_data_simple_B7W65_R290.pkl,B7W65_R290,simple,R290,0.4357346207026839,0.0161101351483269,1.2603472931089523,6.236109086486061e-07,1.032436711788177,6831.50671005249,6.831506710052491,2324514.16015625,472119.1406249999,1852395.01953125,5.958977890014649,331.7973050040849,432.96576085345447,4251200.0,369.89,2.544690049407732e-06,67.03058825905846,e5ef531d2e106ab297c599fdf0bce71df5d8aeadf35d666859c2446cb277db06,66.2998287224391,6757.030432766123
newdata,fixed_data_simple_B7W65_R290.pkl,B7W65_R290,simple,R290,0.4427310798596205,0.0168408000906545,1.2540118166391585,6.053857211749174e-07,1.3419543504714984,9402.749671936035,9.402749671936036,2348161.62109375,466023.25439453113,1882138.3666992188,6.229243545532227,332.0316098149177,432.5681338475685,4251200.0,369.89,2.544690049407732e-06,91.56973331440372,e5ef531d2e106ab297c599fdf0bce71df5d8aeadf35d666859c2446cb277db06,91.34098307280793,9379.260674193352
newdata,fixed_data_simple_B7W65_R290.pkl,B7W65_R290,simple,R290,0.4577856383289571,0.0195717884936102,1.2385877239795031,5.617646014972417e-07,1.964358925819398,14777.051334381093,14.777051334381094,2407548.828125,461410.5224609375,1946138.3056640625,7.239408845901489,332.2720410402161,432.41851357698016,4251200.0,369.89,2.544690049407732e-06,141.54642415338557,e5ef531d2e106ab297c599fdf0bce71df5d8aeadf35d666859c2446cb277db06,141.67544678989452,14790.52093726505
newdata,fixed_data_simple_B7W65_R290.pkl,B7W65_R290,simple,R290,0.4699394763031982,0.0222126398615349,1.2257265974731135,5.262074515561394e-07,2.5759630203247084,19968.71417999266,19.968714179992663,2459145.5078125,461338.8061523436,1997806.701660156,8.216233358383178,332.3631126485664,432.5751162436277,4251200.0,369.89,2.544690049407732e-06,188.752499776894,e5ef531d2e106ab297c599fdf0bce71df5d8aeadf35d666859c2446cb277db06,188.95481330265008,19990.11755730075
newdata,fixed_data_simple_B7W65_R290.pkl,B7W65_R290,simple,R290,0.4816977027488194,0.0242177695168876,1.2182678226087382,5.059275457084349e-07,2.767285971641541,21669.079818725597,21.669079818725592,2489985.3515625,442192.0776367188,2047793.2739257808,8.957910766601563,332.251710518159,433.0684581709663,4251200.0,369.89,2.544690049407732e-06,202.1944576303469,e5ef531d2e106ab297c599fdf0bce71df5d8aeadf35d666859c2446cb277db06,202.92076183689508,21746.917480592376
