model,variant,formula_source,rank_in_source,expression_named,expression_complexity,evaluation_error,train_mse,seen_mse,unseen_mse,train_mard_pct,seen_mard_pct,unseen_mard_pct,train_cd_mse,seen_cd_mse,unseen_cd_mse,train_cd_mard_pct,seen_cd_mard_pct,unseen_cd_mard_pct
default_hof_4,default,hof,4,pi1 + log(pi5) - (2.7336*pi1**2 - 14.2094*pi1*pi2 - 11.4868*pi1*pi3 + 5251810.0*pi1*pi4 + 2.71461*pi1*pi5 + 8.99711*pi1 - 191.386*pi2**2 + 230.36*pi2*pi3 - 44131700.0*pi2*pi4 - 113.339*pi2*pi5 - 196.599*pi2 - 3.67879*pi3**2 + 964364.0*pi3*pi4 - 0.856156*pi3*pi5 + 11.5814*pi3 + 1129.46*pi4**2 + 439164.0*pi4*pi5 - 2666261.0*pi4 + 0.0615415*pi5**2 + 0.00901099999999999*pi5 - 7.7807 - exp(-pi2/pi3 + pi4 - pi5)/pi3)/pi2,65,,722068.1741911623,171319.3794832349,1630812.4240666735,5.270360490490052,3.100707493435441,6.561135679606806,125.97859482680734,24.517660114253424,155.02597476695925,5.270360490490054,3.100707493435442,6.561135679606806
default_hof_41,default,hof,41,pi3*(pi4 - pi5 + exp(log(0.0731279*pi1**2 + 4.11975*pi1*pi2 - 0.435406*pi1*pi3 + 168019.0*pi1*pi4 + 0.0800999*pi1*pi5 + 0.311961*pi1 - 52.4635*pi2**2 + 10.5091*pi2*pi3 - 1535620.0*pi2*pi4 - 3.79999*pi2*pi5 - 9.91161*pi2 - 0.138896*pi3**2 + 33856.3*pi3*pi4 - 0.0237578*pi3*pi5 + 0.43082*pi3 + 39.3021*pi4**2 + 12519.2*pi4*pi5 - 89121.7*pi4 + 0.000561298*pi5**2 + 0.0164159*pi5 + 0.731696)/(pi2*(-pi4 + pi4*exp(-pi3) - pi5 + log(pi1))))/pi2),69,,1057842.7248966058,392818.538946356,2194071.9886961463,6.303000641598327,4.616823392136945,6.719926112292453,184.74677697056214,66.95514939077246,202.5475816961159,6.303000641598327,4.616823392136947,6.719926112292461
default_pf_5,default,pf,5,(pi4 - 78.33500253620525)*log(exp(-pi5)) - 1,6,,12478964.484509757,2000102.0972970668,1555189.9142681637,12.138696739986019,10.525319999753293,6.891574700015207,2524.1340588220683,402.3888300545176,109.58477484556744,12.138696739986019,10.525319999753291,6.891574700015209
default_hof_3,default,hof,3,pi3*(-0.914968*pi1**2 - pi1*pi2*pi3*exp(pi2*log(-pi1 + exp(pi4)))/pi5 + 96.8016*pi1*pi2 + 7.90522*pi1*pi3 - 3025420.0*pi1*pi4 - 1.24632*pi1*pi5 - 9.30083*pi1 - 339.366*pi2**2 - 232.707*pi2*pi3 + 37859000.0*pi2*pi4 + 76.2719*pi2*pi5 + 228.141*pi2 + 3.05786*pi3**2 - 654546.0*pi3*pi4 + 0.115394*pi3*pi5 - 8.64012*pi3 - 962.365*pi4**2 - 243061.0*pi4*pi5 + 1543760.0*pi4 - 0.0187082*pi5**2 + 0.285211*pi5 + 6.29184)/pi2,67,,574906.2399176344,152579.2416797519,1966969.8332899841,5.117599428325295,2.925131205423358,7.089056920863265,102.46216882224742,23.024713411054623,175.71456109423823,5.117599428325298,2.925131205423359,7.089056920863268
default_hof_11,default,hof,11,pi1*(pi5 + exp(-pi1*log(pi3/pi5) + pi2) + log(pi2)) + (-2.9626*pi1**2 + 34.4295*pi1*pi2 + 13.2053*pi1*pi3 - 5664280.0*pi1*pi4 - 3.22106*pi1*pi5 - 10.3547*pi1 + 22.9535*pi2**2 - 259.311*pi2*pi3 + 49942600.0*pi2*pi4 + 119.83*pi2*pi5 + 222.531*pi2 + 4.18442*pi3**2 - 1086600.0*pi3*pi4 + 0.991863*pi3*pi5 - 13.4013*pi3 - 1278.53*pi4**2 - 491843.0*pi4*pi5 + 2986650.0*pi4 - 0.0486562*pi5**2 - 0.247746*pi5 + 9.48748)/pi2,66,,832034.6060216897,273817.9475225978,1970301.6883953346,5.997248701295767,4.154805797066049,7.145641886933153,147.60941199324165,48.120274731122215,180.02888092894602,5.997248701295769,4.154805797066052,7.14564188693316
default_hof_6,default,hof,6,(-2.66093*pi1**2 + 35.5621*pi1*pi2 + 13.093*pi1*pi3 - 5645580.0*pi1*pi4 - 3.19207*pi1*pi5 - 10.8495*pi1 + 24.7235*pi2**2 - 259.389*pi2*pi3 + 49990900.0*pi2*pi4 + 120.128*pi2*pi5 + 221.566*pi2 + 4.04043*pi3**2 - pi3**2*exp(-pi1)/(2*pi4 + exp(pi3)) - 1082520.0*pi3*pi4 + 0.992929*pi3*pi5 - 12.8195*pi3 - 1279.6*pi4**2 - 491690.0*pi4*pi5 + 2974300.0*pi4 - 0.048481*pi5**2 - 0.257781*pi5 + 9.47754)/pi2,64,,829089.5099755775,272181.0089488772,1975705.6986565911,5.992076625157612,4.144211378676201,7.150871482940374,147.10759630628488,47.78510368857954,180.64806027935055,5.992076625157612,4.144211378676204,7.150871482940374
default_hof_7,default,hof,7,-pi2 + pi3 + pi4*(pi1 + pi2/(pi1 - pi4 + exp(pi4))) + (-2.89699*pi1**2 + 35.2729*pi1*pi2 + 13.2266*pi1*pi3 - 5661040.0*pi1*pi4 - 3.19157*pi1*pi5 - 10.5145*pi1 + 25.6929*pi2**2 - 260.737*pi2*pi3 + 50042900.0*pi2*pi4 + 120.123*pi2*pi5 + 222.094*pi2 + 4.18905*pi3**2 - 1086400.0*pi3*pi4 + 0.99356*pi3*pi5 - 13.4213*pi3 - 1281.01*pi4**2 - 491773.0*pi4*pi5 + 2984230.0*pi4 - 0.048493*pi5**2 - 0.258581*pi5 + 9.53524)/pi2,65,,829292.0888068004,272588.02558214456,1974085.684560568,5.993516881322666,4.148341136484058,7.151845687096271,147.11672286086088,47.84485575329759,180.38701316673232,5.993516881322666,4.148341136484059,7.151845687096278
default_pf_10,default,pf,10,-pi2 + pi3 + pi4*(pi1 + pi2/(pi1 - pi4 + exp(pi4))) + (-2.89699*pi1**2 + 35.2729*pi1*pi2 + 13.2266*pi1*pi3 - 5661040.0*pi1*pi4 - 3.19157*pi1*pi5 - 10.5145*pi1 + 25.6929*pi2**2 - 260.737*pi2*pi3 + 50042900.0*pi2*pi4 + 120.123*pi2*pi5 + 222.094*pi2 + 4.18905*pi3**2 - 1086400.0*pi3*pi4 + 0.99356*pi3*pi5 - 13.4213*pi3 - 1281.01*pi4**2 - 491773.0*pi4*pi5 + 2984230.0*pi4 - 0.048493*pi5**2 - 0.258581*pi5 + 9.53524)/pi2,65,,829292.0888068004,272588.02558214456,1974085.684560568,5.993516881322666,4.148341136484058,7.151845687096271,147.11672286086088,47.84485575329759,180.38701316673232,5.993516881322666,4.148341136484059,7.151845687096278
default_hof_8,default,hof,8,(-2.89699*pi1**2 + 35.2729*pi1*pi2 + 13.2266*pi1*pi3 - 5661040.0*pi1*pi4 - 3.19157*pi1*pi5 - 10.5145*pi1 + 24.6929*pi2**2 - 259.737*pi2*pi3 + 50042900.0*pi2*pi4 + 120.123*pi2*pi5 + 222.094*pi2 + 4.18905*pi3**2 - 1086400.0*pi3*pi4 + 0.99356*pi3*pi5 - 13.4213*pi3 - 1281.01*pi4**2 - 491773.0*pi4*pi5 + 2984230.0*pi4 - 0.048493*pi5**2 - 0.258581*pi5 + 9.53524)/pi2,56,,829292.0866870374,272588.02484571177,1974085.742592276,5.993516838453648,4.1483410968722465,7.151845859430702,147.11672265564818,47.844855387298075,180.387021516154,5.993516838453647,4.14834109687225,7.151845859430709
default_pf_9,default,pf,9,(-2.89699*pi1**2 + 35.2729*pi1*pi2 + 13.2266*pi1*pi3 - 5661040.0*pi1*pi4 - 3.19157*pi1*pi5 - 10.5145*pi1 + 24.6929*pi2**2 - 259.737*pi2*pi3 + 50042900.0*pi2*pi4 + 120.123*pi2*pi5 + 222.094*pi2 + 4.18905*pi3**2 - 1086400.0*pi3*pi4 + 0.99356*pi3*pi5 - 13.4213*pi3 - 1281.01*pi4**2 - 491773.0*pi4*pi5 + 2984230.0*pi4 - 0.048493*pi5**2 - 0.258581*pi5 + 9.53524)/pi2,56,,829292.0866870374,272588.02484571177,1974085.742592276,5.993516838453648,4.1483410968722465,7.151845859430702,147.11672265564818,47.844855387298075,180.387021516154,5.993516838453647,4.14834109687225,7.151845859430709
default_hof_10,default,hof,10,(-2.89423*pi1**2 + 35.4841*pi1*pi2 + 13.2261*pi1*pi3 - 5659820.0*pi1*pi4 - 3.19108*pi1*pi5 - 10.5168*pi1 + 24.9117*pi2**2 - 259.433*pi2*pi3 + 50026400.0*pi2*pi4 + 120.122*pi2*pi5 + 221.973*pi2 + 4.16023*pi3**2 - 1085670.0*pi3*pi4 + 0.993713*pi3*pi5 - 13.0991*pi3 - 1280.58*pi4**2 - 491766.0*pi4*pi5 + 2982840.0*pi4 - 0.0484888*pi5**2 - 0.258975*pi5 - log(pi3 + exp(exp(pi2*log(pi1*exp(-pi2) + pi3)))) + 10.5568)/pi2,66,,829365.962995416,272592.8959543118,1974369.2081559505,5.99374739463229,4.148310259806268,7.1524142757023625,147.13015545462545,47.84255936578608,180.43146700090148,5.99374739463229,4.148310259806269,7.15241427570236
default_hof_5,default,hof,5,(-2.28838*pi1**2 + 42.9771*pi1*pi2 + 17.1986*pi1*pi3 - 5452640.0*pi1*pi4 - 3.24485*pi1*pi5 - pi1*exp(pi3) - 12.417*pi1 - 23.7838*pi2**2 - 261.377*pi2*pi3 + 50450300.0*pi2*pi4 + 120.256*pi2*pi5 + 223.341*pi2 + 4.72897*pi3**2 - 1111170.0*pi3*pi4 + 0.967425*pi3*pi5 - 14.778*pi3 - 1291.98*pi4**2 - 491187.0*pi4*pi5 + 2980120.0*pi4 - 0.0485826*pi5**2 - 0.206046*pi5 + 10.3861)/pi2,59,,823478.3407571346,264754.1303653059,2030152.9531420155,5.956232181154162,4.045865453925689,7.160537519635644,146.15019427799228,46.72632401498856,184.84540916871137,5.956232181154164,4.045865453925692,7.160537519635643
default_pf_11,default,pf,11,(-2.28838*pi1**2 + 42.9771*pi1*pi2 + 17.1986*pi1*pi3 - 5452640.0*pi1*pi4 - 3.24485*pi1*pi5 - pi1*exp(pi3) - 12.417*pi1 - 23.7838*pi2**2 - 261.377*pi2*pi3 + 50450300.0*pi2*pi4 + 120.256*pi2*pi5 + 223.341*pi2 + 4.72897*pi3**2 - 1111170.0*pi3*pi4 + 0.967425*pi3*pi5 - 14.778*pi3 - 1291.98*pi4**2 - 491187.0*pi4*pi5 + 2980120.0*pi4 - 0.0485826*pi5**2 - 0.206046*pi5 + 10.3861)/pi2,59,,823478.3407571346,264754.1303653059,2030152.9531420155,5.956232181154162,4.045865453925689,7.160537519635644,146.15019427799228,46.72632401498856,184.84540916871137,5.956232181154164,4.045865453925692,7.160537519635643
default_hof_13,default,hof,13,pi5 - exp(exp(exp(pi4)*log(pi3)/pi5)) + (-1.49243*pi1**2 + 26.6173*pi1*pi2 + 13.8428*pi1*pi3 - 5525010.0*pi1*pi4 - 3.19479*pi1*pi5 - 12.3922*pi1 - 26.6417*pi2**2 - 261.714*pi2*pi3 + 49367100.0*pi2*pi4 + 119.179*pi2*pi5 + 234.645*pi2 + 4.22455*pi3**2 - 1050950.0*pi3*pi4 + 1.0058*pi3*pi5 - 13.7591*pi3 - 1263.31*pi4**2 - 496801.0*pi4*pi5 + 2915730.0*pi4 - 0.0470875*pi5**2 - 0.285218*pi5 + 10.0846)/pi2,64,,803243.4311818845,194591.58681023383,2060644.7861546664,5.602107634571009,3.3274688291743315,7.233390508679677,139.10642498858232,28.24839595849142,187.11978913321053,5.602107634571008,3.327468829174332,7.23339050867968
default_hof_90,default,hof,90,pi3*(-pi2 + exp(exp(pi3*(-pi3**2 + exp(pi4)*log(pi4)))))*(-51.1018*pi1**2 + 10600.9*pi1*pi2 + 711.378*pi1*pi3 - 239838000.0*pi1*pi4 - 167.651*pi1*pi5 - 808.839*pi1 + 6103.9*pi2**2 - 11934.9*pi2*pi3 + 2765030000.0*pi2*pi4 + 2703.84*pi2*pi5 + 5583.44*pi2 + 177.835*pi3**2 - 43509200.0*pi3*pi4 + 17.4421*pi3*pi5 - 587.976*pi3 - 70171.0*pi4**2 - 20870600.0*pi4*pi5 + 111396000.0*pi4 - 3.68431*pi5**2 + 76.2289*pi5 + 504.794),66,,2499969.0254145544,1796503.326697078,2020092.4208034752,9.365953865049274,8.093588574251838,7.376396749979379,318.4667148548698,188.27999458018044,202.95330844003328,9.365953865049274,8.093588574251841,7.376396749979381
default_hof_72,default,hof,72,pi3*(pi4 + (-239.669*pi1**2 + 18303.0*pi1*pi2 + 332.053*pi1*pi3 - 202414000.0*pi1*pi4 - 126.398*pi1*pi5 - 353.039*pi1 + 21276.6*pi2**2 - 6048.75*pi2*pi3 + 2330230000.0*pi2*pi4 + 2730.47*pi2*pi5 - 5572.9*pi2 + 131.062*pi3**2 - 38043600.0*pi3*pi4 + 25.7254*pi3*pi5 - 465.479*pi3 - 59232.6*pi4**2 - 21207100.0*pi4*pi5 + 100902000.0*pi4 - 3.57682*pi5**2 + 53.1282*pi5 + 469.461)*exp(exp(pi1*exp(exp(pi3))/(-pi5 + exp(pi2)) + pi3))),67,,741937.8581060873,476114.51135000685,2676311.0430469494,5.814284080070063,4.533942125379287,7.476986618288162,112.6207834804203,63.956517961251215,275.47816504443324,5.814284080070063,4.533942125379291,7.4769866182881675
default_hof_1,default,hof,1,pi3 + (log(log(pi3)) - (pi5 + exp(-pi2)/pi2)/pi1)*(1.54352*pi1**2 - 164.273*pi1*pi2 - 1.60107*pi1*pi3 + 848635.0*pi1*pi4 - 0.943401*pi1*pi5 + 3.53928*pi1 + 210.467*pi2**2 + 48.6829*pi2*pi3 - 11273900.0*pi2*pi4 - 24.1892*pi2*pi5 - 6.17326*pi2 - 0.694736*pi3**2 + 177313.0*pi3*pi4 - 0.148341*pi3*pi5 + 1.99027*pi3 + 285.863*pi4**2 + 68788.7*pi4*pi5 - 402955.0*pi4 + 0.000698091*pi5**2 + 0.409324*pi5 - 2.05623),65,,527242.3535649217,209590.79431924486,2742261.8399870726,5.497395313949609,3.8259802691617675,7.520683315106069,104.03926164166086,43.594670788095534,280.2633470538235,5.497395313949609,3.825980269161769,7.520683315106069
default_pf_13,default,pf,13,pi3 + (log(log(pi3)) - (pi5 + exp(-pi2)/pi2)/pi1)*(1.54352*pi1**2 - 164.273*pi1*pi2 - 1.60107*pi1*pi3 + 848635.0*pi1*pi4 - 0.943401*pi1*pi5 + 3.53928*pi1 + 210.467*pi2**2 + 48.6829*pi2*pi3 - 11273900.0*pi2*pi4 - 24.1892*pi2*pi5 - 6.17326*pi2 - 0.694736*pi3**2 + 177313.0*pi3*pi4 - 0.148341*pi3*pi5 + 1.99027*pi3 + 285.863*pi4**2 + 68788.7*pi4*pi5 - 402955.0*pi4 + 0.000698091*pi5**2 + 0.409324*pi5 - 2.05623),65,,527242.3535649217,209590.79431924486,2742261.8399870726,5.497395313949609,3.8259802691617675,7.520683315106069,104.03926164166086,43.594670788095534,280.2633470538235,5.497395313949609,3.825980269161769,7.520683315106069
default_hof_15,default,hof,15,-exp(pi1)*log(pi3*(pi2 + log(pi5))*exp(-pi4)) + (-2.81116*pi1**2 + 72.9822*pi1*pi2 + 13.7971*pi1*pi3 - 5598780.0*pi1*pi4 - 3.44588*pi1*pi5 - 11.6678*pi1 - 193.723*pi2**2 - 260.608*pi2*pi3 + 50333000.0*pi2*pi4 + 122.349*pi2*pi5 + 218.848*pi2 + 4.26087*pi3**2 - 1075330.0*pi3*pi4 + 1.01645*pi3*pi5 - 13.8877*pi3 - 1288.16*pi4**2 - 501080.0*pi4*pi5 + 2971580.0*pi4 - 0.0459719*pi5**2 - 0.277435*pi5 + 10.1483)/pi2,65,,886979.8759039517,214436.85642882844,2287684.861830038,6.30670812651689,3.438435734512466,7.544279744873522,148.03842848709246,32.492637932157145,199.939616712398,6.30670812651689,3.4384357345124634,7.54427974487352
default_hof_59,default,hof,59,(pi5 - (80.9083*pi1**2 - 2513.86*pi1*pi2 - 140.735*pi1*pi3 + 47720900.0*pi1*pi4 - 0.867798*pi1*pi5 + 114.841*pi1 - 3117.42*pi2**2 + 1957.32*pi2*pi3 - 514744000.0*pi2*pi4 - 503.926*pi2*pi5 - 379.712*pi2 - 32.975*pi3**2 + 9095560.0*pi3*pi4 - 12.066*pi3*pi5 + 109.299*pi3 + 13102.9*pi4**2 + 4597200.0*pi4*pi5 - 23918500.0*pi4 + 0.736407*pi5**2 + 4.3039*pi5 - 85.6559)*exp(exp(pi4))/(pi1*pi3))*exp(pi4**2),64,,1113280.2530276985,340532.96416480956,2664272.301296969,6.682106586647672,4.894683876453812,7.623758336097429,197.35993543849762,65.07400270913547,259.66773195753,6.682106586647672,4.894683876453816,7.623758336097432
default_pf_1,default,pf,1,70.3310926109417*pi2 + 70.3310926109417*pi5,3,,10807777.474888163,3198216.347977137,3036178.8203029125,11.740603922802388,11.904146235454395,7.654487043262424,2179.198977569376,620.0520032408825,314.2974353606175,11.740603922802388,11.904146235454395,7.6544870432624315
default_hof_21,default,hof,21,(pi3 + log(pi5) + (-57.6411*pi1**2 + 4220.65*pi1*pi2 + 219.743*pi1*pi3 - 76220900.0*pi1*pi4 + 23.9134*pi1*pi5 - 256.254*pi1 - 977.379*pi2**2 - 4324.27*pi2*pi3 + 997504000.0*pi2*pi4 + 925.393*pi2*pi5 + 2186.03*pi2 + 65.9476*pi3**2 - 15421500.0*pi3*pi4 + 12.4839*pi3*pi5 - 208.884*pi3 - 25300.1*pi4**2 - 6758210.0*pi4*pi5 + 36790200.0*pi4 - 1.06404*pi5**2 - 2.32103*pi5 + 178.462)/(pi1 + pi2))*exp(pi2 + pi4),63,,898681.817622645,236192.24319048124,2777986.0925368313,5.891823596666013,3.8415161966474,8.121016976474085,164.39068053560405,44.82022231381491,257.95041536811675,5.891823596666012,3.841516196647406,8.121016976474088
default_hof_38,default,hof,38,log((-pi4 + exp(pi5*exp(pi1)))*exp(pi2)/pi1) + (-61.114*pi1**2 + 4347.44*pi1*pi2 + 207.879*pi1*pi3 - 71967200.0*pi1*pi4 + 26.7341*pi1*pi5 - 244.255*pi1 - 970.879*pi2**2 - 4111.38*pi2*pi3 + 960458000.0*pi2*pi4 + 831.605*pi2*pi5 + 1958.37*pi2 + 62.5268*pi3**2 - 14628100.0*pi3*pi4 + 11.6232*pi3*pi5 - 197.067*pi3 - 24351.6*pi4**2 - 6369410.0*pi4*pi5 + 34541500.0*pi4 - 1.02735*pi5**2 - 2.19248*pi5 + 169.243)/pi1,65,,957298.0134876885,343965.13405721425,2847840.536971485,6.432549613365492,4.88837683065141,8.224339142504066,182.20958214607134,73.0614434230905,266.32631891225174,6.43254961336549,4.888376830651412,8.224339142504068
default_hof_18,default,hof,18,(-15.2842*pi1**2 - 650.017*pi1*pi2 - 64.9029*pi1*pi3 + 16827800.0*pi1*pi4 + 8.9424*pi1*pi5 + 93.9487*pi1 + 2616.73*pi2**2 + 1243.91*pi2*pi3 - 231938000.0*pi2*pi4 - 240.402*pi2*pi5 - 1095.77*pi2 - 20.1737*pi3**2 + 3673540.0*pi3*pi4 + 0.758417*pi3*pi5 + 64.0049*pi3 + 5882.76*pi4**2 + 1283640.0*pi4*pi5 - 8261680.0*pi4 + 0.22319*pi5**2 - 7.02332*pi5 - 54.3342)*exp(pi3)*log(pi2),59,,952308.9002818597,359845.9756442482,2585044.461565486,6.452745416704167,4.822661739280595,8.234370802218125,173.63513978427528,70.42038263296978,204.30879889542967,6.452745416704167,4.822661739280598,8.234370802218121
default_hof_98,default,hof,98,(51.6589*pi1**2 + 6323.06*pi1*pi2 + 395.869*pi1*pi3 - 121218000.0*pi1*pi4 - 91.0075*pi1*pi5 - 516.118*pi1 + 1241.68*pi2**2 - 6133.59*pi2*pi3 + 1455490000.0*pi2*pi4 + 1382.93*pi2*pi5 + 2563.65*pi2 + 92.2527*pi3**2 - 22499400.0*pi3*pi4 + 11.1388*pi3*pi5 - 314.459*pi3 - 36931.3*pi4**2 - 11020400.0*pi4*pi5 + 57310000.0*pi4 - 1.95075*pi5**2 + 37.5684*pi5 + 284.496 + log(pi3 + pi5)/pi3)*exp(pi3)/(-pi2 + pi3),63,,1282153.3603511571,418397.08645282744,2693090.1952510728,7.417784403690754,5.3278468512769015,8.239072492239357,213.10010472063786,75.46078144292926,238.8338641523194,7.417784403690756,5.327846851276904,8.239072492239355
default_hof_31,default,hof,31,exp(pi1) + (-58.5387*pi1**2 + 4356.99*pi1*pi2 + 209.353*pi1*pi3 - 71787600.0*pi1*pi4 + 28.677*pi1*pi5 - 250.26*pi1 - 1092.39*pi2**2 - 4126.48*pi2*pi3 + 962406000.0*pi2*pi4 + 831.851*pi2*pi5 + 1979.59*pi2 + 62.6737*pi3**2 - 14604900.0*pi3*pi4 + 11.7124*pi3*pi5 - 197.977*pi3 - 24399.3*pi4**2 - 6365600.0*pi4*pi5 + 34441100.0*pi4 - 1.02489*pi5**2 - 2.5133*pi5 + 171.114)*exp(pi4)/pi1,60,,956173.5711277768,344172.4912477257,2856933.9096608036,6.432479181081069,4.889106772047047,8.242570662240071,181.99881012927526,73.1446831127045,266.97775260181004,6.432479181081069,4.889106772047051,8.242570662240075
default_hof_30,default,hof,30,(-56.8093*pi1**2 + 4356.63*pi1*pi2 + 209.395*pi1*pi3 - 71768800.0*pi1*pi4 + 28.6814*pi1*pi5 - 249.618*pi1 - 1096.55*pi2**2 - 4127.19*pi2*pi3 + 962474000.0*pi2*pi4 + 831.859*pi2*pi5 + 1980.78*pi2 + 62.6799*pi3**2 - 14603400.0*pi3*pi4 + 11.7141*pi3*pi5 - 198.006*pi3 - 24401.0*pi4**2 - 6365600.0*pi4*pi5 + 34434300.0*pi4 - 1.02487*pi5**2 - 2.51712*pi5 + exp(pi4*log(pi2)/(pi1*pi3)) + 170.179)/pi1,62,,956183.9141102355,344199.80304441537,2856210.3556920914,6.432890235075346,4.889117050792153,8.242617677366749,181.99977317096278,73.15775971360274,266.87318680143727,6.432890235075346,4.889117050792155,8.242617677366749
default_hof_34,default,hof,34,-pi5 + (-56.8088*pi1**2 + 4356.64*pi1*pi2 + 209.395*pi1*pi3 + pi1*pi4*(-pi2 + pi5/pi2) - 71768800.0*pi1*pi4 + 29.6813*pi1*pi5 - 249.618*pi1 - 1096.68*pi2**2 - 4127.19*pi2*pi3 + 962475000.0*pi2*pi4 + 831.861*pi2*pi5 + 1980.78*pi2 + 62.6799*pi3**2 - 14603400.0*pi3*pi4 + 11.7141*pi3*pi5 - 198.006*pi3 - 24401.0*pi4**2 - 6365610.0*pi4*pi5 + 34434200.0*pi4 - 1.02488*pi5**2 - 2.51712*pi5 + 171.179)/pi1,62,,956183.4492537831,344186.3399286953,2856574.0648996653,6.4327819890641305,4.889129353380076,8.243143833894495,181.99962565722723,73.15130003680095,266.912648196733,6.432781989064129,4.889129353380078,8.243143833894493
default_hof_33,default,hof,33,pi2 - (56.8089*pi1**2 - 4355.63*pi1*pi2 - 209.395*pi1*pi3 + 71768701.0*pi1*pi4 - 28.6814*pi1*pi5 + 249.618*pi1 + 1096.57*pi2**2 + 4127.2*pi2*pi3 - 962475000.0*pi2*pi4 - 831.859*pi2*pi5 - 1980.79*pi2 - 62.6799*pi3**2 + 14603400.0*pi3*pi4 - 11.7141*pi3*pi5 + 198.006*pi3 + 24401.0*pi4**2 + 6365600.0*pi4*pi5 - 34434202.0*pi4 + 1.02487*pi5**2 + 2.51712*pi5 - 171.179)/pi1,57,,956182.0448931183,344184.36348907556,2856603.632460465,6.432759762470437,4.8891444266761,8.243155779971717,181.99934608267588,73.15017794862032,266.91681872840155,6.432759762470436,4.889144426676105,8.243155779971714
default_hof_48,default,hof,48,(pi2 - pi3 - pi4 - log(exp(exp(pi3))/pi2))*(-18.4359*pi1**2 - 1646.12*pi1*pi2 - 115.729*pi1*pi3 + 34134900.0*pi1*pi4 + 23.4397*pi1*pi5 + 155.533*pi1 + 2013.26*pi2**2 + 1983.05*pi2*pi3 - 427319000.0*pi2*pi4 - 429.951*pi2*pi5 - 1225.0*pi2 - 30.2697*pi3**2 + 6692820.0*pi3*pi4 - 1.75747*pi3*pi5 + 99.5536*pi3 + 10842.6*pi4**2 + 2969660.0*pi4*pi5 - 16397800.0*pi4 + 0.523293*pi5**2 - 11.6411*pi5 - 87.1146),63,,1129902.5541188717,385016.1634055466,2641475.798868187,6.9645008776793365,5.08957104595404,8.250756536274922,194.38034850914107,71.35192942295126,227.1540606875063,6.9645008776793365,5.089571045954042,8.250756536274931
default_hof_37,default,hof,37,(-55.93*pi1**2 + 4327.78*pi1*pi2 + 205.006*pi1*pi3 - 71477900.0*pi1*pi4 + 28.6601*pi1*pi5 - 247.412*pi1 - 2360.7*pi2**2 - 4074.62*pi2*pi3 + 954343000.0*pi2*pi4 + 829.055*pi2*pi5 + 2039.39*pi2 + 64.2368*pi3**2 - 14323900.0*pi3*pi4 + 11.6618*pi3*pi5 - 198.961*pi3 - 24189.8*pi4**2 - 6361460.0*pi4*pi5 + 33939000.0*pi4 - 1.02763*pi5**2 - 2.38798*pi5 - exp(-pi1 + pi3 + pi4**2*pi5*(pi2 + pi4)) - log(pi2) + 167.957)/pi1,66,,956089.7694865672,343827.1203931789,2895623.1245710254,6.430488435194437,4.894824789774993,8.28344312606584,182.03244350128793,73.2544219066489,271.50682202175824,6.430488435194438,4.894824789774999,8.283443126065851
default_hof_82,default,hof,82,exp(exp(-pi4 + (-pi4 + log(log(pi5 - (30.8959*pi1**2 - 2747.86*pi1*pi2 - 196.436*pi1*pi3 + 63858800.0*pi1*pi4 - 21.9767*pi1*pi5 + 227.386*pi1 - 2193.2*pi2**2 + 3712.61*pi2*pi3 - 851883000.0*pi2*pi4 - 534.558*pi2*pi5 - 2152.15*pi2 - 56.1838*pi3**2 + 12848300.0*pi3*pi4 - 10.8384*pi3*pi5 + 180.257*pi3 + 21594.6*pi4**2 + 5672590.0*pi4*pi5 - 30406300.0*pi4 + 1.05132*pi5**2 - 0.59715*pi5 - 153.489)/pi1)))*exp(pi2))),65,,1074519.6861016392,372717.5628928751,2987955.0643484206,6.781523375226481,5.1762628153996815,8.399320021206561,202.89861297889692,79.8340171415136,282.02084215818036,6.781523375226481,5.176262815399683,8.399320021206565
default_hof_87,default,hof,87,120.778*pi1**2 + 18121.8*pi1*pi2 + 1294.64*pi1*pi3 - 433447000.0*pi1*pi4 - 262.406*pi1*pi5 - 1652.06*pi1 + 2076.12*pi2**2 - 20830.4*pi2*pi3 + 4684910000.0*pi2*pi4 + 3947.3*pi2*pi5 + 11342.0*pi2 + 339.398*pi3**2 - 79298200.0*pi3*pi4 + 74.5189*pi3*pi5 - 1146.4*pi3 - 119073.0*pi4**2 - 36873900.0*pi4*pi5 + 205126000.0*pi4 - 4.47307*pi5**2 + 52.927*pi5 + 1011.75,55,,2203672.329220775,382198.5244728765,2741912.236856484,7.830047206332308,5.004377605772263,8.450211280866334,397.39960011812764,61.8169842380271,251.36873430987822,7.830047206332309,5.004377605772267,8.450211280866341
default_hof_57,default,hof,57,exp(log(-28.7131*pi1**2 + 431.714*pi1*pi2 + 67.3287*pi1*pi3 - 36398600.0*pi1*pi4 - 14.3761*pi1*pi5 - 49.9062*pi1 + 1007.19*pi2**2 - 1420.92*pi2*pi3 + 314160000.0*pi2*pi4 + 337.54*pi2*pi5 + 1232.17*pi2 + 23.2379*pi3**2 - 6549900.0*pi3*pi4 + 5.70143*pi3*pi5 - 70.9481*pi3 - 8022.24*pi4**2 - 2864690.0*pi4*pi5 + 17509100.0*pi4 - 0.542795*pi5**2 + 3.51457*pi5 + 54.678)*log(log((pi1 - pi2 + exp(pi4 + exp(pi4)))/pi2))),66,,1150890.8913960916,288118.71013556333,3296542.614776761,6.534835993452003,4.3272239557355245,8.56785901405795,197.13716033347245,44.34475493931778,344.9333946629439,6.534835993452003,4.327223955735526,8.567859014057957
default_hof_81,default,hof,81,-pi5 + (-21.9046*pi1**2 - 3296.17*pi1*pi2 - 296.214*pi1*pi3 + 100565000.0*pi1*pi4 + 66.3258*pi1*pi5 + 352.109*pi1 + 5100.58*pi2**2 + 4865.36*pi2*pi3 - 1047960000.0*pi2*pi4 - 1264.76*pi2*pi5 - 3160.61*pi2 - 79.0117*pi3**2 + 18855900.0*pi3*pi4 - 17.6357*pi3*pi5 + 266.942*pi3 + 26686.0*pi4**2 + 8909460.0*pi4*pi5 - 50002701.0*pi4 + 1.38938*pi5**2 - 10.7712*pi5 - log(pi1) - log(pi4 + exp(pi3)) - 223.522)*log(pi2),64,,1237826.4798416388,387179.2132777644,2843075.3680769624,7.286280214812272,5.04562955713719,8.635526718350608,202.83459299029707,63.79845652119768,245.82416173329148,7.28628021481227,5.04562955713719,8.63552671835061
default_hof_77,default,hof,77,(-9.57592*pi1**2 - 3896.81*pi1*pi2 - 357.516*pi1*pi3 + 123567000.0*pi1*pi4 + 74.0409*pi1*pi5 + 407.683*pi1 + 5535.61*pi2**2 + 5605.47*pi2*pi3 - 1233790000.0*pi2*pi4 - 1562.9*pi2*pi5 - 3508.16*pi2 - 95.5014*pi3**2 + 23053100.0*pi3*pi4 - 25.7747*pi3*pi5 + 326.001*pi3 + 31450.5*pi4**2 + 10978600.0*pi4*pi5 - 62046400.0*pi4 + 1.63781*pi5**2 - 3.75125*pi5 - 270.558)*log(pi2*pi3*exp(pi1)),60,,1232064.472344558,377747.47114840767,2862163.6935315295,7.261158135764553,5.03293557679818,8.662266498416395,201.9712168513756,61.817032246625324,247.7026893034697,7.261158135764553,5.032935576798182,8.662266498416397
default_pf_7,default,pf,7,-(log(pi1*(pi2 + exp(pi4/pi2))) - 151.49229018515476)*log(pi5) + 60.12511836971594,9,,5024574.709597012,2106372.185370228,2935657.4507931517,10.992564575275894,10.545728715986009,8.673089510391222,880.1459626572549,334.1942641005731,184.94622185622933,10.99256457527589,10.545728715986005,8.673089510391227
default_hof_97,default,hof,97,167.529*pi1**2 + 17998.9*pi1*pi2 + 1367.75*pi1*pi3 - 439167000.0*pi1*pi4 - pi1*pi5*(-pi4 + pi2*pi3**2*exp(-pi3 + pi5)/(pi1*pi5)) - 276.271*pi1*pi5 - 1757.86*pi1 - 1841.1*pi2**2 - 21797.2*pi2*pi3 + 4812290000.0*pi2*pi4 + 4232.12*pi2*pi5 + 12369.1*pi2 + 353.243*pi3**2 - 81339200.0*pi3*pi4 + 76.7282*pi3*pi5 - 1199.5*pi3 - 122324.0*pi4**2 - 37824900.0*pi4*pi5 + 210526000.0*pi4 - 5.38686*pi5**2 + 54.0253*pi5 + 1056.44,66,,1294777.5908897375,340522.3596649346,2905518.721366519,7.201990790448155,4.3831155409616755,8.703402066987667,202.42610693291505,48.78790251514744,256.488600981945,7.2019907904481535,4.383115540961679,8.70340206698767
default_hof_78,default,hof,78,pi1 - pi3 + (299.071*pi1**2 + 22905.7*pi1*pi2 + 1699.99*pi1*pi3 - 514703000.0*pi1*pi4 - 232.812*pi1*pi5 - 2298.83*pi1 - 11062.4*pi2**2 - 27552.4*pi2*pi3 + 6017270000.0*pi2*pi4 + 5326.96*pi2*pi5 + 16028.9*pi2 + 436.869*pi3**2 - 97960000.0*pi3*pi4 + 93.346*pi3*pi5 - 1483.13*pi3 - 152835.0*pi4**2 - 45136800.0*pi4*pi5 + 248581000.0*pi4 - 7.3945*pi5**2 + 43.1515*pi5 + 1328.36)*exp(-pi1 + pi2),60,,1203855.3485489246,388503.2310270394,3065462.069372474,7.238428946446401,5.11954524056589,8.808570032099993,202.36098044736798,68.33393394392553,263.383064513661,7.238428946446401,5.11954524056589,8.808570032099993
default_hof_76,default,hof,76,pi2 + log(-pi1 + pi5) - (296.997*pi1**2 + 23335.2*pi1*pi2 + 1722.96*pi1*pi3 - 523041000.0*pi1*pi4 - 238.288*pi1*pi5 - 2321.41*pi1 - 12581.7*pi2**2 - 28018.4*pi2*pi3 + 6111130000.0*pi2*pi4 + 5512.64*pi2*pi5 + 16368.8*pi2 + 444.374*pi3**2 - 99806900.0*pi3*pi4 + 94.9777*pi3*pi5 - 1508.41*pi3 - 155233.0*pi4**2 - 45947800.0*pi4*pi5 + 253415000.0*pi4 - 7.36013*pi5**2 + 41.2139*pi5 + 1347.91)/(pi4 - exp(pi1)),62,,1157568.1953163308,305463.3215768789,3088546.82916722,6.8106110050696795,4.236165911526764,8.833350249048886,189.83199662920035,47.482246888213,264.8361199518129,6.8106110050696795,4.236165911526765,8.833350249048888
default_hof_53,default,hof,53,(307.701*pi1**2 + 8188.17*pi1*pi2 + 912.749*pi1*pi3 - 210343000.0*pi1*pi4 - 114.745*pi1*pi5 - 1392.63*pi1 - 17686.7*pi2**2 - 14806.8*pi2*pi3 + 2911680000.0*pi2*pi4 + 2348.01*pi2*pi5 + 11890.5*pi2 + 264.734*pi3**2 - 45796300.0*pi3*pi4 - 6.00107*pi3*pi5 - 881.663*pi3 - 73839.0*pi4**2 - 15785700.0*pi4*pi5 + 102808000.0*pi4 - 2.98715*pi5**2 + 89.2636*pi5 + log(pi3) + 790.045)*exp(pi3 - exp(pi2)),61,,1086302.6884431427,419236.6666788058,3017454.0851872247,6.950296557954064,5.305288106837155,8.885209551101916,195.76329942645194,83.3961932702808,227.3221068553192,6.950296557954064,5.305288106837159,8.885209551101921
default_hof_56,default,hof,56,(114.046*pi1**2 + 2973.98*pi1*pi2 + 335.731*pi1*pi3 - 77021000.0*pi1*pi4 - 42.1191*pi1*pi5 - 512.615*pi1 - 6525.55*pi2**2 - 5429.57*pi2*pi3 + 1067000000.0*pi2*pi4 + 851.125*pi2*pi5 + 4373.36*pi2 + 97.2389*pi3**2 - 16782400.0*pi3*pi4 - 2.23216*pi3*pi5 - 323.835*pi3 - 27058.5*pi4**2 - 5768700.0*pi4*pi5 + 37646400.0*pi4 - 1.09657*pi5**2 + 32.8323*pi5 + 290.278)*log(-pi2 + exp(exp(pi3)*exp(-pi2*exp(-pi1)*exp(-pi4)/pi3))),67,,1092233.1116363867,421911.59987483313,3038384.100691788,6.969831193738117,5.324055386424033,8.914731445511215,196.74290460006407,83.96854666313847,228.17160851562045,6.969831193738117,5.324055386424036,8.914731445511215
default_hof_68,default,hof,68,(113.829*pi1**2 + 2968.55*pi1*pi2 + 333.729*pi1*pi3 - 76517600.0*pi1*pi4 - 41.9313*pi1*pi5 - 509.792*pi1 - 6396.21*pi2**2 - 5364.75*pi2*pi3 + 1058530000.0*pi2*pi4 + 838.603*pi2*pi5 + 4293.32*pi2 + 96.3841*pi3**2 - 16650600.0*pi3*pi4 - 2.13038*pi3*pi5 - 321.536*pi3 - 26843.9*pi4**2 - 5741620.0*pi4*pi5 + 37395800.0*pi4 - 1.09495*pi5**2 + 32.6278*pi5 + exp(exp(pi4*exp(-exp(pi2)))) + 285.928)*exp(pi3),63,,1098785.2058583233,424004.5936886986,3052706.0245571253,6.990385532639987,5.340370084440811,8.930323496833942,197.72613323241956,84.40448021652833,229.15795267719886,6.990385532639988,5.3403700844408135,8.930323496833944
default_hof_69,default,hof,69,(pi2*exp(-pi4)/log(pi2) - exp(pi3))*(-113.754*pi1**2 - 2963.49*pi1*pi2 - 333.554*pi1*pi3 + 76479900.0*pi1*pi4 + 41.9577*pi1*pi5 + 509.376*pi1 + 6382.76*pi2**2 + 5356.3*pi2*pi3 - 1057420000.0*pi2*pi4 - 837.106*pi2*pi5 - 4283.95*pi2 - 96.2848*pi3**2 + 16637900.0*pi3*pi4 + 2.11998*pi3*pi5 + 321.286*pi3 + 26816.0*pi4**2 + 5740230.0*pi4*pi5 - 37379599.0*pi4 + 1.09539*pi5**2 - 32.6267*pi5 - 288.434),62,,1100109.528870954,424322.8351399901,3053662.5396851157,6.9944187603928025,5.342775388235249,8.930545023017288,197.9097108780807,84.4661665872873,229.16772584763856,6.994418760392803,5.342775388235252,8.930545023017286
default_pf_8,default,pf,8,219.269*pi1**2 + 17865.6*pi1*pi2 + 1449.74*pi1*pi3 - 445666000.0*pi1*pi4 - 291.829*pi1*pi5 - 1876.02*pi1 - 6262.95*pi2**2 - 22890.1*pi2*pi3 + 4956460000.0*pi2*pi4 + 4553.25*pi2*pi5 + 13528.7*pi2 + 368.92*pi3**2 - 83657200.0*pi3*pi4 + 79.1561*pi3*pi5 - 1259.29*pi3 - 126003.0*pi4**2 - 38890800.0*pi4*pi5 + 216630000.0*pi4 - 6.41115*pi5**2 + 55.3141*pi5 + exp(pi2) + 1105.55,57,,1395776.5048680298,439934.2516663773,3143003.4076156104,7.762833539849023,5.366114853726533,8.980421806191547,222.1437701698896,71.71577247987786,263.6906215417219,7.762833539849022,5.366114853726535,8.980421806191549
default_hof_65,default,hof,65,-pi3*pi4/(pi4 + pi5) - pi3*(-340.982*pi1**2 - 9788.79*pi1*pi2 - 1048.23*pi1*pi3 + 256727000.0*pi1*pi4 + 146.587*pi1*pi5 + 1562.67*pi1 + 18170.3*pi2**2 + 16576.9*pi2*pi3 - 3306180000.0*pi2*pi4 - 2700.92*pi2*pi5 - 12755.3*pi2 - 293.445*pi3**2 + 53852300.0*pi3*pi4 - 15.51*pi3*pi5 + 988.922*pi3 + 83930.3*pi4**2 + 20256700.0*pi4*pi5 - 126617000.0*pi4 + 3.61604*pi5**2 - 73.6522*pi5 - 884.78) + exp(pi1),62,,1165520.5265092459,425989.7762687697,3285920.4043368697,7.153906747083131,5.336957597780359,9.006104936493555,199.4004675540396,78.57298969824038,250.7062136835018,7.153906747083127,5.336957597780359,9.006104936493555
default_hof_19,default,hof,19,pi1 + (-733.558*pi1**2 - 14230.6*pi1*pi2 - 962.949*pi1*pi3 + 213775000.0*pi1*pi4 - 48.6512*pi1*pi5 + 1851.31*pi1 + 24490.7*pi2**2 + 15778.8*pi2*pi3 - 3327860000.0*pi2*pi4 - 2733.75*pi2*pi5 - 10390.0*pi2 - 231.92*pi3**2 + 44095300.0*pi3*pi4 - 54.2931*pi3*pi5 + 819.496*pi3 + 84186.1*pi4**2 + 21033300.0*pi4*pi5 - 101435000.0*pi4 + 3.15651*pi5**2 + 30.026*pi5 - 851.697)*log(pi1),58,,967502.2885756935,349266.33291316096,3344900.108754136,6.641911160335827,4.820517272010264,9.007076637908792,175.51885623816764,69.84707947976574,286.4203993952685,6.6419111603358285,4.820517272010264,9.007076637908794
default_hof_64,default,hof,64,pi3*(341.892*pi1**2 + 9795.61*pi1*pi2 + 1047.59*pi1*pi3 - 256704000.0*pi1*pi4 - 146.609*pi1*pi5 - 1561.37*pi1 - 18195.4*pi2**2 - 16578.1*pi2*pi3 + 3306610000.0*pi2*pi4 + 2700.98*pi2*pi5 + 12756.1*pi2 + 293.763*pi3**2 - 53874900.0*pi3*pi4 + 15.5035*pi3*pi5 - 990.25*pi3 - 83941.7*pi4**2 - 20257300.0*pi4*pi5 + 126650000.0*pi4 - 3.61626*pi5**2 + 73.6698*pi5 - exp(pi2) + 887.76),58,,1157494.763617604,411572.77903439157,3288014.8157118075,7.11686806605548,5.265120156481724,9.007845884270091,197.41479878315917,75.06914567764264,250.84287873603762,7.116868066055481,5.265120156481727,9.007845884270091
default_hof_20,default,hof,20,(-737.099*pi1**2 - 14228.0*pi1*pi2 - 963.221*pi1*pi3 + 213673000.0*pi1*pi4 - 48.6849*pi1*pi5 + 1853.75*pi1 + 24514.8*pi2**2 + 15782.9*pi2*pi3 - 3328220000.0*pi2*pi4 - 2733.78*pi2*pi5 - 10397.1*pi2 - 231.956*pi3**2 + 44085800.0*pi3*pi4 - 54.3043*pi3*pi5 + 819.679*pi3 + 84194.9*pi4**2 + 21033100.0*pi4*pi5 - 101395000.0*pi4 + 3.15635*pi5**2 + 30.0538*pi5 - exp(pi1) - exp(exp(pi4)) - 848.348)*log(pi1),62,,967513.2980478082,349271.5392875718,3345901.5646489626,6.641905742438467,4.82080139257874,9.009473732596035,175.52483146349786,69.84496275098267,286.4864059746132,6.641905742438466,4.820801392578742,9.009473732596035
default_hof_92,default,hof,92,pi1 + (493.182*pi1**2 + 19742.2*pi1*pi2 + 1560.38*pi1*pi3 - 451602000.0*pi1*pi4 - 237.035*pi1*pi5 - 2260.94*pi1 - 14656.4*pi2**2 - 24580.7*pi2*pi3 + 5274200000.0*pi2*pi4 + 4731.02*pi2*pi5 + 15025.3*pi2 + 389.201*pi3**2 - 85363400.0*pi3*pi4 + 86.3851*pi3*pi5 - 1344.55*pi3 - 133953.0*pi4**2 - 39727700.0*pi4*pi5 + 217730000.0*pi4 - 6.41154*pi5**2 + 34.6017*pi5 + 1233.91)*exp(-pi1**2 - pi4/(pi3/pi4 + exp(pi1))),65,,1260088.738657091,408781.78701280087,3225970.6134821814,7.479892572290489,5.182809259384453,9.076466024870712,207.63203876497715,69.46309136896873,271.15179317178774,7.479892572290489,5.182809259384453,9.076466024870713
default_hof_55,default,hof,55,(-pi2*exp(exp(-pi1)*log(2*pi4)) + exp(pi3))*(114.192*pi1**2 + 2982.3*pi1*pi2 + 335.656*pi1*pi3 - 76956500.0*pi1*pi4 - 41.9644*pi1*pi5 - 512.955*pi1 - 6562.12*pi2**2 - 5434.05*pi2*pi3 + 1067410000.0*pi2*pi4 + 850.17*pi2*pi5 + 4379.24*pi2 + 97.283*pi3**2 - 16776100.0*pi3*pi4 - 2.24847*pi3*pi5 - 323.911*pi3 - 27068.3*pi4**2 - 5760240.0*pi4*pi5 + 37605800.0*pi4 - 1.09491*pi5**2 + 32.8012*pi5 + 290.41),64,,1111782.1411080107,424997.4978999492,3301114.856853218,7.096382154705726,5.3455886155547745,9.23552430021935,198.58022425605526,86.0838422500721,236.59076765295111,7.096382154705726,5.3455886155547745,9.235524300219353
default_hof_100,default,hof,100,(167.287*pi1**2 + 25716.3*pi1*pi2 + 2596.85*pi1*pi3 - 810184000.0*pi1*pi4 - 433.146*pi1*pi5 - 3183.73*pi1 - 36246.7*pi2**2 - 41843.5*pi2*pi3 + 8592760000.0*pi2*pi4 + 8422.54*pi2*pi5 + 29759.2*pi2 + 735.187*pi3**2 - 155503000.0*pi3*pi4 + 176.371*pi3*pi5 - 2484.89*pi3 - 218786.0*pi4**2 - 69032000.0*pi4*pi5 + 403531000.0*pi4 - 10.6141*pi5**2 + 9.15765*pi5 + 2098.21)*exp(exp(pi3)/(pi3*(-pi3 + log(pi1*pi2*exp(pi3 - pi4))))),66,,1331436.4505721398,411898.7413327584,3312540.752224945,7.567810096225061,5.24882417170245,9.266083671802527,213.6410492439651,65.50929840388558,269.29291638864674,7.567810096225061,5.248824171702447,9.266083671802534
default_hof_49,default,hof,49,pi2 - (-811.329*pi1**2 - 22792.1*pi1*pi2 - 1740.46*pi1*pi3 + 471009000.0*pi1*pi4 + 188.151*pi1*pi5 + 2801.5*pi1 + 36676.4*pi2**2 + 29681.0*pi2*pi3 - 6133460000.0*pi2*pi4 - 5225.55*pi2*pi5 - 20394.1*pi2 - 466.953*pi3**2 + 94226000.0*pi3*pi4 - 91.5363*pi3*pi5 + 1595.37*pi3 + 155586.0*pi4**2 + 42029100.0*pi4*pi5 - 229101000.0*pi4 + 6.67881*pi5**2 - 23.1824*pi5 - 1501.2)*exp(-(exp(pi1) - exp(pi4))/pi3),62,,1145561.6405227126,393860.97344323597,3479725.536491638,7.236218695925792,5.044498114518192,9.290334190751741,194.65365251607727,69.09500545281843,281.8771893442396,7.236218695925791,5.044498114518194,9.290334190751743
default_hof_95,default,hof,95,413.267*pi1**2 + 15548.0*pi1*pi2 + 1653.02*pi1*pi3 - 471553000.0*pi1*pi4 - 287.157*pi1*pi5 - 2274.8*pi1 - 15760.1*pi2**2 - 25463.5*pi2*pi3 + 5177980000.0*pi2*pi4 + 4192.18*pi2*pi5 + 18595.5*pi2 + 428.244*pi3**2 - 89144400.0*pi3*pi4 + 64.1557*pi3*pi5 - 1438.59*pi3 - 131614.0*pi4**2 - 36683700.0*pi4*pi5 + 224259000.0*pi4 - 4.4708*pi5**2 + 75.9913*pi5 - log(pi5) + 1261.36 - (pi1 + exp(pi5/pi3**2))/pi1,63,,1291957.3470050083,326762.25455847546,3279987.8966927147,7.219573691864037,4.36113256405945,9.400547250349925,200.53163445461416,47.71924910139904,267.0411411026431,7.2195736918640385,4.361132564059453,9.400547250349929
default_hof_50,default,hof,50,pi1 + (-pi2 + log(-pi5 + exp(exp(pi3))))*(151.858*pi1**2 + 2844.27*pi1*pi2 + 374.136*pi1*pi3 - 78979300.0*pi1*pi4 - 40.7319*pi1*pi5 - 592.031*pi1 - 9317.31*pi2**2 - 5951.1*pi2*pi3 + 1124730000.0*pi2*pi4 + 860.95*pi2*pi5 + 5186.28*pi2 + 107.688*pi3**2 - 17688500.0*pi3*pi4 - 2.67867*pi3*pi5 - 359.361*pi3 - 28519.1*pi4**2 - 5677480.0*pi4*pi5 + 38869800.0*pi4 - 1.07659*pi5**2 + 32.8857*pi5 + exp(exp(pi4*exp(pi3))) + 320.75),67,,1086102.8064103904,430270.40962724236,3458533.634592076,6.978844558096892,5.367594897307066,9.413232468834995,195.50870791936876,85.76041553999488,244.6773361325145,6.97884455809689,5.36759489730707,9.413232468835
default_hof_16,default,hof,16,530.978*pi1**2 + 16392.8*pi1*pi2 + 829.118*pi1*pi3 - 176903000.0*pi1*pi4 - 192.008*pi1*pi5 - 1566.16*pi1 + 29328.6*pi2**2 - 9350.95*pi2*pi3 + 2244320000.0*pi2*pi4 + 3855.02*pi2*pi5 - 2119.9*pi2 + 153.142*pi3**2 - 16220400.0*pi3*pi4 + 20.7418*pi3*pi5 - 598.199*pi3 - 56148.4*pi4**2 - 12530400.0*pi4*pi5 + 35319000.0*pi4 - 6.60209*pi5**2 + 88.2642*pi5 + exp(exp(exp(-pi5*exp(pi4)))*log(pi1)) + 739.598,64,,2341332.8543338333,2527328.1730906963,2409392.0092833433,8.941922191227262,10.141816722894593,9.781822670802157,502.28725778474154,602.5975537191033,217.45215710136495,8.941922191227265,10.141816722894598,9.781822670802159
default_hof_43,default,hof,43,pi3*(95.9227*pi1**2 + 2743.87*pi1*pi2 + 161.322*pi1*pi3 - 40069400.0*pi1*pi4 + 40.5147*pi1*pi5 - 321.694*pi1 - 10101.7*pi2**2 - 4000.81*pi2*pi3 + 763689000.0*pi2*pi4 + 523.013*pi2*pi5 + 3465.21*pi2 + 64.1629*pi3**2 - 10342700.0*pi3*pi4 + 3.87865*pi3*pi5 - 201.96*pi3 - 19305.9*pi4**2 - 3118560.0*pi4*pi5 + 19804400.0*pi4 - 0.469771*pi5**2 - 3.54627*pi5 - exp(pi2) + 192.687)/pi1,59,,886640.4708040723,420865.26055961003,3429378.0452867905,6.639515789148613,5.215271723902045,9.882205121899474,190.1402892622629,100.3389650810775,274.76346085741625,6.639515789148614,5.215271723902051,9.882205121899478
default_hof_88,default,hof,88,(351.516*pi1**2 + 6516.8*pi1*pi2 + 382.011*pi1*pi3 - 72696400.0*pi1*pi4 + 135.812*pi1*pi5 - 800.955*pi1 - 2621.48*pi2**2 - 3028.32*pi2*pi3 + 865274000.0*pi2*pi4 + 773.795*pi2*pi5 + 60.1596*pi2 + 47.6201*pi3**2 - 11173100.0*pi3*pi4 + 24.5321*pi3*pi5 - 214.788*pi3 - 21870.2*pi4**2 - 5653250.0*pi4*pi5 + 29021300.0*pi4 - 0.899164*pi5**2 - 48.338*pi5 + 277.115)/(pi1**2*pi3*(pi2 + exp(exp(pi4*(pi1 + pi2 - exp(pi5)/pi2))))),67,,951717.4908618918,419821.89433045953,5221123.872376482,6.781021388201756,5.178598947603374,10.128106041945802,205.56279700157123,108.2338413557799,544.0286544877629,6.781021388201756,5.178598947603376,10.128106041945806
default_hof_86,default,hof,86,(76.7882*pi1**2 + 26856.8*pi1*pi2 + 2005.68*pi1*pi3 - 608049000.0*pi1*pi4 - 252.078*pi1*pi5 - 2468.21*pi1 + 6171.68*pi2**2 - 28462.8*pi2*pi3 + 6557480000.0*pi2*pi4 + 6141.06*pi2*pi5 + 13455.7*pi2 + 473.649*pi3**2 - 112769000.0*pi3*pi4 + 122.021*pi3*pi5 - 1637.44*pi3 - 166781.0*pi4**2 - 53655700.0*pi4*pi5 + 295551000.0*pi4 - 8.71248*pi5**2 + 27.9606*pi5 + 1434.83)*exp(-pi1*pi3) - log(pi4),60,,2616207.726105918,1574228.9042184907,4654891.11224583,13.432679814326576,10.52758488610706,10.949335580356651,381.483598069069,242.4381753420231,279.0520326951191,13.432679814326576,10.527584886107057,10.94933558035665
default_hof_40,default,hof,40,pi3**2*(286.241*pi1**2 + 2101.8*pi1*pi2 + 399.587*pi1*pi3 - 65107800.0*pi1*pi4 - 7.0856*pi1*pi5 - 751.433*pi1 - 18892.4*pi2**2 - 6686.38*pi2*pi3 + 1122590000.0*pi2*pi4 + 683.075*pi2*pi5 + 7162.81*pi2 + 132.356*pi3**2 - 17788300.0*pi3*pi4 - 2.17153*pi3*pi5 - 443.771*pi3 - 28458.1*pi4**2 - 4015650.0*pi4*pi5 + 34882500.0*pi4 - 0.742405*pi5**2 + 19.3383*pi5 + 411.766)*exp(exp(pi1/(-pi2 - pi3 + pi4))),63,,988113.8585712777,486086.0021669429,5103886.832910303,6.9769032060003235,5.558155809754455,11.104213579429539,184.49606682124974,99.48733201222821,311.2422438087723,6.9769032060003235,5.558155809754458,11.104213579429544
default_pf_4,default,pf,4,35.4414994025027*pi3*exp(exp(pi4))*log(pi5) + 35.4414994025027*pi3,8,,7821084.280302039,4044513.054608317,4418156.692001561,14.661527297996269,11.998382278970263,11.482917666955736,1171.6332362872554,568.0340836395422,426.38876354924463,14.661527297996269,11.998382278970265,11.48291766695573
default_pf_3,default,pf,3,162.41332747372178*pi1 + pi2 + exp(pi3) + 162.41332747372178*log(pi4 + pi5),8,,282649584.3109997,522139840.9389321,5268126.573059289,57.40667660825222,92.15052398569719,11.84852113988688,68829.55575943204,126483.34102933561,432.21682414479636,57.406676608252226,92.15052398569719,11.848521139886886
default_pf_2,default,pf,2,214.78460996105864*pi4 + 214.78460996105864*log(pi5),4,,11578888.787649326,3260442.440374363,7540989.756010946,27.190703184872238,13.815065347864516,15.668803134387726,2065.0890417657847,816.1454949990459,472.5314338518209,27.190703184872245,13.815065347864522,15.668803134387735
default_hof_54,default,hof,54,pi1**2*pi4*(51232200.0*pi1**2 + 1258230000.0*pi1*pi2 + 45802200.0*pi1*pi3 - 16861900000000.0*pi1*pi4 - 14196900.0*pi1*pi5 - 100653000.0*pi1 - 4129560000.0*pi2**2 - 982299000.0*pi2*pi3 + 203662000000000.0*pi2*pi4 + 321203000.0*pi2*pi5 + 638911000.0*pi2 + 11613000.0*pi3**2 - 2380770000000.0*pi3*pi4 + 444409.0*pi3*pi5 - 37225100.0*pi3 - 5129770000.0*pi4**2 - 1295950000000.0*pi4*pi5 + 5488550000000.0*pi4 - 70628.2*pi5**2 + 3167330.0*pi5 + 41505100.0)*exp(pi3)*exp(pi4)/(pi2 + pi4) + pi5,65,,1401557.5886406156,1128241.1630534446,10403392.547699811,9.077548709817126,6.529369547838345,18.3728624250275,196.3739098923787,177.05219600136036,695.9766268658118,9.077548709817124,6.529369547838342,18.372862425027503
default_hof_46,default,hof,46,pi3*(pi2 + pi3)*(501.425*pi1**2 + 4217.82*pi1*pi2 + 914.86*pi1*pi3 - 163639000.0*pi1*pi4 - 59.6259*pi1*pi5 - 1560.05*pi1 - 31466.0*pi2**2 - 14175.4*pi2*pi3 + 2456360000.0*pi2*pi4 + 1596.9*pi2*pi5 + 14521.8*pi2 + 284.866*pi3**2 - 40850900.0*pi3*pi4 - 6.67933*pi3*pi5 - 960.179*pi3 - 62339.8*pi4**2 - 10311200.0*pi4*pi5 + 85452200.0*pi4 - 2.00089*pi5**2 + 60.6956*pi5 + log(pi4) + 869.781),60,,9254085.145991681,9288443.534921763,16852019.16765721,27.00735994983755,26.98845527635203,22.48927780087431,1533.4150061573707,1551.872087962578,1662.6046684454386,27.00735994983755,26.988455276352035,22.489277800874316
regularized_low_complexity_hof_92,regularized_low_complexity,hof,92,(-pi1*pi5 + pi1 + pi5)/pi2,4,,68751333.48012072,16277696.237034636,32305843.924293652,33.3827814753284,30.833115251595412,24.782723500448046,11926.255454933858,2371.9165537190765,2313.6667392077584,33.3827814753284,30.833115251595416,24.78272350044805
regularized_low_complexity_hof_94,regularized_low_complexity,hof,94,pi3*pi5/(2*pi2 - pi4),4,,73222199.14200458,20404637.02036336,45259927.25020684,37.21751776961192,34.76563620454937,31.469620557032503,12468.460426690743,2777.0320260517638,2952.6988217483736,37.21751776961193,34.765636204549374,31.469620557032506
regularized_low_complexity_hof_96,regularized_low_complexity,hof,96,pi3*pi5/(2*pi2),3,,73208316.32238553,20406372.662905447,45268434.31354145,37.21813361955844,34.76725985729793,31.472848596443832,12465.43668114725,2777.1534759348465,2953.495393193477,37.21813361955844,34.76725985729794,31.472848596443836
regularized_low_complexity_hof_2,regularized_low_complexity,hof,2,pi1 - pi2 + pi3 + (pi1 + pi3)/pi2,5,,60205313.65436185,22930341.026262514,43749252.176378235,50.54105817308173,33.36351531822917,36.185273437332285,8909.35170165878,3634.0071436000917,3483.590953443013,50.54105817308173,33.36351531822916,36.1852734373323
regularized_low_complexity_pf_5,regularized_low_complexity,pf,5,pi1 - pi2 + pi3 + (pi1 + pi3)/pi2,5,,60205313.65436185,22930341.026262514,43749252.176378235,50.54105817308173,33.36351531822917,36.185273437332285,8909.35170165878,3634.0071436000917,3483.590953443013,50.54105817308173,33.36351531822916,36.1852734373323
regularized_low_complexity_hof_4,regularized_low_complexity,hof,4,(pi1 + pi2 + pi3)/pi2,3,,60430580.66068711,23156039.629614633,44255482.306242675,50.32637363714374,33.31990151667381,36.33906315708154,8932.739897673442,3650.8772133756684,3525.8240499650415,50.32637363714374,33.3199015166738,36.339063157081554
regularized_low_complexity_hof_3,regularized_low_complexity,hof,3,(pi1 + pi2 + pi3 - pi4)/pi2,4,,60430558.89467939,23156038.162246857,44255552.595902085,50.3263069650842,33.31984792841675,36.33908292894208,8932.734009162197,3650.8713935610963,3525.8312984480253,50.326306965084214,33.31984792841675,36.33908292894208
regularized_low_complexity_pf_4,regularized_low_complexity,pf,4,(pi1 + pi2 + pi3 - pi4)/pi2,4,,60430558.89467939,23156038.162246857,44255552.595902085,50.3263069650842,33.31984792841675,36.33908292894208,8932.734009162197,3650.8713935610963,3525.8312984480253,50.326306965084214,33.31984792841675,36.33908292894208
regularized_low_complexity_hof_1,regularized_low_complexity,hof,1,pi5*(pi2*pi5 + pi3/pi5)/pi2,5,,61206277.57937651,28198971.16424883,50332094.14471741,44.86724151425534,35.252949038325724,36.38031748732162,8745.72365203139,3995.241078536935,3874.5009105953795,44.86724151425534,35.252949038325724,36.38031748732162
regularized_low_complexity_pf_6,regularized_low_complexity,pf,6,pi5*(pi2*pi5 + pi3/pi5)/pi2,5,,61206277.57937651,28198971.16424883,50332094.14471741,44.86724151425534,35.252949038325724,36.38031748732162,8745.72365203139,3995.241078536935,3874.5009105953795,44.86724151425534,35.252949038325724,36.38031748732162
regularized_low_complexity_hof_9,regularized_low_complexity,hof,9,(pi1*(pi1 + pi3 + pi4/pi5)/pi2 + pi2)/pi1,7,,61527410.2019516,23810473.10351588,44898787.458959416,49.85550930481684,32.354607130350274,36.524238688668056,9064.623322472895,3703.1091684510475,3574.703662790556,49.855509304816856,32.35460713035027,36.524238688668056
regularized_low_complexity_hof_7,regularized_low_complexity,hof,7,pi1 + pi3 + pi5 + (2*pi2 + pi3)/pi2,6,,62695763.51657074,27439062.314840324,49569366.296721816,46.122164941200964,35.60516073542714,36.55987157554843,9024.140695635331,3954.1099075645134,3852.8635008691977,46.122164941200964,35.60516073542715,36.559871575548435
regularized_low_complexity_hof_6,regularized_low_complexity,hof,6,(pi1 - pi2 + pi3 + pi4)/pi2,4,,61110866.57282779,23788335.690315835,45702689.24124375,49.8750545599338,33.36634652667968,36.7530174689405,9009.419327823613,3709.1900474562353,3636.600262566494,49.8750545599338,33.36634652667968,36.7530174689405
regularized_low_complexity_hof_8,regularized_low_complexity,hof,8,(pi1*pi3 + pi3)/pi2,3,,61335502.39503714,22568743.310928382,42493866.0282422,53.763841126114045,34.1818474616589,36.84769836461849,9146.439391676104,3737.940819999268,3365.833410080247,53.763841126114045,34.1818474616589,36.847698364618495
regularized_low_complexity_pf_3,regularized_low_complexity,pf,3,(pi1*pi3 + pi3)/pi2,3,,61335502.39503714,22568743.310928382,42493866.0282422,53.763841126114045,34.1818474616589,36.84769836461849,9146.439391676104,3737.940819999268,3365.833410080247,53.763841126114045,34.1818474616589,36.847698364618495
regularized_low_complexity_hof_10,regularized_low_complexity,hof,10,pi2 + pi5 + (pi2*pi3 + pi3)/pi2,5,,64024146.61016438,28650152.047240257,51844571.083005324,45.92251311414729,36.314715301755065,37.017564016817694,9175.326891996314,4079.292291136776,4016.619301334979,45.92251311414729,36.314715301755065,37.017564016817694
regularized_low_complexity_hof_12,regularized_low_complexity,hof,12,-pi1 + pi2 + pi3 + pi5 + pi3/pi2,5,,64226637.16381528,28818414.835588332,52118102.86017201,45.931939516651944,36.436444014082234,37.066179924286565,9197.147514596152,4096.71718004754,4034.3049228655673,45.931939516651944,36.436444014082234,37.06617992428658
regularized_low_complexity_hof_15,regularized_low_complexity,hof,15,(pi2*(pi2*pi5 + 2*pi2 + pi5) + pi3)/pi2,7,,64822497.29273751,29439976.166229665,53392544.68872011,45.785914548239994,36.6418932321227,37.31724550739373,9268.738963351163,4160.777475620184,4136.058387801742,45.78591454823999,36.64189323212269,37.317245507393736
regularized_low_complexity_hof_17,regularized_low_complexity,hof,17,pi2 + pi5 + pi3/pi2,3,,64875437.99804192,29472723.533402916,53461772.19405673,45.7946589948461,36.66083714290366,37.33462242087692,9275.467254294701,4164.626519421479,4141.073190129022,45.7946589948461,36.66083714290365,37.334622420876926
regularized_low_complexity_hof_18,regularized_low_complexity,hof,18,pi5 + pi3/pi2,2,,64888205.54047737,29482778.271283444,53483475.498022646,45.795757201914114,36.66665263645984,37.33951997079605,9276.979786233762,4165.749774569514,4142.584076474971,45.795757201914114,36.66665263645984,37.339519970796054
regularized_low_complexity_hof_19,regularized_low_complexity,hof,19,-pi2 + pi5 + pi3/pi2,3,,64900977.17434179,29492837.007018473,53505187.513878584,45.79685540898214,36.672468130016014,37.34441752071517,9278.49283289624,4166.873552417602,4144.095535085326,45.79685540898213,36.672468130016014,37.344417520715176
regularized_low_complexity_hof_20,regularized_low_complexity,hof,20,pi5 - 1/pi5 + pi3/pi2,4,,65966435.14520106,30433850.01726849,53960306.42927641,45.54517244430927,36.347487010716414,37.36731533347235,9408.80372198102,4264.8138529321095,4175.133084236006,45.545172444309266,36.34748701071641,37.367315333472355
regularized_low_complexity_hof_21,regularized_low_complexity,hof,21,-pi1 + pi2 + pi5 + pi3/pi2,4,,65084518.71669406,29647131.12658778,53746189.8379432,45.804980332174225,36.782565855230814,37.38323832834581,9298.107115950774,4182.836997178463,4159.489536495312,45.804980332174225,36.78256585523081,37.38323832834581
regularized_low_complexity_hof_5,regularized_low_complexity,hof,5,(-pi3 + pi5 + (-pi2 + pi3 + 1)/pi2)/pi3,6,,61578443.29309397,26710113.290442355,55481017.09069512,44.707934084865244,31.72998182755454,37.45178183119563,8987.015814350154,3979.4018996715276,4878.4498514758925,44.707934084865244,31.72998182755454,37.45178183119563
regularized_low_complexity_hof_22,regularized_low_complexity,hof,22,(pi2*pi3**2 + pi3)/pi2,4,,65763142.36902128,29588844.937669724,53428956.70145223,46.44132598266883,37.08184584335581,37.46451634057702,9410.110935650913,4199.144441719997,4128.132685395964,46.44132598266883,37.0818458433558,37.46451634057703
regularized_low_complexity_hof_52,regularized_low_complexity,hof,52,2*pi1 + (pi2 + pi3 + pi2/(pi1*pi5))/pi2,7,,66670124.60530949,29876688.91492339,52465179.85565488,46.931914529805155,36.34403388957653,37.483283153753334,9568.26775210934,4257.0530300613855,4072.7658688768433,46.93191452980516,36.34403388957653,37.48328315375334
regularized_low_complexity_hof_14,regularized_low_complexity,hof,14,pi1*(pi1 + pi3/pi1)/pi2,4,,63755120.57831289,27777380.430112038,52336762.80344683,46.67375102472471,34.787209610030885,37.643576591972995,9240.739499471802,4032.4198245201374,4111.799186599201,46.67375102472471,34.787209610030885,37.643576591973
regularized_low_complexity_hof_29,regularized_low_complexity,hof,29,pi3 - pi3/(-pi2 + 2*pi4),4,,66161360.71509026,30021282.224032026,54300330.52066039,46.28046797234755,37.07972452554527,37.64395666215475,9458.489224576799,4240.447654796836,4205.864998790355,46.28046797234755,37.07972452554527,37.64395666215476
regularized_low_complexity_hof_24,regularized_low_complexity,hof,24,pi3*pi4*(pi3 + pi4) + pi3 + pi3/pi2,6,,66151317.445272945,30018212.162442002,54322641.500385776,46.258559186215756,37.06265227331315,37.6462442903213,9455.830598262724,4237.916913595555,4208.165850846897,46.258559186215756,37.06265227331315,37.64624429032131
regularized_low_complexity_hof_11,regularized_low_complexity,hof,11,pi3 + pi3/pi2,2,,66151318.74046564,30018213.584123213,54322648.01360549,46.25855677834741,37.06264912900369,37.646245649136645,9455.830669168714,4237.916872395758,4208.166482137154,46.25855677834741,37.06264912900369,37.64624564913666
regularized_low_complexity_hof_26,regularized_low_complexity,hof,26,pi3 - pi4 + pi3/pi2,3,,66151319.387378685,30018214.288953234,54322650.40108797,46.25855624231405,37.06264880148471,37.64624612295922,9455.830735573705,4237.9169164433115,4208.166692031468,46.25855624231405,37.06264880148471,37.64624612295921
regularized_low_complexity_hof_23,regularized_low_complexity,hof,23,pi3 + (pi3 - pi4)/pi2,3,,66151333.31976121,30018245.64286465,54322774.65843101,46.2585027377067,37.062617796840534,37.64626542099718,9455.830074114823,4237.916206148801,4208.178244729476,46.25850273770669,37.06261779684053,37.646265420997196
regularized_low_complexity_hof_27,regularized_low_complexity,hof,27,-pi2 + pi3 + pi3/(pi2 + pi4),4,,66159234.763876505,30026856.796719782,54355692.842906326,46.24871505200628,37.05994479244257,37.65228753883449,9456.036804291101,4237.7915419124065,4210.841734956737,46.24871505200628,37.05994479244257,37.65228753883449
regularized_low_complexity_hof_51,regularized_low_complexity,hof,51,(-pi4 + pi5*(pi2 + pi3 + pi4)/pi2)/pi5,6,,67366856.3209027,31001286.675881743,54893011.01391525,46.052676680215164,36.61768114368408,37.756297259062755,9611.138328315394,4341.021273602917,4256.639946186671,46.05267668021516,36.61768114368408,37.756297259062755
regularized_low_complexity_hof_31,regularized_low_complexity,hof,31,pi1 + pi3/pi2,2,,66832354.92507108,30703465.873247232,55726267.73867482,46.121276256541556,37.28704225782511,37.914688145727,9538.950817840969,4310.444462233621,4319.885578627048,46.121276256541556,37.28704225782511,37.914688145727006
regularized_low_complexity_pf_2,regularized_low_complexity,pf,2,pi1 + pi3/pi2,2,,66832354.92507108,30703465.873247232,55726267.73867482,46.121276256541556,37.28704225782511,37.914688145727,9538.950817840969,4310.444462233621,4319.885578627048,46.121276256541556,37.28704225782511,37.914688145727006
regularized_low_complexity_hof_53,regularized_low_complexity,hof,53,pi1 - pi4 + pi3/pi2,3,,66832355.60904591,30703466.61888189,55726270.22615695,46.121275720508216,37.287041930306145,37.91468861954955,9538.950891267386,4310.444514870322,4319.885797382578,46.121275720508216,37.287041930306145,37.91468861954956
regularized_low_complexity_hof_34,regularized_low_complexity,hof,34,pi2*pi3 + pi3/pi2,3,,67029967.90120668,30868740.104969464,55987670.23384462,46.130936607614466,37.4017109748057,37.955977407067124,9560.193879907361,4327.691998549161,4336.561990161606,46.130936607614466,37.4017109748057,37.955977407067124
regularized_low_complexity_hof_35,regularized_low_complexity,hof,35,pi2 + pi4 + pi3/pi2,3,,67035696.39769836,30873990.55017017,55998835.61864053,46.13049992283505,37.40295580411506,37.958406029454196,9560.93434728904,4328.284723472802,4337.46162466967,46.13049992283505,37.40295580411506,37.9584060294542
regularized_low_complexity_hof_48,regularized_low_complexity,hof,48,pi3/(pi2 - pi4*(pi1 + pi2*pi4 - pi2 + pi3)),7,,67059248.59122291,30888613.418986853,55998681.03376571,46.15452348859529,37.42913771320314,37.96120658443266,9565.250405414592,4332.175507061788,4336.650123761379,46.15452348859529,37.42913771320314,37.961206584432674
regularized_low_complexity_hof_46,regularized_low_complexity,hof,46,pi3/(pi2 - pi4),2,,67053482.87921122,30885511.6141945,56009338.524436995,46.14254796406446,37.41730270528345,37.962159610808534,9563.747658096892,4330.625683397957,4337.798560184406,46.14254796406446,37.41730270528344,37.96215961080854
regularized_low_complexity_hof_38,regularized_low_complexity,hof,38,(pi1*pi4/(-pi1 + pi2*pi5/pi1) + pi3)/pi2,7,,67048864.94861031,30884353.796942905,56021147.81388055,46.1315028221246,37.40859999363543,37.96291061960778,9562.487081739562,4329.427857587275,4339.003146737827,46.1315028221246,37.40859999363543,37.96291061960778
regularized_low_complexity_hof_36,regularized_low_complexity,hof,36,pi3/(-pi2*pi4*(-pi2 + pi5) + pi2),5,,67048689.89017744,30884279.64044231,56020818.38243592,46.13163713757884,37.40879710960729,37.96314547324272,9562.474063571062,4329.450187772818,4338.97552581313,46.131637137578835,37.40879710960729,37.96314547324273
regularized_low_complexity_hof_37,regularized_low_complexity,hof,37,pi2**2 + pi3/pi2,3,,67048673.14707162,30884277.552385103,56020979.845414855,46.13154710740302,37.408648531282466,37.963195358273964,9562.477888706859,4329.442828440146,4339.006241524817,46.13154710740303,37.408648531282466,37.96319535827397
regularized_low_complexity_hof_39,regularized_low_complexity,hof,39,pi4*pi5 + (pi3 + pi4)/pi2,4,,67048923.32033514,30884436.306016162,56021287.76320973,46.131651519590086,37.40880191373352,37.96328264790168,9562.509122907424,4329.464639903218,4339.0232287876015,46.131651519590086,37.40880191373352,37.963282647901686
regularized_low_complexity_hof_47,regularized_low_complexity,hof,47,pi4/pi5 + pi3/pi2,3,,68017722.57185812,31619252.792058863,56021427.357856736,46.02921001778505,36.96191979034222,37.963304033608736,9688.045970654262,4408.733238291515,4339.036170749161,46.02921001778505,36.961919790342215,37.96330403360874
regularized_low_complexity_hof_42,regularized_low_complexity,hof,42,pi3/pi2,1,,67048944.32911892,30884474.04703768,56021428.31268733,46.13159759386971,37.408770970152275,37.963304053195884,9562.50958046467,4329.464904747035,4339.036249859139,46.13159759386971,37.408770970152275,37.96330405319589
regularized_low_complexity_hof_45,regularized_low_complexity,hof,45,pi3*(pi4 + pi5)/(pi2*(-pi4 + pi5)),5,,70081530.5078729,35954349.56645596,56021283.626576856,49.35760689285622,43.46952478112995,37.96332630630478,10318.038379297239,5562.553423434322,4339.022547834378,49.35760689285622,43.46952478112994,37.963326306304786
regularized_low_complexity_hof_54,regularized_low_complexity,hof,54,-pi2 + pi3/pi2,2,,67062195.66213979,30894960.79041073,56044027.21722451,46.13269580093773,37.414586463708446,37.968201603115006,9564.085254090844,4330.645555212884,4340.611227523237,46.13269580093773,37.41458646370845,37.96820160311501
regularized_low_complexity_hof_33,regularized_low_complexity,hof,33,pi3/(pi2 + pi4/(pi1**2*(pi2 + 2*pi3))),7,,66996270.76917297,30831200.380577486,56164046.84932558,46.009961406930955,37.23862304454477,37.99521479260408,9547.108468797793,4307.385662586204,4354.8099810666645,46.00996140693095,37.23862304454477,37.99521479260409
regularized_low_complexity_hof_49,regularized_low_complexity,hof,49,-pi1/pi3 + pi4 + pi3/pi2,4,,67210496.3044658,31013581.44385227,56228782.8880319,46.14453603724994,37.50060274823326,37.99789865185106,9579.676415794595,4342.843906602284,4352.022199678751,46.14453603724994,37.500602748233256,37.99789865185107
regularized_low_complexity_hof_50,regularized_low_complexity,hof,50,-pi1 + pi2*(2*pi1*pi5 - pi2) + pi3/pi2,7,,67240801.33762245,31053442.42894795,56293755.85726428,46.13662208172727,37.52180274363312,38.005854028304064,9583.168385075847,4347.132209400971,4356.677701504194,46.13662208172727,37.52180274363312,38.00585402830407
regularized_low_complexity_hof_57,regularized_low_complexity,hof,57,(-pi2**2*pi3**2 - pi2 + pi3)/pi2,6,,67726968.05980277,31512190.347063813,57230405.99948451,46.088784204147856,37.712979646439074,38.181505088392626,9642.355130820579,4397.303719706844,4427.491252525603,46.088784204147856,37.71297964643908,38.18150508839263
regularized_low_complexity_hof_58,regularized_low_complexity,hof,58,pi1 + pi2 - pi3 + pi3/pi2,4,,67745377.92746541,31588302.293734312,57461060.69954859,45.993218864995846,37.62734860541751,38.226848999867094,9648.512695844543,4405.609215676442,4453.908469860962,45.993218864995846,37.6273486054175,38.2268489998671
regularized_low_complexity_hof_60,regularized_low_complexity,hof,60,pi2 + (pi2*(pi3 - pi5) + pi3)/pi2,5,,68328564.91332276,31424296.40662677,56855386.077535704,46.59329896323499,37.79895196913995,38.26513218161737,9744.075765338435,4402.065985102352,4404.423436228002,46.59329896323498,37.79895196913994,38.265132181617375
regularized_low_complexity_hof_61,regularized_low_complexity,hof,61,pi1**2 - pi2 + pi4 - pi5 + pi3/pi2,6,,69215002.71511166,32292593.617885258,58593967.050073996,46.45918980474287,38.109693213258545,38.57893652777133,9851.852683789532,4495.822324106125,4539.639257568045,46.45918980474287,38.109693213258545,38.57893652777134
regularized_low_complexity_hof_62,regularized_low_complexity,hof,62,-pi2 + pi4 - pi5 + (pi3 + pi4)/pi2,5,,69299253.91406475,32355335.907008674,58681078.3751802,46.468590769567385,38.15673645708302,38.59196543983175,9860.471279224086,4502.2008815171475,4544.865735695936,46.4685907695674,38.15673645708302,38.59196543983177
regularized_low_complexity_hof_63,regularized_low_complexity,hof,63,-pi1 - pi4 - pi5 + pi3/pi2,4,,69512682.71971004,32534754.464693416,58967623.62647018,46.48307838559055,38.27261768865291,38.635704516887174,9883.641520052031,4521.091045211104,4563.364208185585,46.48307838559055,38.27261768865291,38.635704516887174
regularized_low_complexity_hof_76,regularized_low_complexity,hof,76,pi2 + (pi1*pi3 - 2*pi1 + pi3)/pi2,6,,74831643.07144251,38242442.38725324,64683039.088108875,47.234187920628216,42.17230711455855,38.775294396404206,10345.941310818378,5049.023447123308,4840.9420433634705,47.234187920628216,42.17230711455854,38.775294396404206
regularized_low_complexity_hof_79,regularized_low_complexity,hof,79,pi1*(pi1*pi5 - pi5)/(pi2*pi5) + pi3/pi2,7,,75698213.65514132,40337179.98289746,68120003.80931325,45.44827507454839,41.68492235936437,39.06083044622759,10519.998654216834,5299.835752568833,5177.199734746719,45.44827507454839,41.68492235936437,39.0608304462276
regularized_low_complexity_hof_82,regularized_low_complexity,hof,82,-pi1 + pi2 + pi5 + (-pi1 + pi3)/pi2,5,,77694548.49675533,42681452.39454234,70810518.83183847,46.74802582802487,43.70592010589791,39.282319057586626,10609.992894143317,5483.710336933831,5293.347214713459,46.74802582802487,43.7059201058979,39.28231905758663
regularized_low_complexity_hof_89,regularized_low_complexity,hof,89,pi5 + (pi4*pi5 + 2*pi5)/pi1**2,6,,84532541.5480769,59918002.123673886,70204588.54222555,57.83850293549007,59.03585938535455,40.14985695184416,11250.146449805377,8186.349766728126,4018.8537893184216,57.83850293549007,59.03585938535455,40.14985695184416
regularized_low_complexity_hof_65,regularized_low_complexity,hof,65,pi3*pi5/pi2,2,,260984742.8765807,65629493.92414844,64659959.1710832,63.152125813505975,54.5333337190839,43.01390668185575,50910.39922386749,11209.912180440377,6424.335707991933,63.152125813505975,54.5333337190839,43.01390668185575
regularized_low_complexity_hof_84,regularized_low_complexity,hof,84,(pi1 + 1)/pi2,2,,74530713.12216286,42393088.62562111,86916441.98394614,43.452535815250585,39.82562115985671,44.55531465460306,10989.326910946607,6109.730357832397,7590.430644945822,43.452535815250585,39.82562115985671,44.55531465460305
regularized_low_complexity_hof_97,regularized_low_complexity,hof,97,(-pi5 + (pi1 - pi2)/pi2)/(pi1/pi3 - pi4),6,,87011342.26205432,46659446.29982477,93006192.34399028,48.15918128745773,44.32558845727221,45.06177274343178,12627.37470058444,6453.451346213216,7777.953124219168,48.15918128745773,44.32558845727221,45.06177274343179
regularized_low_complexity_hof_90,regularized_low_complexity,hof,90,pi2*(2*pi1*pi3**2/pi2**2 + pi3),7,,77907027.43380368,45736379.88929834,98092719.12241891,44.50778699461944,39.66372616556376,46.217725568809506,11450.439372993736,6417.321609037728,8495.957031629903,44.50778699461944,39.66372616556376,46.217725568809506
regularized_low_complexity_hof_66,regularized_low_complexity,hof,66,pi1 + pi5/(pi2*pi3),3,,62764915.850983575,36267067.90521331,80084579.41353926,44.07142137202063,44.26313295497105,48.882524340448555,10220.399026139772,5605.059710139709,6862.401025931377,44.07142137202063,44.26313295497105,48.882524340448555
regularized_low_complexity_hof_67,regularized_low_complexity,hof,67,-pi2 + (pi1 + pi5**2/(pi2*(-pi4 + pi5)))/pi3,7,,62859641.7891567,36358506.41393458,80270577.94489741,44.14250885517859,44.33600508425547,48.958641584500654,10233.40528947291,5618.125251407685,6876.465581213765,44.14250885517859,44.336005084255476,48.958641584500654
regularized_low_complexity_hof_68,regularized_low_complexity,hof,68,pi5/(pi2*pi3),2,,63016133.085157506,36489294.78757027,80542576.7440774,44.265596628224415,44.450381718578555,49.07430439444478,10252.225110640045,5634.617859648383,6894.350725466382,44.265596628224415,44.45038171857856,49.07430439444478
regularized_low_complexity_hof_71,regularized_low_complexity,hof,71,(-pi4 + pi5)/(pi2*pi3),3,,63016179.58155522,36489356.51288476,80542768.58488566,44.26564782059281,44.450450624031475,49.074382570082406,10252.234090350612,5634.6300653293065,6894.368076926541,44.265647820592804,44.450450624031475,49.074382570082406
regularized_low_complexity_hof_73,regularized_low_complexity,hof,73,-pi1 + pi5/(pi2*pi3),3,,63268907.329730496,36712897.97304587,81002629.37632813,44.46131455479067,44.63763048218607,49.266084448441006,10284.220605882478,5664.328357280937,6926.423667193267,44.46131455479067,44.637630482186076,49.266084448441006
regularized_low_complexity_hof_77,regularized_low_complexity,hof,77,pi5/(pi2*(pi2 + pi3)),3,,63792163.65961143,37125616.78701367,82084700.74094269,44.72719940812056,44.92131968319223,49.60799515487376,10348.354643040602,5724.975445588583,7009.230536676369,44.72719940812057,44.92131968319223,49.60799515487376
regularized_low_complexity_hof_78,regularized_low_complexity,hof,78,(-pi3*pi5 + pi3 - pi4 + pi5/pi2)/pi3,6,,63960964.73229087,37385143.88423452,82532761.83176827,44.68211233663541,44.933151481876116,49.6430676734885,10366.957753813193,5764.7772116938095,7065.741103986537,44.68211233663542,44.93315148187612,49.6430676734885
regularized_low_complexity_hof_98,regularized_low_complexity,hof,98,pi1 + pi5 + 1/pi2,3,,88063136.17197499,57008725.63070894,106903425.97021446,46.34797309537504,48.62969551177153,50.634720274716685,12651.524782270508,7887.6818437672255,9039.762368269487,46.34797309537504,48.62969551177153,50.634720274716685
regularized_low_complexity_hof_88,regularized_low_complexity,hof,88,-pi2*pi4 + pi5 + pi5/(pi2*(pi1 + pi3)),6,,71999006.5953774,45269523.201203346,95411761.35983124,50.36207175032419,50.76102524871307,54.5735277736201,11141.517342161378,6736.127030191555,7889.864696025564,50.36207175032419,50.761025248713075,54.5735277736201
regularized_low_complexity_hof_64,regularized_low_complexity,hof,64,pi1*(-pi1 + pi3*(-pi1 + pi5) + pi5)/pi2 + pi4,7,,61554037.89042179,44968829.20369497,111159247.57770872,49.99892386968884,51.972449780655474,58.76608258075062,10020.589956090605,7151.639561083705,9586.920167714503,49.99892386968884,51.972449780655474,58.76608258075062
regularized_low_complexity_hof_86,regularized_low_complexity,hof,86,pi1 + 2*pi1*pi5/pi2,4,,66928593.058533646,53688270.75505193,127406478.25684386,50.33597848290752,54.42173885808137,61.85459694925639,11011.872999940053,8746.978092182806,11415.854593743483,50.33597848290752,54.42173885808137,61.85459694925639
regularized_low_complexity_hof_87,regularized_low_complexity,hof,87,2*pi1*pi5/pi2 - pi4,4,,67215920.19942203,53954464.50871876,127958892.97748834,50.54503336935989,54.61550615251822,62.04637899656973,11050.25114330229,8783.399277289887,11455.41174829822,50.54503336935989,54.61550615251822,62.04637899656973
regularized_low_complexity_hof_95,regularized_low_complexity,hof,95,pi3*pi5/(pi2 + pi2/(pi1*pi3)),5,,86583756.9328756,65257343.151919395,132576025.15314284,58.71037664314158,60.860914798084195,64.47207809431492,12494.959981271695,9161.332135289176,10676.829110856444,58.71037664314157,60.860914798084224,64.47207809431494
default_hof_22,default,hof,22,-pi5 + (-pi1 + pi3)*(402.463*pi1**2 + 5193.89*pi1*pi2 + 494.164*pi1*pi3 - 94135500.0*pi1*pi4 - 17.9204*pi1*pi5 - 969.268*pi1 - 21994.7*pi2**2 - 8680.72*pi2*pi3 + 1613490000.0*pi2*pi4 + 1166.87*pi2*pi5 + 7747.15*pi2 + 148.667*pi3**2 - 22820900.0*pi3*pi4 + 9.15722*pi3*pi5 - 504.964*pi3 - 40840.1*pi4**2 - 7859970.0*pi4*pi5 + 47529300.0*pi4 - 1.29581*pi5**2 + 14.7966*pi5 + 493.353)*exp(exp(pi1)/log(pi1*pi4*exp(-pi1))),66,,93360749.66347173,79513379.03001301,127431511.7025814,66.87609453593915,67.25558504019861,66.5152434390395,13205.237094097298,10950.67433425576,10820.451664881699,66.87609453593913,67.25558504019861,66.5152434390395
regularized_low_complexity_pf_1,regularized_low_complexity,pf,1,pi5*(pi3 + pi5),2,,182176979.27561957,159157040.2620244,261156899.45684278,95.03007782766593,95.5166045236934,95.34134512758423,25595.81348767579,22042.8930747449,21387.992020498783,95.03007782766593,95.5166045236934,95.34134512758423
regularized_low_complexity_hof_16,regularized_low_complexity,hof,16,pi4*(pi2 + pi3/pi2)/pi5 + pi5 + pi4/pi3,7,,202949869.33291775,175833712.47902802,280837373.12860966,98.64176857769105,98.69735058104598,98.6691703085473,28626.87974641808,24255.55343256546,23078.055868741096,98.64176857769105,98.69735058104601,98.66917030854728
default_hof_47,default,hof,47,pi1*pi4*(22949900000.0*pi1**2 + 2098710000000.0*pi1*pi2 + 46801400000.0*pi1*pi3 - 2.11603e+16*pi1*pi4 - 8058460000.0*pi1*pi5 - 93919900000.0*pi1 - 4761220000000.0*pi2**2 - 932982000000.0*pi2*pi3 + 2.56678e+17*pi2*pi4 + 199081000000.0*pi2*pi5 + 207076000000.0*pi2 + 12775300000.0*pi3**2 - 3.0183e+15*pi3*pi4 + 3127870000.0*pi3*pi5 - 42489500000.0*pi3 - 6466240000000.0*pi4**2 - 1.68033e+15*pi4*pi5 + 6.97528e+15*pi4 - 158199000.0*pi5**2 + 638091000.0*pi5 + 48370700000.0)*exp(-exp((-pi1 + exp(pi2*pi5))/pi4)) + pi5,65,,200206577.5383835,171341149.5564211,280837956.8249789,98.6638419621057,98.73698047731507,98.66930856051181,28298.19019981239,23723.790107813704,23078.10872690619,98.6638419621057,98.73698047731507,98.66930856051181
default_hof_29,default,hof,29,pi1 - log(pi1 + pi4) + (-56.5352*pi1**2 + 4357.2*pi1*pi2 + 209.308*pi1*pi3 - 71829200.0*pi1*pi4 + 28.6752*pi1*pi5 - 250.42*pi1 - 1085.27*pi2**2 - 4125.42*pi2*pi3 + 962284000.0*pi2*pi4 + 831.84*pi2*pi5 + 1977.9*pi2 + 62.6654*pi3**2 - 14607000.0*pi3*pi4 + 11.711*pi3*pi5 - 197.944*pi3 - 24396.3*pi4**2 - 6365450.0*pi4*pi5 + 34453800.0*pi4 - 1.02488*pi5**2 - 2.5108*pi5 + 170.931)/(pi1 + pi3**2/pi4 - pi3),64,,202054711.81172773,172316680.97688854,281771672.191746,98.68252054403168,98.76191422844607,98.7148384446683,28540.91485313705,23817.409844099995,23152.20354906974,98.68252054403168,98.76191422844607,98.7148384446683
regularized_low_complexity_hof_28,regularized_low_complexity,hof,28,pi3 + pi3/(pi2*pi3/pi4 - pi4),5,,202166823.1764279,172448795.8855352,282199577.7268338,98.7119160181137,98.79741677676789,98.78197426211815,28560.096333375306,23837.523474598886,23188.471694930227,98.7119160181137,98.79741677676789,98.78197426211817
regularized_low_complexity_hof_59,regularized_low_complexity,hof,59,pi3/(pi2*(pi1*pi2/pi4 + pi2)),5,,205396671.4778279,175578128.17520455,287840756.9164292,99.88228666847549,99.86626632097546,99.90570007648392,29013.192700361025,24280.686013396837,23632.885502051005,99.88228666847549,99.86626632097546,99.90570007648394
regularized_low_complexity_hof_41,regularized_low_complexity,hof,41,pi3*pi4/pi2**2,3,,205563722.1847809,175770393.73624572,288222520.0698987,99.9799793782392,99.98022365100796,99.98339288726548,29047.124868181858,24322.415074796925,23671.28574099858,99.9799793782392,99.98022365100796,99.98339288726548
default_hof_25,default,hof,25,2*pi2*pi4*(-58.4056*pi1**2 + 4547.38*pi1*pi2 + 211.057*pi1*pi3 - 72615000.0*pi1*pi4 + 29.6795*pi1*pi5 - 253.65*pi1 - 1330.99*pi2**2 - 4178.23*pi2*pi3 + 974659000.0*pi2*pi4 + 859.992*pi2*pi5 + 1978.36*pi2 + 63.4223*pi3**2 - 14786100.0*pi3*pi4 + 11.8556*pi3*pi5 - 200.125*pi3 - 24709.6*pi4**2 - 6434310.0*pi4*pi5 + 34834900.0*pi4 - 1.0227*pi5**2 - 2.9827*pi5 + 173.504)*exp(pi3)*exp(-pi2 + 2*pi4)/pi1,65,,205603900.868724,175813554.5778015,288299543.65895057,99.99995699763097,99.99994241502502,99.99995349851254,29054.114082462762,24330.271473314628,23678.657004093737,99.99995699763097,99.99994241502502,99.99995349851254
regularized_low_complexity_hof_72,regularized_low_complexity,hof,72,0,0,,205604024.84854737,175813676.0928731,288299825.215374,100.0,100.0,100.0,29054.13662525062,24330.294988614834,23678.683600537162,100.0,100.0,100.0
regularized_low_complexity_hof_81,regularized_low_complexity,hof,81,-pi5 + pi4*(pi4 + pi5)/(2*pi2**2*pi3),7,,211058261.86381975,180327012.83434013,295834878.02622604,101.33088476778408,101.25810232149277,101.3259440179942,29817.895172008386,24942.055558376247,24284.63412988316,101.33088476778408,101.25810232149277,101.3259440179942
default_hof_36,default,hof,36,(-56.8071*pi1**2 + 4356.64*pi1*pi2 + 209.39*pi1*pi3 - 71766500.0*pi1*pi4 + 28.6823*pi1*pi5 - 249.615*pi1 - 1096.47*pi2**2 - 4127.11*pi2*pi3 + 962462000.0*pi2*pi4 + 831.849*pi2*pi5 + 1980.69*pi2 + 62.6785*pi3**2 - 14603000.0*pi3*pi4 + 11.7138*pi3*pi5 - 198.001*pi3 - 24400.6*pi4**2 - 6365520.0*pi4*pi5 + 34433100.0*pi4 - 1.02486*pi5**2 - 2.51704*pi5 + 171.176)/(pi1 - log(pi4 + log(pi4/pi2) + exp(pi2*pi4*pi5)/pi4)),66,,214364790.22769818,182799653.20109987,298621837.62286854,102.07097797342979,101.9348118810668,101.82523568411762,30168.527603334354,25212.92075063515,24416.161239038796,102.0709779734298,101.9348118810668,101.82523568411762
regularized_low_complexity_hof_70,regularized_low_complexity,hof,70,pi5/(pi2*(pi4 + pi3*pi4/pi2**3)),6,,3277184502.710757,1078504482.494045,511651468.4107458,184.43503682693813,161.7229034209766,110.25427722695444,302009.9903096663,106687.69051574983,31533.923641394824,184.43503682693813,161.7229034209766,110.25427722695444
default_hof_32,default,hof,32,(pi1 + pi5)*(2*pi1 - exp(pi4) + (-58.8089*pi1**2 + 4356.63*pi1*pi2 + 209.395*pi1*pi3 - 71768700.0*pi1*pi4 + 28.6814*pi1*pi5 - 248.618*pi1 - 1096.57*pi2**2 - 4127.2*pi2*pi3 + 962475000.0*pi2*pi4 + 831.859*pi2*pi5 + 1980.79*pi2 + 62.6799*pi3**2 - 14603400.0*pi3*pi4 + 11.7141*pi3*pi5 - 198.006*pi3 - 24401.0*pi4**2 - 6365600.0*pi4*pi5 + 34434200.0*pi4 - 1.02487*pi5**2 - 2.51712*pi5 + 171.179)/pi1)/log(pi4),64,,313349037.81101227,247978843.42998978,397792317.55330133,117.45731532103841,116.3206154152537,116.0195861868718,44970.01537357835,34186.51202052267,32830.22448549307,117.45731532103841,116.3206154152537,116.0195861868718
default_hof_60,default,hof,60,(pi3 + log(pi4))*(342.07*pi1**2 + 9800.88*pi1*pi2 + 1047.58*pi1*pi3 - 256724000.0*pi1*pi4 - 146.627*pi1*pi5 - 1561.46*pi1 - 18207.9*pi2**2 - 16578.2*pi2*pi3 + 3306870000.0*pi2*pi4 + 2700.99*pi2*pi5 + 12753.6*pi2 + 294.031*pi3**2 - 53896200.0*pi3*pi4 + 15.4984*pi3*pi5 - 991.296*pi3 - 83948.8*pi4**2 - 20257800.0*pi4*pi5 + 126692000.0*pi4 - 3.61648*pi5**2 + 73.6849*pi5 + 887.462) + log(pi3),60,,16920290394.558598,13489405628.864365,21103623529.944298,860.8523753546788,827.3454229131868,820.6867957859714,2110226.4577868865,1663183.799263228,1449367.7756139024,860.8523753546785,827.3454229131867,820.6867957859712
default_hof_61,default,hof,61,(pi3 + log(pi4))*(341.994*pi1**2 + 9799.28*pi1*pi2 + 1047.57*pi1*pi3 - 256722000.0*pi1*pi4 - 146.623*pi1*pi5 - 1561.39*pi1 - 18204.8*pi2**2 - 16578.3*pi2*pi3 + 3306810000.0*pi2*pi4 + 2700.99*pi2*pi5 + 12754.2*pi2 + 294.016*pi3**2 - 53891600.0*pi3*pi4 + 15.4997*pi3*pi5 - 991.429*pi3 - 83947.2*pi4**2 - 20257700.0*pi4*pi5 + 126684000.0*pi4 - 3.61642*pi5**2 + 73.6812*pi5 + 888.626) - exp(pi4),60,,17180791434.75477,13727936429.959564,21507448285.635212,870.7520523265314,836.1926392878244,829.8022101190159,2142734.397679802,1693309.3652406072,1476942.892942764,870.7520523265313,836.1926392878244,829.8022101190156
default_hof_52,default,hof,52,-pi1 + 2*pi3 - pi5 - (pi3 + pi4 + log(pi1*pi3*pi4))*(-343.408*pi1**2 - 9878.01*pi1*pi2 - 1057.44*pi1*pi3 + 259939000.0*pi1*pi4 + 147.574*pi1*pi5 + 1574.46*pi1 + 18678.6*pi2**2 + 16854.6*pi2*pi3 - 3349640000.0*pi2*pi4 - 2779.26*pi2*pi5 - 13047.4*pi2 - 297.982*pi3**2 + 54637100.0*pi3*pi4 - 15.3087*pi3*pi5 + 1002.7*pi3 + 85035.8*pi4**2 + 20494900.0*pi4*pi5 - 128359000.0*pi4 + 3.63368*pi5**2 - 74.9854*pi5 - 894.442)*exp(-pi2),67,,19170354565.28646,15396344428.757458,24142892876.63646,913.2638658026368,881.2646615905805,877.5481646005311,2412349.5274044303,1908029.0243738033,1675358.0778739657,913.2638658026364,881.2646615905803,877.5481646005311
default_hof_73,default,hof,73,(-exp(pi2) + exp(pi4)*log(pi4))*(-114.479*pi1**2 - 2926.76*pi1*pi2 - 331.711*pi1*pi3 + 75674100.0*pi1*pi4 + 41.6456*pi1*pi5 + 507.351*pi1 + 6256.5*pi2**2 + 5285.06*pi2*pi3 - 1046270000.0*pi2*pi4 - 814.355*pi2*pi5 - 4214.09*pi2 - 95.4746*pi3**2 + 16461300.0*pi3*pi4 + 2.05537*pi3*pi5 + 319.236*pi3 + 26533.3*pi4**2 + 5677070.0*pi4*pi5 - 36984500.0*pi4 + 1.09066*pi5**2 - 32.4126*pi5 - 287.074)*exp(pi3),63,,35674958439.40691,29997587349.415024,48319744206.234085,1319.6896368349226,1292.7721254546793,1274.3245672381938,4895550.606410006,4092826.174723385,3625047.7416928886,1319.6896368349226,1292.772125454679,1274.3245672381938
regularized_low_complexity_hof_25,regularized_low_complexity,hof,25,pi3 + pi3/pi2**2,3,,945196706600.4669,856228654578.0449,639878543460.2594,7516.630267149496,6430.8383679607405,5099.023968823483,151114332.67423946,147311269.75865576,56751815.12946004,7516.630267149495,6430.8383679607405,5099.023968823483
regularized_low_complexity_hof_91,regularized_low_complexity,hof,91,(pi1*pi2/pi4 + pi5)/(pi2*pi5),5,,505305885153312.06,390626137084883.7,169630063474228.16,145196.56411441046,106425.12923368967,69096.58405385961,48667598745.032585,37627741887.50272,9267390754.86511,145196.56411441046,106425.12923368967,69096.58405385961
regularized_low_complexity_hof_80,regularized_low_complexity,hof,80,pi1/pi4 - pi3*pi5/(pi2*(pi1 - pi5)),6,,1361904840784259.8,1046726226200394.4,412436899495997.2,209266.85534887778,174085.1771916803,105596.07642816243,128520261012.42926,100834820144.78151,22810425372.29219,209266.85534887778,174085.17719168027,105596.07642816243
regularized_low_complexity_hof_30,regularized_low_complexity,hof,30,pi5/(pi3*pi4) + pi3/pi2,4,,2.0738281359224876e+16,1.1716860808019126e+16,6738675193306879.0,714528.554310985,629010.3515616102,417624.0708124168,2043909322762.6094,1168448787219.4824,390126587616.9691,714528.5543109851,629010.3515616101,417624.0708124168
regularized_low_complexity_hof_40,regularized_low_complexity,hof,40,pi4 + pi3*(-pi2 + pi4)/(pi2*pi4),5,,1.3754467301903448e+16,1.1892896661456696e+16,8895660746615412.0,862336.1725852394,739500.6087159365,554473.5577558673,1426654683324.5527,1255265895665.1384,533785333317.3597,862336.1725852394,739500.6087159365,554473.5577558671
regularized_low_complexity_hof_13,regularized_low_complexity,hof,13,pi5 + pi5/pi4 + pi3/pi2,4,,3.5324556742500004e+16,2.1336652354694972e+16,1.3492457996386344e+16,1007479.6130079265,896352.611304871,619884.7200594749,3632983390362.85,2192556181826.6199,810895161041.5956,1007479.6130079263,896352.6113048707,619884.7200594749
default_hof_58,default,hof,58,-pi3*(-345.397*pi1**2 - 9865.52*pi1*pi2 - 1048.51*pi1*pi3 + 256786000.0*pi1*pi4 + 146.764*pi1*pi5 + 1565.39*pi1 + 18322.7*pi2**2 + 16570.9*pi2*pi3 - 3308690000.0*pi2*pi4 - 2701.31*pi2*pi5 - 12723.2*pi2 - 295.508*pi3**2 + 54035600.0*pi3*pi4 - 15.4667*pi3*pi5 + 996.934*pi3 + 83998.7*pi4**2 + 20262700.0*pi4*pi5 - 126960000.0*pi4 + 3.61835*pi5**2 - 73.7865*pi5 - 893.183) + log(log(pi3)) + exp(-pi1 + pi3)/pi4,63,,5.428527035403059e+16,4.933876164669278e+16,4.403813323254097e+16,1881555.6776756519,1644896.8247280372,1293312.6920208372,6070772503033.748,5619194398249.266,2838659578250.668,1881555.6776756519,1644896.8247280368,1293312.6920208372
regularized_low_complexity_hof_56,regularized_low_complexity,hof,56,-pi3**3/pi4 - 2*pi4 + pi3/pi2,6,,5.219469516665339e+16,4.8773926493962184e+16,4.207533383048533e+16,1911691.242034785,1683676.0571962513,1307788.5089455992,6082772391548.026,5793910251520.5,2909819323757.198,1911691.242034785,1683676.0571962513,1307788.508945599
regularized_low_complexity_hof_99,regularized_low_complexity,hof,99,pi1*(pi5 + 1/pi2)/(pi4*pi5),5,,1.95914633049309e+18,1.448100656895469e+18,5.824376320054286e+17,9529709.175432904,6645223.597979937,4156877.357933027,191823722168168.6,140875378784777.44,31983433851982.344,9529709.175432902,6645223.597979936,4156877.357933027
regularized_low_complexity_hof_93,regularized_low_complexity,hof,93,(pi1/pi4 - pi2 + pi3 - pi4)/pi2,5,,4.356757376180608e+18,3.7952876795712804e+18,1.1912497827689344e+18,13203481.08488786,10781781.088431582,6033339.327353582,419649208781180.25,369929972944571.94,66470333611342.99,13203481.084887864,10781781.088431582,6033339.327353582
regularized_low_complexity_hof_55,regularized_low_complexity,hof,55,pi1*pi5*(-pi2 + pi3)/(pi2*pi4) - pi4,6,,2.8576491123612725e+19,2.066718216853831e+19,6.251539843916004e+18,29899568.77937821,26270704.744383797,13999692.435430191,2951886407894091.5,2051395900962152.0,368529729400316.06,29899568.779378206,26270704.744383797,13999692.435430191
regularized_low_complexity_hof_85,regularized_low_complexity,hof,85,(pi1 + (pi1 - pi4)/(pi4*(pi1 - pi2)))/pi2,6,,3.042306559615541e+19,2.7774818896098284e+19,1.4860291067509246e+19,41604195.28531263,34727932.75923669,23286574.006190013,3195783528495817.0,2944869084512623.0,892172829794762.1,41604195.28531263,34727932.75923669,23286574.006190013
default_hof_12,default,hof,12,(pi2 + log(log(log(exp(pi2)/log(pi5))/pi5))/pi4)*(-2.90555*pi1**2 + 38.4563*pi1*pi2 + 12.9784*pi1*pi3 - 5571000.0*pi1*pi4 - 3.17828*pi1*pi5 - 10.2522*pi1 - 63.0325*pi2**2 - 254.169*pi2*pi3 + 49257600.0*pi2*pi4 + 117.345*pi2*pi5 + 217.718*pi2 + 4.10545*pi3**2 - 1068380.0*pi3*pi4 + 0.977791*pi3*pi5 - 13.161*pi3 - 1260.91*pi4**2 - 485942.0*pi4*pi5 + 2937830.0*pi4 - 0.0489654*pi5**2 - 0.222748*pi5 + 9.32292)/pi2,66,,7.854143003626655e+19,4.749948248219354e+19,1.3328921408046647e+19,66582485.17386199,66850512.11904863,34904358.23840667,8638843546127901.0,4852719510469606.0,717081475222533.9,66582485.17386197,66850512.119048625,34904358.23840668
regularized_low_complexity_hof_83,regularized_low_complexity,hof,83,(pi1 + pi2 + pi5/pi4)/pi2,4,,1.236153835704866e+20,8.800909829624062e+19,3.769632610982499e+19,65706369.05404986,58714565.30307105,35783263.99847304,1.4716005938034284e+16,9313736877721952.0,2389833663847283.0,65706369.05404986,58714565.303071044,35783263.99847304
regularized_low_complexity_hof_100,regularized_low_complexity,hof,100,pi3 + pi3/(pi2*pi4*(pi1*pi2/pi3 + pi2)),7,,2.0270239379488176e+23,1.848069909076411e+23,7.074154465483061e+22,3549467906.4771185,2898116546.120439,1752869572.7052464,2.624230397937271e+19,2.442007872800135e+19,4.937168662979557e+18,3549467906.4771185,2898116546.120439,1752869572.7052462
default_hof_79,default,hof,79,pi4 + (-19.3075*pi1**2 - 3293.28*pi1*pi2 - 296.931*pi1*pi3 + 100067000.0*pi1*pi4 + 66.2692*pi1*pi5 + 348.643*pi1 + 5135.84*pi2**2 + 4880.82*pi2*pi3 - 1049720000.0*pi2*pi4 - 1261.06*pi2*pi5 - 3183.0*pi2 - 79.1456*pi3**2 + 18834300.0*pi3*pi4 - 17.661*pi3*pi5 + 266.473*pi3 + 26729.2*pi4**2 + 8910570.0*pi4*pi5 - 49854100.0*pi4 + 1.38848*pi5**2 - 10.5339*pi5 - 221.635)*exp(pi3)*log(pi2)*log(pi5)/(pi1*pi2*pi4),65,,2.052945945510319e+26,9.085586295881268e+25,5.75057700939936e+25,52272537557.90532,54211537881.14797,35317157015.55545,3.614927163039883e+22,1.2843673739524852e+22,5.649736301087908e+21,52272537557.90532,54211537881.14797,35317157015.55545
default_hof_85,default,hof,85,(-5.25767*pi1**2 + 3131.13*pi1*pi2 + 286.82*pi1*pi3 - 100212000.0*pi1*pi4 - 65.8826*pi1*pi5 - 315.759*pi1 - 4463.51*pi2**2 - 4820.02*pi2*pi3 + 1032410000.0*pi2*pi4 + 1234.31*pi2*pi5 + 3166.53*pi2 + 77.7815*pi3**2 - 18784100.0*pi3*pi4 + 16.9326*pi3*pi5 - 258.98*pi3 - 26296.0*pi4**2 - 8799760.0*pi4*pi5 + 49835900.0*pi4 - 1.38203*pi5**2 + 11.5895*pi5 + 210.257)*exp(pi2)*log(pi2 + exp(pi2*log(-pi3 + exp(pi1)))/pi2),66,,945282.2346038203,408445.8336652368,inf,6.305099659622399,4.245104608448532,inf,85.91418463188508,38.10295364246287,inf,6.305099659622399,4.245104608448538,inf
default_hof_74,default,hof,74,pi3*(321.734*pi1**2 + 10023.4*pi1*pi2 + 1048.0*pi1*pi3 - 261884000.0*pi1*pi4 - 146.084*pi1*pi5 - 1547.4*pi1 - 18601.9*pi2**2 - 16686.2*pi2*pi3 + 3353740000.0*pi2*pi4 + 2654.14*pi2*pi5 + 12840.6*pi2 + 295.683*pi3**2 - 55051000.0*pi3*pi4 + 16.3531*pi3*pi5 - 993.916*pi3 - 85151.9*pi4**2 - 20613900.0*pi4*pi5 - pi4*exp(exp(exp(exp(pi5))))/log(pi4) + 129599001.0*pi4 - 3.7347*pi5**2 + 74.6209*pi5 + 884.022),64,,3180917.8906191746,2582505.825932509,inf,30.083390182677462,30.605485213872747,inf,803.7138526830425,628.1068601067205,inf,30.083390182677455,30.605485213872736,inf
default_hof_83,default,hof,83,pi3 + (-439.334*pi1**2 + 16189.1*pi1*pi2 + 1716.1*pi1*pi3 - 465615000.0*pi1*pi4 - 1.26826*pi1*pi5 - 1774.65*pi1 - 441.144*pi2**2 - 24089.2*pi2*pi3 + 5099910000.0*pi2*pi4 + 4517.72*pi2*pi5 + 15385.8*pi2 + 484.882*pi3**2 - 99617000.0*pi3*pi4 + 153.359*pi3*pi5 - 1614.92*pi3 - 130116.0*pi4**2 - 43960900.0*pi4*pi5 + 251640000.0*pi4 - 6.52753*pi5**2 - 108.229*pi5 + 1279.37)/(pi1*log(pi4*log(pi1 - pi5) + pi5 + exp(exp(pi3)))),66,,3385688.8412813027,2607933.395713595,inf,30.306159748994695,30.755788238090776,inf,858.6262750240296,634.2912531311105,inf,30.306159748994688,30.755788238090776,inf
default_hof_14,default,hof,14,(-5.85654*pi1**2 - 25.1458*pi1*pi2 + 12.4544*pi1*pi3 - 5580720.0*pi1*pi4 - 3.05547*pi1*pi5 - 7.14473*pi1 + 135.594*pi2**2 - 265.661*pi2*pi3 + 48193500.0*pi2*pi4 + 119.831*pi2*pi5 + 249.186*pi2 + 2.48648*pi3**2 - 942189.0*pi3*pi4 + 1.02587*pi3*pi5 - 6.34822*pi3 - 1230.2*pi4**2 - 486983.0*pi4*pi5 + 2705760.0*pi4 - 0.0466752*pi5**2 - 0.360895*pi5 - log(log(pi3 + pi4*pi5**2*log((pi1 - pi3)/pi2)*log(log(pi1)))) + 1.53284)/pi2,69,,inf,inf,inf,inf,inf,inf,inf,inf,inf,inf,inf,inf
default_hof_17,default,hof,17,(101151.0*pi1**2 + 780610.0*pi1*pi2 + 61707.5*pi1*pi3 - 7306230000.0*pi1*pi4 + 8420.7*pi1*pi5 - 162787.0*pi1 - 2920310.0*pi2**2 - 915547.0*pi2*pi3 + 175054000000.0*pi2*pi4 + 126404.0*pi2*pi5 + 758059.0*pi2 + 12451.0*pi3**2 - 1659610000.0*pi3*pi4 + 3576.77*pi3*pi5 - 48791.9*pi3 - 4407060.0*pi4**2 - 891241000.0*pi4*pi5 + 3212770000.0*pi4 - 108.555*pi5**2 - 4903.97*pi5 + 60676.8)/log(-exp(exp(exp(pi1 + exp(pi4)))) + log(pi4)),64,,inf,inf,inf,inf,inf,inf,inf,inf,inf,inf,inf,inf
default_hof_2,default,hof,2,pi3*(pi3 + log(log(log(pi2/log(pi4)))) - (0.876791*pi1**2 - 94.9394*pi1*pi2 - 7.85057*pi1*pi3 + 3010170.0*pi1*pi4 + 1.22522*pi1*pi5 + 9.28193*pi1 + 333.2*pi2**2 + 232.955*pi2*pi3 - 37664000.0*pi2*pi4 - 76.2033*pi2*pi5 - 227.425*pi2 - 3.04284*pi3**2 + 649919.0*pi3*pi4 - 0.112117*pi3*pi5 + 8.59061*pi3 + 957.343*pi4**2 + 241084.0*pi4*pi5 - 1531350.0*pi4 + 0.0188369*pi5**2 - 0.284983*pi5 - 6.26416)/pi2),64,,inf,inf,inf,inf,inf,inf,inf,inf,inf,inf,inf,inf
default_hof_23,default,hof,23,(11603.8*pi1**2 + 89411.9*pi1*pi2 + 7694.1*pi1*pi3 - 946258000.0*pi1*pi4 + 835.909*pi1*pi5 - 19617.7*pi1 - 470838.0*pi2**2 - 123406.0*pi2*pi3 + 22025600000.0*pi2*pi4 + 14576.1*pi2*pi5 + 116213.0*pi2 + 1947.44*pi3**2 - 249214000.0*pi3*pi4 + 481.523*pi3*pi5 - 7205.57*pi3 - 555746.0*pi4**2 - 105109000.0*pi4*pi5 + 478466000.0*pi4 - 12.1331*pi5**2 - 663.069*pi5 + 8191.09)*exp(-pi1*exp(pi1)/log(pi1 + pi3 - log(log(pi4))) - pi1)/pi3,68,,inf,inf,inf,inf,inf,inf,inf,inf,inf,inf,inf,inf
default_hof_24,default,hof,24,(-79.0932*pi1**2 + 4454.14*pi1*pi2 + 207.277*pi1*pi3 - 72521500.0*pi1*pi4 + 31.6913*pi1*pi5 - 237.453*pi1 - 1528.28*pi2**2 - 4189.15*pi2*pi3 + 989815000.0*pi2*pi4 + 829.873*pi2*pi5 + 2021.45*pi2 + 61.3102*pi3**2 - 14852200.0*pi3*pi4 + 11.8971*pi3*pi5 - 192.537*pi3 - 25081.8*pi4**2 - 6038130.0*pi4*pi5 + 34212400.0*pi4 - 1.02175*pi5**2 - 3.96407*pi5 - log(log(-pi5 + log(log(log(log(pi3 + log(pi4))))/pi3))) + 166.488)/pi1,67,,inf,inf,inf,inf,inf,inf,inf,inf,inf,inf,inf,inf
default_hof_26,default,hof,26,(-53.5426*pi1**2 + 4355.49*pi1*pi2 + 211.454*pi1*pi3 - 71261200.0*pi1*pi4 + 28.696*pi1*pi5 - 255.956*pi1 - 984.642*pi2**2 - 4130.14*pi2*pi3 + 959644000.0*pi2*pi4 + 839.167*pi2*pi5 + 1961.56*pi2 + 62.5063*pi3**2 - 14458200.0*pi3*pi4 + 11.7764*pi3*pi5 - 198.159*pi3 - 24325.9*pi4**2 - 6331470.0*pi4*pi5 + 34074600.0*pi4 - 1.00048*pi5**2 - 3.08331*pi5 - log(log(pi2)) + 174.363 + (-pi4 + log(exp(pi1) + log(pi5)))/pi3)/pi1,66,,inf,inf,inf,inf,inf,inf,inf,inf,inf,inf,inf,inf
default_hof_27,default,hof,27,(pi2 + (-153.935*pi1**2 + 11894.9*pi1*pi2 + 569.417*pi1*pi3 - 195056000.0*pi1*pi4 + 78.1707*pi1*pi5 - 680.24*pi1 - 3037.93*pi2**2 - 11222.2*pi2*pi3 + 2617970000.0*pi2*pi4 + 2265.49*pi2*pi5 + 5366.87*pi2 + 170.45*pi3**2 - 39696300.0*pi3*pi4 + 31.8465*pi3*pi5 - 538.5*pi3 - 66370.8*pi4**2 - 17300800.0*pi4*pi5 + 93568800.0*pi4 - 2.78167*pi5**2 - 6.96947*pi5 + 465.984)*exp(-exp(pi1*pi2*(pi2 - pi5*(-pi2 + zoo)))))/pi1,65,Expression contains non-finite symbolic values.,inf,inf,inf,inf,inf,inf,inf,inf,inf,inf,inf,inf
default_hof_28,default,hof,28,(-55.4741*pi1**2 + 4361.95*pi1*pi2 + 211.87*pi1*pi3 - 71844300.0*pi1*pi4 + 28.8719*pi1*pi5 - 251.483*pi1 + 269.624*pi2**2 - 4170.88*pi2*pi3 + 967995000.0*pi2*pi4 + 834.507*pi2*pi5 + 1916.46*pi2 + 63.1768*pi3**2 - 14655600.0*pi3*pi4 + 11.8272*pi3*pi5 - 199.839*pi3 - 24540.0*pi4**2 - 6367610.0*pi4*pi5 + 34499800.0*pi4 - 1.02111*pi5**2 - 2.79403*pi5 + log(pi2*log(pi1)) + 177.715)/pi1,60,,inf,inf,inf,inf,inf,inf,inf,inf,inf,inf,inf,inf
default_hof_35,default,hof,35,(-56.7796*pi1**2 + 4355.76*pi1*pi2 + 209.452*pi1*pi3 - 71764300.0*pi1*pi4 + 28.6877*pi1*pi5 - 249.733*pi1 - 1054.86*pi2**2 - 4124.84*pi2*pi3 + 962371000.0*pi2*pi4 + 831.895*pi2*pi5 + 1972.48*pi2 + 62.5867*pi3**2 - 14599200.0*pi3*pi4 + 11.7171*pi3*pi5 - 197.458*pi3 - 24398.3*pi4**2 - 6365660.0*pi4*pi5 + 34427500.0*pi4 - 1.02478*pi5**2 - 2.52438*pi5 - log(pi4 + log(pi3 - pi4 + exp(pi4) + log(log(log(pi2))))) + 170.689)/pi1,67,,inf,inf,inf,inf,inf,inf,inf,inf,inf,inf,inf,inf
default_hof_39,default,hof,39,(pi4 + log(log(pi5 + (-pi3 + exp(pi4*exp(pi3/pi4)/pi2))/pi2)))*(1348.02*pi1**2 + 46228.6*pi1*pi2 + 1925.73*pi1*pi3 - 314660000.0*pi1*pi4 - 105.9*pi1*pi5 - 4104.51*pi1 - 165921.0*pi2**2 - 31888.1*pi2*pi3 + 6239480000.0*pi2*pi4 + 5861.91*pi2*pi5 + 22653.6*pi2 + 543.884*pi3**2 - 78261400.0*pi3*pi4 + 47.3239*pi3*pi5 - 1852.79*pi3 - 157540.0*pi4**2 - 23788800.0*pi4*pi5 + 148255000.0*pi4 - 2.02921*pi5**2 - 21.7489*pi5 + 1940.52),67,,inf,inf,inf,inf,inf,inf,inf,inf,inf,inf,inf,inf
default_hof_42,default,hof,42,(75.5697*pi1**2 + 716.201*pi1*pi2 + 205.083*pi1*pi3 - 37423100.0*pi1*pi4 - 20.4327*pi1*pi5 - 308.858*pi1 - 8218.28*pi2**2 - 3418.82*pi2*pi3 + 556725000.0*pi2*pi4 + 488.248*pi2*pi5 + 3561.93*pi2 + 63.018*pi3**2 - 9262650.0*pi3*pi4 - 8.3283*pi3*pi5 - 194.318*pi3 - 14116.9*pi4**2 - 1724580.0*pi4*pi5 + 18396500.0*pi4 + 0.0744019*pi5**2 + 22.4764*pi5 + 159.695)*log(pi2 - exp(-pi5 + exp(pi3 + exp(pi1*(-pi2 + pi4*(pi2 + pi4)))))),67,,inf,inf,inf,inf,inf,inf,inf,inf,inf,inf,inf,inf
default_hof_44,default,hof,44,pi3*(-pi1*(-370.156*pi1**2 - 9541.07*pi1*pi2 - 1035.76*pi1*pi3 + 246895000.0*pi1*pi4 + 141.102*pi1*pi5 + 1580.96*pi1 + 17163.6*pi2**2 + 16172.2*pi2*pi3 - 3203390000.0*pi2*pi4 - 2682.68*pi2*pi5 - 12384.6*pi2 - 286.983*pi3**2 + 51193700.0*pi3*pi4 - 13.8054*pi3*pi5 + 972.738*pi3 + 81280.7*pi4**2 + 19320400.0*pi4*pi5 - 119758000.0*pi4 + 3.58152*pi5**2 - 73.2878*pi5 - 885.344)/(pi3*pi4) + log(log(pi1))/(pi1 - pi5)) - pi3,65,,inf,inf,inf,inf,inf,inf,inf,inf,inf,inf,inf,inf
default_hof_45,default,hof,45,pi3*(pi3*(507.906*pi1**2 + 4343.29*pi1*pi2 + 921.989*pi1*pi3 - 164195000.0*pi1*pi4 - 59.0858*pi1*pi5 - 1574.95*pi1 - 32442.2*pi2**2 - 14426.7*pi2*pi3 + 2488360000.0*pi2*pi4 + 1630.12*pi2*pi5 + 14821.5*pi2 + 288.14*pi3**2 - 41234300.0*pi3*pi4 - 6.85089*pi3*pi5 - 969.333*pi3 - 63146.9*pi4**2 - 10357600.0*pi4*pi5 + 85888000.0*pi4 - 1.99612*pi5**2 + 60.7247*pi5 + 877.016) + log(log(pi1)) + exp(log(pi2)/pi3)/pi1),65,,inf,inf,inf,inf,inf,inf,inf,inf,inf,inf,inf,inf
default_hof_51,default,hof,51,pi3*(357.311*pi1**2 + 9386.86*pi1*pi2 + 1038.62*pi1*pi3 - 252515000.0*pi1*pi4 - 142.81*pi1*pi5 - 1564.27*pi1 - 16109.1*pi2**2 - 16407.5*pi2*pi3 + 3255420000.0*pi2*pi4 + 2719.73*pi2*pi5 + 12597.8*pi2 + 290.399*pi3**2 - 52948600.0*pi3*pi4 + 13.5116*pi3*pi5 - 975.334*pi3 - 82626.9*pi4**2 - 19514000.0*pi4*pi5 + 123422000.0*pi4 - 3.47572*pi5**2 + 72.869*pi5 + 879.118) + log(log(-pi2 + exp(pi3 - pi5)*log(-pi3 + pi4))),65,,inf,inf,inf,inf,inf,inf,inf,inf,inf,inf,inf,inf
default_hof_62,default,hof,62,pi3*(341.892*pi1**2 + 9795.61*pi1*pi2 + 1047.59*pi1*pi3 - 256704000.0*pi1*pi4 - 146.609*pi1*pi5 - 1561.37*pi1 - 18195.9*pi2**2 - 16578.1*pi2*pi3 + 3306610000.0*pi2*pi4 + 2700.98*pi2*pi5 + 12755.1*pi2 + 293.763*pi3**2 - 53874900.0*pi3*pi4 + 15.5035*pi3*pi5 - 990.25*pi3 - 83941.7*pi4**2 - 20257300.0*pi4*pi5 + 126650000.0*pi4 - 3.61626*pi5**2 + 73.6698*pi5 + exp(exp(exp(exp(exp(pi2))))/(pi1 + pi3*exp(pi5))) + 885.76) + pi3,67,,4.3515550636011556e+120,inf,inf,1.0670796236155168e+58,inf,inf,8.995468344083911e+116,inf,inf,1.0670796236155166e+58,inf,inf
default_hof_63,default,hof,63,pi3*(341.892*pi1**2 + 9795.61*pi1*pi2 + 1047.59*pi1*pi3 - 256704000.0*pi1*pi4 - 146.609*pi1*pi5 - 1561.37*pi1 - 18195.9*pi2**2 - 16578.1*pi2*pi3 + 3306610000.0*pi2*pi4 + 2700.98*pi2*pi5 + 12755.1*pi2 + 293.763*pi3**2 - 53874900.0*pi3*pi4 + 15.5035*pi3*pi5 - 990.25*pi3 - 83941.7*pi4**2 - 20257300.0*pi4*pi5 + 126650000.0*pi4 - 3.61626*pi5**2 + 73.6698*pi5 + 886.76) + log(log(pi4)),59,,inf,inf,inf,inf,inf,inf,inf,inf,inf,inf,inf,inf
default_hof_66,default,hof,66,-(-113.947*pi1**2 - 2969.43*pi1*pi2 - 333.109*pi1*pi3 + 76474300.0*pi1*pi4 + 41.9297*pi1*pi5 + 508.349*pi1 + 6406.44*pi2**2 + 5365.62*pi2*pi3 - 1058650000.0*pi2*pi4 - 838.632*pi2*pi5 - 4294.49*pi2 - 96.3485*pi3**2 + 16649500.0*pi3*pi4 + 2.12987*pi3*pi5 + 321.197*pi3 + 26847.0*pi4**2 + 5741650.0*pi4*pi5 - 37384200.0*pi4 + 1.09494*pi5**2 - 32.6263*pi5 - 288.005)*exp(pi3) + log(log(pi1)),60,,inf,inf,inf,inf,inf,inf,inf,inf,inf,inf,inf,inf
default_hof_67,default,hof,67,(41.8753*pi1**2 + 1092.07*pi1*pi2 + 122.772*pi1*pi3 - 28149200.0*pi1*pi4 - 15.4257*pi1*pi5 - 187.542*pi1 - 2353.03*pi2**2 - 1973.58*pi2*pi3 + 389411000.0*pi2*pi4 + 308.505*pi2*pi5 + 1579.42*pi2 + 35.4577*pi3**2 - 6125410.0*pi3*pi4 - 0.783723*pi3*pi5 - 118.287*pi3 - 9875.34*pi4**2 - 2112220.0*pi4*pi5 + 13757100.0*pi4 - 0.40281*pi5**2 + 12.0031*pi5 + 106.187)*exp(pi3 + exp(pi2*exp(pi5*exp(-exp(pi2))/pi4))/pi4),66,,inf,inf,inf,inf,inf,inf,inf,inf,inf,inf,inf,inf
default_hof_70,default,hof,70,pi3*(259.372*pi1**2 + 9547.16*pi1*pi2 + 1050.34*pi1*pi3 - 261828000.0*pi1*pi4 - 147.904*pi1*pi5 - 1513.8*pi1 - 15908.4*pi2**2 - 16353.1*pi2*pi3 + 3274380000.0*pi2*pi4 + 2692.27*pi2*pi5 + 12492.2*pi2 + 289.868*pi3**2 - 54000600.0*pi3*pi4 + 15.0165*pi3*pi5 - 977.011*pi3 - 83142.3*pi4**2 - 20259000.0*pi4*pi5 + 128185999.0*pi4 - 3.62546*pi5**2 + 74.9331*pi5 + exp(exp(pi1)/(-pi1 + pi3)) + log(log(pi2 + pi4)) + 863.564),65,,inf,inf,inf,inf,inf,inf,inf,inf,inf,inf,inf,inf
default_hof_71,default,hof,71,log(log(pi4)) + (-2.37487*pi1**2 - 152.981*pi1*pi2 + 30.4205*pi1*pi3 - 11753600.0*pi1*pi4 - 6.13427*pi1*pi5 - 25.1139*pi1 + 225.398*pi2**2 - 417.493*pi2*pi3 + 87491600.0*pi2*pi4 + 194.599*pi2*pi5 + 388.346*pi2 + 9.26359*pi3**2 - 2204520.0*pi3*pi4 + 3.3486*pi3*pi5 - 32.6535*pi3 - 2250.63*pi4**2 - 973683.0*pi4*pi5 + 6302060.0*pi4 - 0.100507*pi5**2 - 2.57517*pi5 + 24.6008)/(pi2*pi3),60,,inf,inf,inf,inf,inf,inf,inf,inf,inf,inf,inf,inf
default_hof_75,default,hof,75,pi3*(355.268*pi1**2 + 10137.8*pi1*pi2 + 1045.18*pi1*pi3 - 250181000.0*pi1*pi4 - 144.247*pi1*pi5 - 1586.95*pi1 - 21298.6*pi2**2 - 16184.3*pi2*pi3 + 3208090000.0*pi2*pi4 + 2761.16*pi2*pi5 + 12340.9*pi2 + 293.817*pi3**2 - 52776800.0*pi3*pi4 + 12.717*pi3*pi5 - 989.412*pi3 - 81441.0*pi4**2 - 19213300.0*pi4*pi5 + 122679000.0*pi4 - 3.3426*pi5**2 + 71.956*pi5 + log(-pi3 + log(-pi3 + pi5*exp(pi4)*log(pi2) + pi5)) + 897.356),66,,inf,inf,inf,inf,inf,inf,inf,inf,inf,inf,inf,inf
default_hof_80,default,hof,80,(pi2 + exp(pi1) - exp(exp(pi2 + pi4*pi5)))*(-380.721*pi1**2 - 12596.6*pi1*pi2 - 994.145*pi1*pi3 + 276174000.0*pi1*pi4 + 122.395*pi1*pi5 + 1506.6*pi1 + 11301.7*pi2**2 + 15723.3*pi2*pi3 - 3361950000.0*pi2*pi4 - 2917.46*pi2*pi5 - 9795.66*pi2 - 246.093*pi3**2 + 52802400.0*pi3*pi4 - 54.8748*pi3*pi5 + 853.347*pi3 + 85331.7*pi4**2 + 24720200.0*pi4*pi5 - 132943000.0*pi4 + 3.99597*pi5**2 - 15.6949*pi5 - 796.585) + log(log(pi2)),66,,inf,inf,inf,inf,inf,inf,inf,inf,inf,inf,inf,inf
default_hof_84,default,hof,84,(1568.03*pi1**2 + 75641.8*pi1*pi2 + 5274.08*pi1*pi3 - 1614730000.0*pi1*pi4 - 653.639*pi1*pi5 - 7590.88*pi1 - 38429.6*pi2**2 - 84802.8*pi2*pi3 + 18683000000.0*pi2*pi4 + 17100.0*pi2*pi5 + 46990.0*pi2 + 1275.28*pi3**2 - 298052000.0*pi3*pi4 + 384.898*pi3*pi5 - 4425.98*pi3 - 474442.0*pi4**2 - 147432000.0*pi4*pi5 + 773543000.0*pi4 - 22.9264*pi5**2 - 28.3971*pi5 + 4107.63)/(pi4 + exp(exp(pi1)) + log(-pi3 + exp(-pi3 + pi4*(-pi2 + pi3)))),66,,inf,inf,inf,inf,inf,inf,inf,inf,inf,inf,inf,inf
default_hof_89,default,hof,89,(-pi2 + log(log(pi2)))*(88.3352*pi1**2 + 10476.1*pi1*pi2 + 924.133*pi1*pi3 - 301757000.0*pi1*pi4 - 197.537*pi1*pi5 - 1124.06*pi1 - 9068.79*pi2**2 - 15020.7*pi2*pi3 + 3225110000.0*pi2*pi4 + 3610.62*pi2*pi5 + 9504.96*pi2 + 242.834*pi3**2 - 56779300.0*pi3*pi4 + 53.3789*pi3*pi5 - 820.904*pi3 - 82078.2*pi4**2 - 26612700.0*pi4*pi5 + 149146000.0*pi4 - 4.18224*pi5**2 + 32.1927*pi5 + 696.228),59,,inf,inf,inf,inf,inf,inf,inf,inf,inf,inf,inf,inf
default_hof_9,default,hof,9,-log(log(pi2*exp(log(pi3*exp(pi1))/pi4))) + (-2.89867*pi1**2 + 35.2346*pi1*pi2 + 13.2224*pi1*pi3 - 5660590.0*pi1*pi4 - 3.19189*pi1*pi5 - 10.5069*pi1 + 13.1921*pi2**2 - 259.666*pi2*pi3 + 50033000.0*pi2*pi4 + 120.117*pi2*pi5 + 223.233*pi2 + 4.1882*pi3**2 - 1086290.0*pi3*pi4 + 0.993366*pi3*pi5 - 13.4182*pi3 - 1280.76*pi4**2 - 491772.0*pi4*pi5 + 2984010.0*pi4 - 0.0485002*pi5**2 - 0.258089*pi5 + 9.53377)/pi2,65,,inf,inf,inf,inf,inf,inf,inf,inf,inf,inf,inf,inf
default_hof_91,default,hof,91,(2194.51*pi1**2 + 90493.2*pi1*pi2 + 7316.75*pi1*pi3 - 2200960000.0*pi1*pi4 - 981.259*pi1*pi5 - 10507.8*pi1 - 88842.6*pi2**2 - 122134.0*pi2*pi3 + 25556200000.0*pi2*pi4 + 22605.9*pi2*pi5 + 80031.6*pi2 + 1915.28*pi3**2 - 417137000.0*pi3*pi4 + 497.116*pi3*pi5 - 6555.09*pi3 - 649199.0*pi4**2 - 193871000.0*pi4*pi5 + 1065710000.0*pi4 - 30.2214*pi5**2 - 0.983657*pi5 + 5951.78)/(pi3 + exp(exp(pi1/(pi3 - pi4 - log(-pi3))))),64,,inf,inf,inf,inf,inf,inf,inf,inf,inf,inf,inf,inf
default_hof_93,default,hof,93,pi5 - (-89.0726*pi1**2 - 10558.0*pi1*pi2 - 924.979*pi1*pi3 + 300921000.0*pi1*pi4 + 197.699*pi1*pi5 + 1125.8*pi1 + 10557.6*pi2**2 + 15017.1*pi2*pi3 - 3228020000.0*pi2*pi4 - 3549.36*pi2*pi5 - 9530.01*pi2 - 242.783*pi3**2 + 56806000.0*pi3*pi4 - 53.4403*pi3*pi5 + 821.117*pi3 + 82153.7*pi4**2 + 26629900.0*pi4*pi5 - 149158000.0*pi4 + 4.14199*pi5**2 - 31.4213*pi5 + exp(exp(pi4 - pi5)) - 697.745)*log(log(pi2)),63,,inf,inf,inf,inf,inf,inf,inf,inf,inf,inf,inf,inf
default_hof_94,default,hof,94,(1215.63*pi1**2 + 56610.1*pi1*pi2 + 5290.95*pi1*pi3 - 1477100000.0*pi1*pi4 - 909.489*pi1*pi5 - 7302.2*pi1 - 55102.2*pi2**2 - 83502.5*pi2*pi3 + 17358800000.0*pi2*pi4 + 15075.7*pi2*pi5 + 56841.4*pi2 + 1414.96*pi3**2 - 290273000.0*pi3*pi4 + 200.006*pi3*pi5 - 4803.87*pi3 - 441080.0*pi4**2 - 123515000.0*pi4*pi5 + 723169000.0*pi4 - 20.9415*pi5**2 + 264.871*pi5 + 4251.74)*exp(-exp((-pi2 + pi5/log(-pi3 + pi4))*exp(-pi3))),64,,inf,inf,inf,inf,inf,inf,inf,inf,inf,inf,inf,inf
default_hof_96,default,hof,96,pi3*(pi5 + log(-pi3*exp(exp(exp(pi1))) + pi4 + log(pi2)))*(0.469918*pi1**2 + 1855.27*pi1*pi2 + 136.729*pi1*pi3 - 47260600.0*pi1*pi4 - 18.0219*pi1*pi5 - 191.515*pi1 + 2420.03*pi2**2 - 2162.47*pi2*pi3 + 512194000.0*pi2*pi4 + 242.099*pi2*pi5 + 1276.43*pi2 + 42.7801*pi3**2 - 8935510.0*pi3*pi4 + 3.9791*pi3*pi5 - 144.912*pi3 - 13011.2*pi4**2 - 3397100.0*pi4*pi5 + 21556400.0*pi4 - 0.690992*pi5**2 + 9.15802*pi5 + 135.739) - pi4,67,,inf,inf,inf,inf,inf,inf,inf,inf,inf,inf,inf,inf
default_hof_99,default,hof,99,(2246.46*pi1**2 + 122773.0*pi1*pi2 + 5481.95*pi1*pi3 - 1733590000.0*pi1*pi4 - 1140.1*pi1*pi5 - 9646.41*pi1 + 431600.0*pi2**2 - 65274.2*pi2*pi3 + 16977200000.0*pi2*pi4 + 16635.8*pi2*pi5 - 21649.0*pi2 + 1079.71*pi3**2 - 178472000.0*pi3*pi4 + 368.679*pi3*pi5 - 4097.98*pi3 - 426760.0*pi4**2 - 123568000.0*pi4*pi5 + 480066000.0*pi4 - 41.7004*pi5**2 + 233.815*pi5 + 5107.5)/log(pi3**2*(-pi1 + pi3*(pi1 - pi2 - exp(exp(pi4))/pi2))/pi5),67,,inf,inf,inf,inf,inf,inf,inf,inf,inf,inf,inf,inf
default_pf_12,default,pf,12,pi3*(pi3 + log(log(log(pi2/log(pi4)))) - (0.876791*pi1**2 - 94.9394*pi1*pi2 - 7.85057*pi1*pi3 + 3010170.0*pi1*pi4 + 1.22522*pi1*pi5 + 9.28193*pi1 + 333.2*pi2**2 + 232.955*pi2*pi3 - 37664000.0*pi2*pi4 - 76.2033*pi2*pi5 - 227.425*pi2 - 3.04284*pi3**2 + 649919.0*pi3*pi4 - 0.112117*pi3*pi5 + 8.59061*pi3 + 957.343*pi4**2 + 241084.0*pi4*pi5 - 1531350.0*pi4 + 0.0188369*pi5**2 - 0.284983*pi5 - 6.26416)/pi2),64,,inf,inf,inf,inf,inf,inf,inf,inf,inf,inf,inf,inf
default_pf_6,default,pf,6,146.98593577117845*exp(0.090176796059666901*pi3) + 146.98593577117845*log(pi4) + 146.98593577117845*log(-0.4860851853976719*pi5),11,,inf,inf,inf,inf,inf,inf,inf,inf,inf,inf,inf,inf
