model,variant,formula_source,rank_in_source,expression_named,expression_complexity,evaluation_error,train_mse,test_mse,train_mard_pct,test_mard_pct,train_cd_mse,test_cd_mse,train_cd_mard_pct,test_cd_mard_pct
default_hof_1,default,hof,1,(-0.0100652*pi1**2 - 0.2849*pi1*pi2 - 0.245452*pi1*pi3 + 55403.3*pi1*pi4 - 0.0069989*pi1*pi5 + 0.303953*pi1 - 1.42798*pi2**2 - 1.72636*pi2*pi3 + 360813.0*pi2*pi4 - 0.00379307*pi2*pi5 + 2.26432*pi2 + 9.60563*pi3**2 - 302115.0*pi3*pi4 - 0.00189212*pi3*pi5 - 12.2996*pi3 - 165.124*pi4**2 - 551.229*pi4*pi5 - 3646460.0*pi4 - 0.000407903*pi5**2 + 0.0112442*pi5 + 2.73669)*exp(pi1 + pi3)*exp(-pi4 + exp(pi2*(pi5 + exp(pi2)) + pi4*exp(-pi5))),68,,0.030189890541112003,0.059735017533376955,1.3326952393074172,1.8689773765417532,4.011840213205441e-06,1.0731499524394807e-05,1.3326952393074158,1.868977376541743
default_pf_8,default,pf,8,(-0.0100652*pi1**2 - 0.2849*pi1*pi2 - 0.245452*pi1*pi3 + 55403.3*pi1*pi4 - 0.0069989*pi1*pi5 + 0.303953*pi1 - 1.42798*pi2**2 - 1.72636*pi2*pi3 + 360813.0*pi2*pi4 - 0.00379307*pi2*pi5 + 2.26432*pi2 + 9.60563*pi3**2 - 302115.0*pi3*pi4 - 0.00189212*pi3*pi5 - 12.2996*pi3 - 165.124*pi4**2 - 551.229*pi4*pi5 - 3646460.0*pi4 - 0.000407903*pi5**2 + 0.0112442*pi5 + 2.73669)*exp(pi1 + pi3)*exp(-pi4 + exp(pi2*(pi5 + exp(pi2)) + pi4*exp(-pi5))),68,,0.030189890541112003,0.059735017533376955,1.3326952393074172,1.8689773765417532,4.011840213205441e-06,1.0731499524394807e-05,1.3326952393074158,1.868977376541743
default_hof_18,default,hof,18,log(pi1 - pi4 + exp(pi2 + pi3*(-6.8134*pi1**2 - 6.87611*pi1*pi2 - 19.6143*pi1*pi3 + 4089100.0*pi1*pi4 - 0.0111173*pi1*pi5 + 29.1474*pi1 - 25.4519*pi2**2 - 34.5124*pi2*pi3 + 7252730.0*pi2*pi4 + 0.410471*pi2*pi5 + 44.083*pi2 + 303.047*pi3**2 - 8472489.0*pi3*pi4 - 0.316042*pi3*pi5 - 376.546*pi3 - 5398.38*pi4**2 + 56650.9*pi4*pi5 - 119610001.0*pi4 - 0.00259407*pi5**2 + 0.456583*pi5 + 71.4774))/pi1),62,,0.030620516068461973,0.06292340744273119,1.4374345924795089,1.8888591724137866,4.173921126349215e-06,1.1223736070775668e-05,1.4374345924795118,1.8888591724137767
default_hof_100,default,hof,100,pi1*(pi1 + pi3) - log(7.26375*pi1**2 + 9.04492*pi1*pi2 + 13.8076*pi1*pi3 - 2205140.0*pi1*pi4 - 0.117994*pi1*pi5 - 18.5952*pi1 + 53.5663*pi2**2 + 59.5743*pi2*pi3 - 12448400.0*pi2*pi4 - 0.966479*pi2*pi5 - 77.2314*pi2 - 306.203*pi3**2 + 8887400.0*pi3*pi4 + 0.0516372*pi3*pi5 + 385.119*pi3 + 5386.41*pi4**2 - 13904.8*pi4*pi5 + 119223000.0*pi4 + 0.00860223*pi5**2 - 0.122003*pi5 - 78.2826),59,,0.03323147848690356,0.05750690962293824,1.4558823620502224,1.9099772719202004,4.507963569601016e-06,1.0283243718509285e-05,1.45588236205023,1.909977271920217
default_hof_39,default,hof,39,(pi3 + pi4)*(-pi3*exp(pi2) + pi3/(0.405948*pi1**2 + 3.85144*pi1*pi2 + 2.75713*pi1*pi3 - 562754.0*pi1*pi4 + 0.0229629*pi1*pi5 - 3.73212*pi1 + 12.6138*pi2**2 + 14.9522*pi2*pi3 - 3005400.0*pi2*pi4 - 0.119706*pi2*pi5 - 21.0408*pi2 - 62.2425*pi3**2 + 1902640.0*pi3*pi4 + 0.0718709*pi3*pi5 + 78.6161*pi3 + 1084.1*pi4**2 - 8574.36*pi4*pi5 + 23962900.0*pi4 + 0.0015207*pi5**2 - 0.130849*pi5 - 15.4164)),61,,0.030900159183926565,0.06293751832606333,1.3540619193245191,1.910134094309135,4.133184071644876e-06,1.1212605722685982e-05,1.3540619193245176,1.9101340943091318
default_hof_49,default,hof,49,(pi1 - log(pi3) - log(1.60314*pi1**2 + 7.24352*pi1*pi2 + 4.37418*pi1*pi3 - 888068.0*pi1*pi4 - 0.00850452*pi1*pi5 - 5.63235*pi1 + 27.1049*pi2**2 + 33.6998*pi2*pi3 - 6908520.0*pi2*pi4 - 0.396466*pi2*pi5 - 44.3876*pi2 - 157.694*pi3**2 + 4538750.0*pi3*pi4 + 0.138264*pi3*pi5 + 197.045*pi3 + 2786.61*pi4**2 - 22278.3*pi4*pi5 + 61695600.0*pi4 + 0.00390701*pi5**2 - 0.226556*pi5 - 38.5717))*exp(pi2),61,,0.03409398891843097,0.05902350376458973,1.4783653024174808,1.9433703230274955,4.680448450043479e-06,1.0293965649118803e-05,1.4783653024174916,1.9433703230275206
default_hof_34,default,hof,34,(0.804891*pi1**2 + 6.57744*pi1*pi2 + 8.90838*pi1*pi3 - 1888920.0*pi1*pi4 - 0.2865*pi1*pi5 - 11.2999*pi1 + 46.9335*pi2**2 + 52.6652*pi2*pi3 - 11169200.0*pi2*pi4 - 0.884446*pi2*pi5 - 67.5428*pi2 - 354.23*pi3**2 + 10201900.0*pi3*pi4 - 0.0521514*pi3*pi5 + 448.221*pi3 + 6217.07*pi4**2 + 1343.0*pi4*pi5 + 137625000.0*pi4 + 0.00350953*pi5**2 + 0.0975211*pi5 + exp(pi4) - 96.4939)*log(pi1*pi3*exp(pi4)),62,,0.04120076912484195,0.057532605351481775,1.631568283314961,1.9917382726305863,6.069382880575521e-06,1.0173693259587045e-05,1.631568283314971,1.9917382726306085
default_hof_10,default,hof,10,5.77197*pi1**2 - 3.2029*pi1*pi2 - 15.1968*pi1*pi3 + 3559000.0*pi1*pi4 - 0.112296*pi1*pi5 + 19.4958*pi1 - 33.5364*pi2**2 - 34.6251*pi2*pi3 + 7343230.0*pi2*pi4 + 0.758437*pi2*pi5 + 43.9098*pi2 + 326.885*pi3**2 - 9242890.0*pi3*pi4 - 0.125514*pi3*pi5 - 411.301*pi3 - 5776.62*pi4**2 + 23647.2*pi4*pi5 - 127941000.0*pi4 - 0.0034953*pi5**2 + 0.239362*pi5 - exp(exp(pi1)) + 88.5511,58,,0.04084718722234365,0.058283698375940954,1.5893255532200328,1.9963648587141256,5.9304386654848755e-06,9.974350204469183e-06,1.5893255532200439,1.99636485871413
default_hof_14,default,hof,14,(1.3673*pi1**2 + 5.24282*pi1*pi2 + 8.87958*pi1*pi3 - 1776130.0*pi1*pi4 - 0.11239*pi1*pi5 - 11.7207*pi1 + 30.916*pi2**2 + 37.894*pi2*pi3 - 8049320.0*pi2*pi4 - 0.607602*pi2*pi5 - 48.4581*pi2 - 215.394*pi3**2 + 6018240.0*pi3*pi4 + 0.170324*pi3*pi5 + 269.499*pi3 + 3823.8*pi4**2 - 37516.5*pi4*pi5 - pi4*(pi3 + (-pi1 + pi2)*(pi3 + pi5)) + 84718400.0*pi4 + 0.00235925*pi5**2 - 0.209553*pi5 - 54.5002)*log(pi1),63,,0.03181334480015159,0.05889390918538429,1.4409308655426916,2.0095801623011043,4.402524401724656e-06,1.0327352579977382e-05,1.4409308655427002,2.0095801623010927
default_hof_74,default,hof,74,log(pi3*(pi2 + pi4/pi5)*exp(2*pi1 + 2607205307039.84*exp(-1.22889*pi1**2 - 16.1336*pi1*pi2 - 4.26606*pi1*pi3 + 743670.0*pi1*pi4 + 0.0111692*pi1*pi5 + 5.83002*pi1 + 0.895702*pi2**2 - 28.6175*pi2*pi3 + 4885560.0*pi2*pi4 + 0.817453*pi2*pi5 + 29.9818*pi2 + 104.369*pi3**2 - 3091340.0*pi3*pi4 + 0.0225585*pi3*pi5 - 131.522*pi3 - 1828.47*pi4**2 - 1586.63*pi4*pi5 - 40450100.0*pi4 - 0.0027544*pi5**2 - 0.0302187*pi5))),64,,0.03439356358649444,0.061352119057921595,1.4554267326823425,2.0199070501765446,4.689387400996906e-06,1.0567397181528967e-05,1.4554267326823533,2.019907050176537
default_hof_11,default,hof,11,pi3*(exp(pi2) - log(2.13917*pi1**2 + 18.106*pi1*pi2 + 13.5398*pi1*pi3 - 2690740.0*pi1*pi4 + 0.116812*pi1*pi5 - 18.4149*pi1 + 65.9662*pi2**2 + 82.4422*pi2*pi3 - 16839300.0*pi2*pi4 - 1.35864*pi2*pi5 - 106.361*pi2 - 407.154*pi3**2 + 11893300.0*pi3*pi4 + 0.173932*pi3*pi5 + 513.516*pi3 + 7144.88*pi4**2 - 19669.8*pi4*pi5 + 158115000.0*pi4 + 0.00880303*pi5**2 - 0.368082*pi5 + exp(pi2*exp(-pi1 + pi2 + pi4) + pi4) - 105.531)),66,,0.030741901488489355,0.06132155876663014,1.3813022320461779,2.0352505751585355,4.165166724563187e-06,1.0719179139803567e-05,1.3813022320461825,2.0352505751585324
default_hof_4,default,hof,4,log(log(pi2 - log(pi2 + pi3) - log(0.180782*pi1**2 + 1.23335*pi1*pi2 + 0.988267*pi1*pi3 - 190685.0*pi1*pi4 + 0.000860198*pi1*pi5 - 1.35823*pi1 + 3.94048*pi2**2 + 5.36659*pi2*pi3 - 1084890.0*pi2*pi4 - 0.0779897*pi2*pi5 - 7.06276*pi2 - 29.0294*pi3**2 + 796346.0*pi3*pi4 + 0.00181717*pi3*pi5 + 35.1734*pi3 + 521.448*pi4**2 + 276.617*pi4*pi5 + 11559900.0*pi4 + 0.000917948*pi5**2 - 0.011061*pi5 + log(pi3) - 6.14939))),64,,0.03423202220010518,0.057610048002505826,1.4444491480258177,2.060198493693597,4.795115543373576e-06,9.908209810140021e-06,1.4444491480258277,2.060198493693595
default_hof_26,default,hof,26,pi3 + (-pi4 + exp(pi1*pi2*log(2*pi3 + pi5)))*(-0.293553*pi1**2 - 2.06167*pi1*pi2 - 1.79673*pi1*pi3 + 356698.0*pi1*pi4 - 0.0121528*pi1*pi5 + 2.46132*pi1 - 8.52382*pi2**2 - 11.0192*pi2*pi3 + 2236000.0*pi2*pi4 + 0.16225*pi2*pi5 + 14.5385*pi2 + 51.4522*pi3**2 - 1501330.0*pi3*pi4 - 0.0314607*pi3*pi5 - 64.7945*pi3 - 902.676*pi4**2 + 3134.94*pi4*pi5 - 19976400.0*pi4 - 0.00076718*pi5**2 + 0.0589569*pi5 + 13.0518)*exp(pi3),66,,0.03286275208413693,0.06171130279469371,1.4376030997977967,2.0632256997330574,4.498876233626741e-06,1.0598838997166615e-05,1.4376030997978075,2.063225699733049
default_hof_46,default,hof,46,log(log(-exp(pi4) - exp(pi4 + pi5*exp(-exp(pi2))) + 1.03188087904292e+19*exp(-0.347233*pi1**2 - 3.56649*pi1*pi2 - 2.99875*pi1*pi3 + 609136.0*pi1*pi4 - 0.0657702*pi1*pi5 + 3.98942*pi1 - 22.5907*pi2**2 - 23.6224*pi2*pi3 + 4885850.0*pi2*pi4 + 0.29996*pi2*pi5 + 30.7696*pi2 + 150.737*pi3**2 - 4567660.0*pi3*pi4 - 0.0464738*pi3*pi5 - 192.29*pi3 - 2611.48*pi4**2 + 8260.0*pi4*pi5 - 57729600.0*pi4 + 0.00856637*pi5**2 + 0.186699*pi5))),66,,0.033332240315455244,0.06346480872374251,1.4495797507861268,2.0708942086643987,4.4939552365687304e-06,1.0912882467534315e-05,1.4495797507861352,2.070894208664396
default_hof_75,default,hof,75,-2.91014*pi1**2 - 6.12427*pi1*pi2 - 13.6896*pi1*pi3 + 3002980.0*pi1*pi4 - 0.106928*pi1*pi5 + 19.3492*pi1 - 36.0514*pi2**2 - 39.9251*pi2*pi3 + 8315920.0*pi2*pi4 + 0.778155*pi2*pi5 + 51.0528*pi2 + 331.193*pi3**2 - 9561050.0*pi3*pi4 - 0.0909101*pi3*pi5 - 417.704*pi3 - 5820.77*pi4**2 + 16524.9*pi4*pi5 - 128849000.0*pi4 - 0.00351782*pi5**2 + 0.195164*pi5 + exp(-pi1*exp(pi1 - pi2 + pi3*exp(-pi1)) + pi1) + 86.5907,64,,0.03806308994597814,0.06045711490964574,1.5619644854095198,2.0820796338231617,5.457014006524928e-06,1.0310280807479043e-05,1.5619644854095278,2.082079633823155
default_hof_23,default,hof,23,log(log(pi2 - pi3 - log(0.0663805*pi1**2 + 0.496696*pi1*pi2 + 0.367483*pi1*pi3 - 71413.3*pi1*pi4 + 6.23455e-5*pi1*pi5 - 0.506331*pi1 + 1.25101*pi2**2 + 1.9076*pi2*pi3 - 385793.0*pi2*pi4 - 0.0246801*pi2*pi5 - 2.51017*pi2 - 8.53561*pi3**2 + 240528.0*pi3*pi4 + 0.00124616*pi3*pi5 + 10.6387*pi3 + 151.565*pi4**2 + 194.402*pi4*pi5 + 3357420.0*pi4 + 0.000293529*pi5**2 - 0.00489899999999999*pi5 - 2.08271))),60,,0.032169789110086805,0.067842465147615,1.3500343077339858,2.0952249691388483,4.4308481982906286e-06,1.2062608799013212e-05,1.3500343077339811,2.0952249691388465
default_hof_22,default,hof,22,(pi2 + log(pi3))*(-3.7116*pi1**2 - 34.6629*pi1*pi2 - 20.4587*pi1*pi3 + 3961510.0*pi1*pi4 - 0.0965101*pi1*pi5 + 28.7581*pi1 - 103.816*pi2**2 - 119.166*pi2*pi3 + 23656400.0*pi2*pi4 + 1.2974*pi2*pi5 + 161.925*pi2 + 454.432*pi3**2 - 13633400.0*pi3*pi4 - 1.05047*pi3*pi5 - 571.089*pi3 - 7960.83*pi4**2 + 197443.0*pi4*pi5 - 176062000.0*pi4 - 0.00630329*pi5**2 + 1.44745*pi5 + 116.386),58,,0.030249487930728746,0.06758294701320111,1.3457797775669884,2.0966911817467215,4.0999999612740405e-06,1.1623588615462031e-05,1.3457797775669884,2.0966911817467198
default_hof_45,default,hof,45,(-1.48373*pi1**2 - 8.28699*pi1*pi2 - 9.89669*pi1*pi3 + 1962250.0*pi1*pi4 + 0.0090196*pi1*pi5 + 13.2148*pi1 - 51.9905*pi2**2 - 55.9265*pi2*pi3 + 11677500.0*pi2*pi4 + 0.918018*pi2*pi5 + 72.4469*pi2 + 343.194*pi3**2 - 10036100.0*pi3*pi4 - 0.187692*pi3*pi5 - 434.119*pi3 - 6010.46*pi4**2 + 39107.7*pi4*pi5 - 133002000.0*pi4 - 0.00432196*pi5**2 + 0.295361*pi5 + 92.0518)*exp(-exp(pi1) + exp(pi2)),60,,0.03060426276486625,0.06424397324033179,1.3846366917900852,2.0995336068337203,4.147502971656477e-06,1.133189872595395e-05,1.384636691790091,2.0995336068337074
default_hof_38,default,hof,38,log(1.16116981031029e+22*exp(-0.721648*pi1**2 - 6.49171*pi1*pi2 - 4.8862*pi1*pi3 + 974249.0*pi1*pi4 - 0.0684111*pi1*pi5 + 6.64601*pi1 - 29.3974*pi2**2 - 34.0988*pi2*pi3 + 6986250.0*pi2*pi4 + 0.592341*pi2*pi5 + 44.6315*pi2 + 192.042*pi3**2 - 5629560.0*pi3*pi4 - 0.0937378*pi3*pi5 - 242.183*pi3 - 3365.18*pi4**2 + 14466.6*pi4*pi5 - 74463500.0*pi4 - 0.00183589*pi5**2 + 0.173888*pi5) - log(pi3)),59,,0.03275666994395872,0.06214010710853836,1.4450598965560566,2.1018510958677448,4.510764952884442e-06,1.0650627423472067e-05,1.4450598965560624,2.1018510958677403
default_hof_90,default,hof,90,log(pi2 + pi4*(pi2 + 3*pi3 - pi4 + exp((-0.881505*pi1**2 - 6.73724*pi1*pi2 - 6.18619*pi1*pi3 + 1232660.0*pi1*pi4 - 0.105638*pi1*pi5 + 8.31045*pi1 - 40.2748*pi2**2 - 43.9813*pi2*pi3 + 9128950.0*pi2*pi4 + 0.95178*pi2*pi5 + 55.832*pi2 + 131.454*pi3**2 - 4786010.0*pi3*pi4 - 0.0732954*pi3*pi5 - 177.006*pi3 - 2141.69*pi4**2 + 13746.2*pi4*pi5 - 47048100.0*pi4 - 0.00406252*pi5**2 + 0.168743*pi5 + 61.1433)*exp(pi4)))),65,,0.03973393373310644,0.06439493878042901,1.5841976514527167,2.1068982141817405,5.489236684699557e-06,1.0882987183841632e-05,1.5841976514527314,2.106898214181737
default_hof_97,default,hof,97,-2.3988*pi1**2 - 5.88076*pi1*pi2 - 9.30323*pi1*pi3 + 1825920.0*pi1*pi4 - 0.103524*pi1*pi5 + 14.7549*pi1 - 38.3941*pi2**2 - 40.4748*pi2*pi3 + 8397550.0*pi2*pi4 + 0.821506*pi2*pi5 + 52.3774*pi2 + 291.765*pi3**2 - 8366520.0*pi3*pi4 - 0.0801364*pi3*pi5 - 365.713*pi3 - 5146.13*pi4**2 + 15061.4*pi4*pi5 - 113940000.0*pi4 - 0.00364319*pi5**2 + 0.17797*pi5 + 74.3569 - (pi2*log(log(pi3*exp(pi1*pi3))) + pi2)/pi2,64,,0.043082206753512355,0.06371814737059092,1.6381593284518683,2.109101859706969,6.038868138777624e-06,1.0751990522444081e-05,1.6381593284518814,2.1091018597069953
default_hof_3,default,hof,3,2*pi1 + pi3*(-0.778109*pi1**2 - 6.89128*pi1*pi2 - 2.94848*pi1*pi3 + 702036.0*pi1*pi4 - 0.0489702*pi1*pi5 + 2.83961*pi1 - 25.4538*pi2**2 - 33.8792*pi2*pi3 + 6987380.0*pi2*pi4 + 0.532754*pi2*pi5 + 44.084*pi2 + 158.04*pi3**2 - 4697120.0*pi3*pi4 - 1.10596*pi3*pi5 - 199.758*pi3 - 2762.7*pi4**2 + 155798.0*pi4*pi5 - 61110400.0*pi4 - 0.00215366*pi5**2 + 2.14802*pi5 + 42.0803) - pi5,59,,0.03302619937108395,0.06496053917289654,1.46721803958881,2.1187054117373867,4.596372545053137e-06,1.093443233383311e-05,1.4672180395888161,2.118705411737383
default_pf_6,default,pf,6,2*pi1 + pi3*(-0.778109*pi1**2 - 6.89128*pi1*pi2 - 2.94848*pi1*pi3 + 702036.0*pi1*pi4 - 0.0489702*pi1*pi5 + 2.83961*pi1 - 25.4538*pi2**2 - 33.8792*pi2*pi3 + 6987380.0*pi2*pi4 + 0.532754*pi2*pi5 + 44.084*pi2 + 158.04*pi3**2 - 4697120.0*pi3*pi4 - 1.10596*pi3*pi5 - 199.758*pi3 - 2762.7*pi4**2 + 155798.0*pi4*pi5 - 61110400.0*pi4 - 0.00215366*pi5**2 + 2.14802*pi5 + 42.0803) - pi5,59,,0.03302619937108395,0.06496053917289654,1.46721803958881,2.1187054117373867,4.596372545053137e-06,1.093443233383311e-05,1.4672180395888161,2.118705411737383
default_hof_6,default,hof,6,(exp(exp(pi2)) + log((0.0960616*pi1**2 - 0.868122*pi1*pi2 - 0.120105*pi1*pi3 + 26178.2*pi1*pi4 - 9.32458e-5*pi1*pi5 + 0.338131*pi1 - 0.552248*pi2**2 - 0.818737*pi2*pi3 + 162241.0*pi2*pi4 + 0.0346901*pi2*pi5 + 0.645033*pi2 + 5.29598*pi3**2 - 163793.0*pi3*pi4 + 0.00157061*pi3*pi5 - 6.77479*pi3 - 91.2956*pi4**2 - 210.514*pi4*pi5 - 2017020.0*pi4 - 5.41543e-5*pi5**2 - 0.00233462*pi5 + 1.6805)*exp(-pi1 - exp(pi3**2*pi4 - pi4))))/(pi2*pi3),69,,0.031231349754797647,0.07123330357844969,1.3971938779400113,2.1238650760092272,4.190032600792012e-06,1.1715016212162386e-05,1.3971938779400153,2.1238650760092224
default_hof_24,default,hof,24,-pi3 + pi4*(-pi5*exp(exp(pi3)) - pi5 + log(pi2)) - log(0.299629*pi1**2 + 2.24727*pi1*pi2 + 1.75658*pi1*pi3 - 347889.0*pi1*pi4 + 0.00836132*pi1*pi5 - 2.40045*pi1 + 7.17822*pi2**2 + 9.84773*pi2*pi3 - 2007180.0*pi2*pi4 - 0.125457*pi2*pi5 - 12.9622*pi2 - 43.6511*pi3**2 + 1230490.0*pi3*pi4 + 0.0191469*pi3*pi5 + 54.1795*pi3 + 776.164*pi4**2 - 1173.25*pi4*pi5 + 17193800.0*pi4 + 0.00111377*pi5**2 - 0.0427718*pi5 - 10.2045),65,,0.031387422315648304,0.07098542167076383,1.3596253133453133,2.1246681756215353,4.260554278641159e-06,1.2670330983356564e-05,1.359625313345308,2.1246681756215264
default_hof_68,default,hof,68,log(exp(pi1)*exp(-pi3*(0.919692*pi1**2 + 7.21951*pi1*pi2 + 4.37583*pi1*pi3 - 911084.0*pi1*pi4 + 0.0439339*pi1*pi5 - 5.4359*pi1 + 27.9114*pi2**2 + 34.9711*pi2*pi3 - 7152160.0*pi2*pi4 - 0.562513*pi2*pi5 - 45.8268*pi2 - 183.951*pi3**2 + 5285940.0*pi3*pi4 + 0.0769302*pi3*pi5 + 231.883*pi3 + 3236.32*pi4**2 - 10257.6*pi4*pi5 + 71648300.0*pi4 + 0.00231319*pi5**2 - 0.14511*pi5 - 48.4019))),60,,0.03991724667699397,0.0655596443727703,1.579790009693974,2.1616916427000925,5.546429837949887e-06,1.1051118853740851e-05,1.5797900096939876,2.161691642700093
default_hof_72,default,hof,72,log(pi2*exp(pi2*pi5*log(log(pi3))) + 1.26627183997424e+32*exp(-0.807993*pi1**2 - 6.32048*pi1*pi2 - 5.94602*pi1*pi3 + 1192110.0*pi1*pi4 - 0.107426*pi1*pi5 + 7.94807*pi1 - 36.3265*pi2**2 - 43.9113*pi2*pi3 + 9127220.0*pi2*pi4 + 0.967911*pi2*pi5 + 55.2877*pi2 + 268.381*pi3**2 - 7992570.0*pi3*pi4 - 0.094252*pi3*pi5 - 341.182*pi3 - 4672.37*pi4**2 + 17521.8*pi4*pi5 - 103339000.0*pi4 - 0.00417336*pi5**2 + 0.196842*pi5)),64,,0.03148318479105925,0.0698110793379729,1.3820142412298062,2.163587712070246,4.2215937801086034e-06,1.2357901551788314e-05,1.3820142412298138,2.163587712070242
default_hof_20,default,hof,20,log(pi2)*log(log(0.775685*pi1**2 + 7.12854*pi1*pi2 + 5.47164*pi1*pi3 - 1090550.0*pi1*pi4 + 0.0702745*pi1*pi5 - 7.395*pi1 + 35.7318*pi2**2 + 39.4756*pi2*pi3 - 8155880.0*pi2*pi4 - 1.04772*pi2*pi5 - 51.6847*pi2 - 230.801*pi3**2 + 6834720.0*pi3*pi4 + 0.0247618*pi3*pi5 + 292.969*pi3 + 4025.25*pi4**2 - 3973.11*pi4*pi5 + 89040600.0*pi4 + 0.00509531*pi5**2 - 0.0827018*pi5 - 60.3058)),59,,0.030431974260578365,0.06734838800133669,1.3593411029988414,2.1636055315822214,4.087312149644927e-06,1.1872599096188736e-05,1.3593411029988427,2.1636055315822187
default_hof_89,default,hof,89,0.532229*pi1**2 - 5.66008*pi1*pi2 - 9.12105*pi1*pi3 + 1775760.0*pi1*pi4 - 0.104135*pi1*pi5 + 12.2377*pi1 - 38.2726*pi2**2 - 40.0649*pi2*pi3 + 8323640.0*pi2*pi4 + 0.821022*pi2*pi5 + 51.7932*pi2 + 273.508*pi3**2 - 8105070.0*pi3*pi4 - 0.08239*pi3*pi5 - 348.293*pi3 - 4765.46*pi4**2 + 15514.0*pi4*pi5 - 105411000.0*pi4 - 0.00364342*pi5**2 + 0.180894*pi5 + (-pi1 + log(pi3 + pi4*exp(pi2*pi3)*log(pi4)))*exp(pi1) + 75.8958,66,,0.031591237358931885,0.06936469342873851,1.3823565707092729,2.1640171107926602,4.240497442585439e-06,1.2259374747548923e-05,1.3823565707092762,2.1640171107926487
default_hof_33,default,hof,33,(pi2 - log(0.373358*pi1**2 + 2.96138*pi1*pi2 + 2.1243*pi1*pi3 - 415417.0*pi1*pi4 + 0.0109052*pi1*pi5 - 2.93378*pi1 + 9.78263*pi2**2 + 12.8932*pi2*pi3 - 2620410.0*pi2*pi4 - 0.197205*pi2*pi5 - 15.9529*pi2 - 58.9594*pi3**2 + 1665880.0*pi3*pi4 + 0.0233149*pi3*pi5 + 73.8986*pi3 + 1043.55*pi4**2 - 1778.77*pi4*pi5 + 23113800.0*pi4 + 0.00087403*pi5**2 - 0.0466403*pi5 - 14.0165))*exp(pi3),59,,0.03132226383884871,0.06534499650623435,1.387465862468721,2.1684163455557575,4.266306869078023e-06,1.1226375836170605e-05,1.3874658624687306,2.1684163455557517
default_hof_59,default,hof,59,(pi3 - pi4)*(-0.920917*pi1**2 - 7.19067*pi1*pi2 - 5.41712*pi1*pi3 + 1060190.0*pi1*pi4 - 0.043894*pi1*pi5 + 7.44806*pi1 - 27.8994*pi2**2 - 34.9323*pi2*pi3 + 7145900.0*pi2*pi4 + 0.562667*pi2*pi5 + 45.7678*pi2 + 180.245*pi3**2 - 5186580.0*pi3*pi4 - 0.0769306*pi3*pi5 - 227.161*pi3 - 3171.0*pi4**2 + 10262.0*pi4*pi5 - 70200000.0*pi4 - 0.00231419*pi5**2 + 0.145088*pi5 + 47.3566),57,,0.03981348086377508,0.06516328234793968,1.581042359855499,2.174606544455076,5.647456438153866e-06,1.099991650372331e-05,1.5810423598555117,2.174606544455073
default_hof_17,default,hof,17,log(pi2/log(log(0.208264*pi1**2 + 2.26582*pi1*pi2 + 1.26372*pi1*pi3 - 244617.0*pi1*pi4 + 0.00812305*pi1*pi5 - 1.76913*pi1 + 8.41191*pi2**2 + 8.99726*pi2*pi3 - 1834620.0*pi2*pi4 - 0.356456*pi2*pi5 - 9.05063*pi2 - 41.8976*pi3**2 + 1204540.0*pi3*pi4 - 0.0025429*pi3*pi5 + 52.7396*pi3 + 737.739*pi4**2 + 505.292*pi4*pi5 + 16332700.0*pi4 + 0.00111686*pi5**2 + 0.00448095*pi5 - 8.20752))),59,,0.03625820561712002,0.06714079153039673,1.5241342009894208,2.1778712696479836,5.0763618160702866e-06,1.1169705770463577e-05,1.5241342009894319,2.177871269647985
default_hof_47,default,hof,47,(-0.0663498*pi1**2 - 1.08558*pi1*pi2 - 0.618235*pi1*pi3 + 126839.0*pi1*pi4 - 0.00265188*pi1*pi5 + 0.836019*pi1 - 5.20938*pi2**2 - 5.55192*pi2*pi3 + 1160000.0*pi2*pi4 + 0.267922*pi2*pi5 + 7.25199*pi2 + 30.356*pi3**2 - 932739.0*pi3*pi4 + 0.00586418*pi3*pi5 - 38.7562*pi3 - 524.573*pi4**2 - 408.383*pi4*pi5 - 11591900.0*pi4 - 0.00042447*pi5**2 - 0.0116700000000001*pi5 + 8.52749)*exp(-pi1)/(pi2*(pi3 + pi4*(2*pi2 + pi5 - exp(exp(pi4))))),66,,0.03121106752560761,0.07432862291259948,1.3691649847748684,2.179444168468946,4.191813571186942e-06,1.2903742668336486e-05,1.3691649847748724,2.179444168468935
default_hof_78,default,hof,78,pi2 - pi3*(pi2 + pi3*(pi4 + exp(pi2))*(1.99315*pi1**2 + 15.0542*pi1*pi2 + 12.5981*pi1*pi3 - 2480280.0*pi1*pi4 + 0.164515*pi1*pi5 - 17.1432*pi1 + 74.791*pi2**2 + 84.1905*pi2*pi3 - 17308700.0*pi2*pi4 - 1.41715*pi2*pi5 - 108.658*pi2 - 502.778*pi3**2 + 14807300.0*pi3*pi4 + 0.271835*pi3*pi5 + 637.338*pi3 + 8783.08*pi4**2 - 50333.9*pi4*pi5 + 194316000.0*pi4 + 0.00674138*pi5**2 - 0.482875*pi5 - 136.318))*exp(-pi3),64,,0.030977016221515122,0.0664546216503463,1.3792719439901528,2.182372235449614,4.195140322565947e-06,1.1570248802037486e-05,1.3792719439901548,2.182372235449609
default_hof_73,default,hof,73,-2.01907*pi1**2 - 5.80888*pi1*pi2 - 10.3267*pi1*pi3 + 2113930.0*pi1*pi4 - 0.0944327*pi1*pi5 + 14.5008*pi1 - 37.1795*pi2**2 - 39.6867*pi2*pi3 + 8186700.0*pi2*pi4 + 0.799083*pi2*pi5 + 50.5638*pi2 + 313.41*pi3**2 - 9233160.0*pi3*pi4 - 0.0678646*pi3*pi5 - 397.96*pi3 - 5470.74*pi4**2 + 12602.5*pi4*pi5 - 121032000.0*pi4 - 0.0035865*pi5**2 + 0.161656*pi5 + log(log(log(pi3*(-pi4 + exp(pi2 + pi3 + exp(pi2/pi1)))/pi1))) + 85.3089,67,,0.032630055748024966,0.0691891030700746,1.4064252669012536,2.1887464785324795,4.349190719663345e-06,1.215465213151132e-05,1.4064252669012618,2.1887464785324755
default_hof_77,default,hof,77,-0.284585*pi1**2 + 1.311*pi1*pi2 - 9.09886*pi1*pi3 + 1958010.0*pi1*pi4 - 0.118964*pi1*pi5 + 11.0798*pi1 - 46.396*pi2**2 - 43.117*pi2*pi3 + 8948820.0*pi2*pi4 + 0.861518*pi2*pi5 + 56.5603*pi2 + 228.423*pi3**2 - 6711540.0*pi3*pi4 - 0.110052*pi3*pi5 - 288.54*pi3 - 4003.2*pi4**2 + 20965.9*pi4*pi5 - 88576400.0*pi4 - 0.00373345*pi5**2 + 0.216625*pi5 + exp(pi2/log(log(pi1 + (pi3 + exp(pi4))/pi3))) + 59.8965,64,,0.030875821681481903,0.07336082136981414,1.3634829303817038,2.2011006049935276,4.180358777432864e-06,1.3047657034220502e-05,1.3634829303817049,2.201100604993515
default_hof_40,default,hof,40,-0.94038*pi1**2 - 5.8766*pi1*pi2 - 6.18713*pi1*pi3 + 1224290.0*pi1*pi4 - 0.10072*pi1*pi5 + 8.30904*pi1 - 34.083*pi2**2 - 41.0582*pi2*pi3 + 8603020.0*pi2*pi4 + 0.828908*pi2*pi5 + 52.416*pi2 - 207.36*pi3**2 + 3787630.0*pi3*pi4 - 0.0680844*pi3*pi5 + 243.995*pi3 + 3968.99*pi4**2 + 12673.3*pi4*pi5 + 88637200.0*pi4 - 0.00371574*pi5**2 + 0.162635*pi5 - 32.776 - (pi4 - exp(pi3))*log(log(pi3))/pi3,62,,0.032221217391007084,0.06695032807449494,1.4219708999472536,2.2026018408371524,4.3748006050406106e-06,1.1520625997481072e-05,1.4219708999472644,2.2026018408371426
default_hof_76,default,hof,76,-pi2*exp(-pi1*exp(E)) + pi3*(-0.812996*pi1**2 - 7.14786*pi1*pi2 - 4.94765*pi1*pi3 + 955343.0*pi1*pi4 - 0.0453496*pi1*pi5 + 6.82576*pi1 - 28.1288*pi2**2 - 34.923*pi2*pi3 + 7161840.0*pi2*pi4 + 0.566262*pi2*pi5 + 45.7499*pi2 + 173.513*pi3**2 - 5001420.0*pi3*pi4 - 0.0787828*pi3*pi5 - 218.73*pi3 - 3051.32*pi4**2 + 10636.5*pi4*pi5 - 67547500.0*pi4 - 0.00232315*pi5**2 + 0.147557*pi5 + 45.6453) + pi4,63,,0.03220503462790801,0.06624433533059298,1.4111045823603034,2.2042477340969273,4.357818295413466e-06,1.1433833231547972e-05,1.411104582360313,2.2042477340969233
default_hof_37,default,hof,37,log(pi1 - log(0.94521*pi1**2 + 4.4108*pi1*pi2 + 3.79887*pi1*pi3 - 727310.0*pi1*pi4 - 0.0050391*pi1*pi5 - 4.88818*pi1 + 19.8798*pi2**2 + 23.4734*pi2*pi3 - 4818280.0*pi2*pi4 - 0.408745*pi2*pi5 - 30.6674*pi2 - 132.559*pi3**2 + 3835520.0*pi3*pi4 + 0.0172244*pi3*pi5 + 167.36*pi3 + 2327.52*pi4**2 - 3897.63*pi4*pi5 + 51518800.0*pi4 + 0.00207768*pi5**2 - 0.0433600000000001*pi5 - 34.8047)),58,,0.030685310900253105,0.07016606483885443,1.3514649259460978,2.2126740819529536,4.159795227378532e-06,1.2401662895706457e-05,1.3514649259461025,2.212674081952942
default_hof_25,default,hof,25,(-pi3 + 4.66843363376419e+15*exp(-1.02628*pi1**2 - 7.27188*pi1*pi2 - 6.5156*pi1*pi3 + 1300400.0*pi1*pi4 - 0.00814965*pi1*pi5 + 8.82243*pi1 - 26.8077*pi2**2 - 33.1134*pi2*pi3 + 6743440.0*pi2*pi4 + 0.417884*pi2*pi5 + 43.7748*pi2 + 148.131*pi3**2 - 4370280.0*pi3*pi4 - 0.132306*pi3*pi5 - 185.093*pi3 - 2606.49*pi4**2 + 19500.9*pi4*pi5 - 57672000.0*pi4 - 0.00357241*pi5**2 + 0.228864*pi5 + exp(pi4)))*exp(-pi1*exp(pi4)),63,,0.046087459107832705,0.0646332721524478,1.6975062803556606,2.2137851510879485,6.748652648487644e-06,1.1023037402849819e-05,1.6975062803556744,2.2137851510879822
default_hof_28,default,hof,28,(0.821711*pi1**2 + 9.45445*pi1*pi2 + 7.80951*pi1*pi3 - 1673750.0*pi1*pi4 + 0.0269096*pi1*pi5 - 10.1436*pi1 + 44.5677*pi2**2 + 52.5452*pi2*pi3 - 10815300.0*pi2*pi4 - 0.943796*pi2*pi5 - 68.3904*pi2 - 320.095*pi3**2 + 9394490.0*pi3*pi4 - 0.155431*pi3*pi5 + 406.198*pi3 + 5591.67*pi4**2 + 36919.5*pi4*pi5 + 123719000.0*pi4 + 0.00405395*pi5**2 + 0.116797*pi5 - 87.4397)/(pi3 - exp(exp(pi1*log(pi1 + pi3*log(pi3) + pi4/pi5)))),66,,0.030656387219892053,0.07341484672582245,1.3400363520139045,2.2335418840143726,4.1485131493479615e-06,1.3039011268597754e-05,1.3400363520139058,2.233541884014368
default_hof_65,default,hof,65,pi3*(-0.932471*pi1**2 - 7.19231*pi1*pi2 - 5.66234*pi1*pi3 + 1092530.0*pi1*pi4 - 0.0438637*pi1*pi5 + 7.86287*pi1 - 27.9099*pi2**2 - 34.9399*pi2*pi3 + 7147390.0*pi2*pi4 + 0.562867*pi2*pi5 + 45.7785*pi2 + 180.072*pi3**2 - 5163290.0*pi3*pi4 - 0.076822*pi3*pi5 - 226.042*pi3 - 3173.66*pi4**2 + 10242.7*pi4*pi5 - 70266700.0*pi4 - 0.00231484*pi5**2 + 0.144935*pi5 - log(log(pi1 + pi3 + exp(pi3))) + 46.6939),62,,0.030850475680320896,0.07020687033905897,1.3585110033321781,2.2367642164230626,4.173934113409843e-06,1.2249406420237323e-05,1.3585110033321859,2.2367642164230572
default_hof_8,default,hof,8,log(pi2*exp(exp(pi4**2*(pi1**2 - log(pi5))))/(0.15867*pi1**2 + 1.91207*pi1*pi2 + 1.04648*pi1*pi3 - 205185.0*pi1*pi4 + 0.00829767*pi1*pi5 - 1.45547*pi1 + 5.77222*pi2**2 + 7.80013*pi2*pi3 - 1587130.0*pi2*pi4 - 0.300269*pi2*pi5 - 7.58275*pi2 - 37.5431*pi3**2 + 1095070.0*pi3*pi4 - 0.00209668*pi3*pi5 + 47.4066*pi3 + 658.385*pi4**2 + 519.868*pi4*pi5 + 14570200.0*pi4 + 0.000957059*pi5**2 + 0.00231549*pi5 - 9.95378)),65,,0.04850145413518721,0.07407257591471209,1.7454501329656096,2.238720750186092,7.092746951900114e-06,1.2130563914293066e-05,1.7454501329656278,2.2387207501861206
default_pf_5,default,pf,5,-0.766295*pi1**2 - 6.00756*pi1*pi2 - 5.60078*pi1*pi3 + 1121910.0*pi1*pi4 - 0.103323*pi1*pi5 + 7.4945*pi1 - 39.0845*pi2**2 - 40.829*pi2*pi3 + 8459150.0*pi2*pi4 + 0.832005*pi2*pi5 + 52.9176*pi2 + 267.209*pi3**2 - 7983730.0*pi3*pi4 - 0.076451*pi3*pi5 - 340.153*pi3 - 4645.4*pi4**2 + 14413.8*pi4*pi5 - 102732000.0*pi4 - 0.00366899*pi5**2 + 0.17278*pi5 + 74.1155,55,,0.031814986105489246,0.0754271787121583,1.3572126919262915,2.2419072992639437,4.314874252703321e-06,1.3456354485418615e-05,1.3572126919262928,2.241907299263931
default_hof_96,default,hof,96,2*pi2 - log(-pi1*pi2 + pi3 + pi4 + (21.1757*pi1**2 + 175.167*pi1*pi2 + 127.126*pi1*pi3 - 24782200.0*pi1*pi4 + 1.21293*pi1*pi5 - 173.804*pi1 + 847.377*pi2**2 + 741.452*pi2*pi3 - 161903000.0*pi2*pi4 - 22.279*pi2*pi5 - 958.543*pi2 - 4790.26*pi3**2 + 139729000.0*pi3*pi4 + 0.427305*pi3*pi5 + 6048.39*pi3 + 83874.0*pi4**2 - 92547.4*pi4*pi5 + 1856100000.0*pi4 + 0.122872*pi5**2 - 1.49075*pi5 - 1274.11)*exp(-exp(exp(pi2)))),66,,0.0311301435649815,0.07251493648757898,1.363483401331357,2.2528108944134653,4.209650046367067e-06,1.2845343247847361e-05,1.3634834013313564,2.252810894413454
default_hof_57,default,hof,57,pi1*exp(-pi2) + pi3*(-0.916166*pi1**2 - 6.45239*pi1*pi2 - 4.44726*pi1*pi3 + 924155.0*pi1*pi4 - 0.0446705*pi1*pi5 + 5.51608*pi1 - 28.0082*pi2**2 - 35.4081*pi2*pi3 + 7244860.0*pi2*pi4 + 0.56256*pi2*pi5 + 46.3202*pi2 + 182.524*pi3**2 - 5242190.0*pi3*pi4 - 0.0780167*pi3*pi5 - 230.006*pi3 - 3212.2*pi4**2 + 10447.8*pi4*pi5 - 71115499.0*pi4 - 0.00231302*pi5**2 + 0.146674*pi5 + 47.9362),59,,0.030811310185014353,0.07325226091303584,1.34531370628717,2.254030576039817,4.1877669341262414e-06,1.2858498316144309e-05,1.345313706287174,2.2540305760398107
default_hof_86,default,hof,86,log(log(exp(pi2)/log(log(log((pi3 + 1.60727725684067e-71*exp(2.52608*pi1**2 + 15.5244*pi1*pi2 + 15.4337*pi1*pi3 - 3022670.0*pi1*pi4 + 0.156879*pi1*pi5 - 20.8343*pi1 + 88.6334*pi2**2 + 98.1089*pi2*pi3 - 20343600.0*pi2*pi4 - 2.15315*pi2*pi5 - 124.667*pi2 - 617.362*pi3**2 + 18031600.0*pi3*pi4 + 0.0559488*pi3*pi5 + 782.267*pi3 + 10800.6*pi4**2 - 12270.9*pi4*pi5 + 239003000.0*pi4 + 0.0160339*pi5**2 - 0.234713*pi5))*exp(-pi4)))))),66,,0.03117824276292073,0.071768557881688,1.3735470146610629,2.255935891888396,4.209574837488811e-06,1.2750152594027378e-05,1.3735470146610633,2.2559358918883854
default_hof_88,default,hof,88,exp(pi4) + log(6.42153874020394e+24*pi4*exp(-1.38687*pi1**2 - 6.46186*pi1*pi2 - 6.58025*pi1*pi3 + 1351690.0*pi1*pi4 - 0.104359*pi1*pi5 + 10.4036*pi1 - 37.3442*pi2**2 - 40.6803*pi2*pi3 + 8492690.0*pi2*pi4 + 0.82437*pi2*pi5 + 53.1761*pi2 + 121.367*pi3**2 - 4454560.0*pi3*pi4 - 0.0786938*pi3*pi5 - 163.909*pi3 - 1971.71*pi4**2 + 14732.0*pi4*pi5 - 43300300.0*pi4 - 0.00366389*pi5**2 + 0.176497*pi5)/(pi1 + pi2 + exp(pi1))),64,,0.03130415274770139,0.07558150365380957,1.3557129350518986,2.264739170426377,4.248908418651561e-06,1.3415997248735308e-05,1.3557129350518997,2.2647391704263624
default_hof_84,default,hof,84,(0.0841205*pi1**2 + 0.987253*pi1*pi2 + 0.679626*pi1*pi3 - 137288.0*pi1*pi4 + 0.0124368*pi1*pi5 - 0.917607*pi1 + 5.34759*pi2**2 + 5.47857*pi2*pi3 - 1127430.0*pi2*pi4 - 0.150287*pi2*pi5 - 7.1979*pi2 - 32.6874*pi3**2 + 981673.0*pi3*pi4 + 0.00737762*pi3*pi5 + 41.6157*pi3 + 567.785*pi4**2 - 1291.72*pi4*pi5 + 12554700.0*pi4 + 0.000441603*pi5**2 - 0.0159139*pi5 - 9.06221)*exp(exp(pi2))*log(pi2),60,,0.03319151484281866,0.07695059617504503,1.3957601364224388,2.27899172583366,4.455055349009049e-06,1.357035856642881e-05,1.395760136422435,2.2789917258336514
default_hof_53,default,hof,53,log(log(pi1)/log(log(-0.481111*pi1**2 - 9.56707*pi1*pi2 - 6.02985*pi1*pi3 + 1208170.0*pi1*pi4 + 0.0459142*pi1*pi5 + 9.3536*pi1 - 20.6578*pi2**2 - 31.0327*pi2*pi3 + 6071590.0*pi2*pi4 + 0.370638*pi2*pi5 + 41.8791*pi2 + 136.911*pi3**2 - 3887340.0*pi3*pi4 + 0.150994*pi3*pi5 - 171.413*pi3 - 2422.9*pi4**2 - 33761.3*pi4*pi5 - 53659600.0*pi4 - 0.00069942*pi5**2 - 0.166518*pi5 + 35.5459))),60,,0.052063528887336216,0.07112311103225054,1.7601563639352384,2.293451641648975,7.427896364211024e-06,1.1466367184234717e-05,1.7601563639352578,2.2934516416489803
default_hof_70,default,hof,70,(pi3 + log(-pi1*pi3*log(log(pi1 + pi3)) + exp(pi3)))*(-0.427275*pi1**2 - 3.37288*pi1*pi2 - 2.58704*pi1*pi3 + 509112.0*pi1*pi4 - 0.0231613*pi1*pi5 + 3.54225*pi1 - 13.6282*pi2**2 - 16.7923*pi2*pi3 + 3439000.0*pi2*pi4 + 0.275941*pi2*pi5 + 21.9815*pi2 + 89.0924*pi3**2 - 2570600.0*pi3*pi4 - 0.0328453*pi3*pi5 - 112.395*pi3 - 1565.79*pi4**2 + 4005.42*pi4*pi5 - 34661000.0*pi4 - 0.00114222*pi5**2 + 0.0658783*pi5 + 23.5418),65,,0.03166630761398584,0.07557555344120903,1.369420569539069,2.3005783011764516,4.2945432536166555e-06,1.3254715686087937e-05,1.3694205695390653,2.30057830117644
default_hof_98,default,hof,98,-pi4 + (0.262549*pi1**2 + 3.05621*pi1*pi2 + 2.03284*pi1*pi3 - 408286.0*pi1*pi4 + 0.0352869*pi1*pi5 - 2.76002*pi1 + 15.1902*pi2**2 + 16.2895*pi2*pi3 - 3348420.0*pi2*pi4 - 0.4706*pi2*pi5 - 21.3638*pi2 - 95.3091*pi3**2 + 2852190.0*pi3*pi4 + 0.0208381*pi3*pi5 + 121.239*pi3 + 1657.31*pi4**2 - 3715.97*pi4*pi5 + 36649801.0*pi4 + 0.00128331*pi5**2 - 0.0429695*pi5 - 26.3071)*log(pi2 + pi4/(-pi5 + log(pi1 + pi5))),63,,0.03367385805479675,0.08054702008538625,1.392052598072916,2.318209154833372,4.5560371116322285e-06,1.4225459527135653e-05,1.3920525980729122,2.3182091548333603
default_hof_85,default,hof,85,-4.32757*pi1**2 - 6.46339*pi1*pi2 - 19.9475*pi1*pi3 + 4516470.0*pi1*pi4 - 0.107252*pi1*pi5 + 26.8474*pi1 - 31.982*pi2**2 - 39.845*pi2*pi3 + 8284590.0*pi2*pi4 + 0.70743*pi2*pi5 + 51.2043*pi2 + 407.672*pi3**2 - 11650400.0*pi3*pi4 - 0.100588*pi3*pi5 - 515.111*pi3 - 7180.58*pi4**2 + 17540.8*pi4*pi5 - 158991000.0*pi4 - 0.00331646*pi5**2 + 0.211866*pi5 + log(pi3 + exp(pi3) + (pi4 + log(pi3))/pi1) + 107.015,63,,0.03103972168151059,0.08165922169573997,1.4184175331479643,2.32676676508472,4.212526718487577e-06,1.4333705456711486e-05,1.4184175331479625,2.3267667650847104
default_hof_19,default,hof,19,0.173358*pi1**2 + 6.09972*pi1*pi2 - 7.87704*pi1*pi3 + 1837050.0*pi1*pi4 - 0.141538*pi1*pi5 + 8.78365*pi1 - 30.3366*pi2**2 - 29.9422*pi2*pi3 + 6917560.0*pi2*pi4 + 0.773782*pi2*pi5 + 35.332*pi2 - pi2/log(-log(pi1) + log(pi3/pi1)) + 233.335*pi3**2 - 6789840.0*pi3*pi4 - 0.15181*pi3*pi5 - 295.507*pi3 - 4090.13*pi4**2 + 27858.1*pi4*pi5 - 90519400.0*pi4 - 0.00357664*pi5**2 + 0.280626*pi5 + 63.449,62,,0.034386522978176404,0.09385398144594582,1.4115246394015517,2.3440880535218485,4.758439575022651e-06,1.6900343986033533e-05,1.4115246394015473,2.34408805352184
default_hof_21,default,hof,21,(-1.36206*pi1**2 - 6.87306*pi1*pi2 - 8.45676*pi1*pi3 + 1664110.0*pi1*pi4 - 0.0138332*pi1*pi5 + 11.3567*pi1 - 32.051*pi2**2 - 41.7146*pi2*pi3 + 8779140.0*pi2*pi4 + 0.654132*pi2*pi5 + 53.6097*pi2 + 193.837*pi3**2 - 5446380.0*pi3*pi4 - 0.325956*pi3*pi5 - 241.974*pi3 - 3443.41*pi4**2 + 63083.1*pi4*pi5 - 76282800.0*pi4 - 0.00254806*pi5**2 + 0.442327*pi5 + 48.2966)*log(exp(pi3)/(pi4*(pi2 - pi4 + exp(pi3)) + exp(pi1))),65,,0.0355964578197704,0.08860010807953206,1.4227198148061124,2.3532683825909233,4.998537268764938e-06,1.5770889265467703e-05,1.4227198148061055,2.353268382590911
default_hof_94,default,hof,94,(pi2 + (0.265864*pi1**2 + 3.05697*pi1*pi2 + 2.04442*pi1*pi3 - 410321.0*pi1*pi4 + 0.0352216*pi1*pi5 - 2.77619*pi1 + 15.1534*pi2**2 + 16.2917*pi2*pi3 - 3349080.0*pi2*pi4 - 0.470569*pi2*pi5 - 22.3626*pi2 - 102.743*pi3**2 + 3487110.0*pi3*pi4 + 0.0206781*pi3*pi5 + 133.51*pi3 + 1776.73*pi4**2 - 3683.24*pi4*pi5 + 39169000.0*pi4 + 0.00128503*pi5**2 - 0.042773*pi5 - 28.5072)*exp(-pi4) - exp(pi3))*log(pi2),62,,0.03461960412770793,0.087802603496223,1.3915943645796782,2.3541732801228723,4.8208345780437615e-06,1.573539769399045e-05,1.3915943645796798,2.3541732801228656
default_hof_92,default,hof,92,(-0.376836*pi1**2 - 2.90534*pi1*pi2 - 2.10468*pi1*pi3 + 409904.0*pi1*pi4 - 0.0103332*pi1*pi5 + 2.91139*pi1 - 9.60525*pi2**2 - 12.8968*pi2*pi3 + 2626900.0*pi2*pi4 + 0.189032*pi2*pi5 + 16.9577*pi2 + 68.7097*pi3**2 - 2362240.0*pi3*pi4 - 0.0234953*pi3*pi5 - 89.1253*pi3 - 1203.82*pi4**2 + 1947.32*pi4*pi5 - 26538800.0*pi4 - 0.000752366*pi5**2 + 0.045968*pi5 + exp(pi3) + 17.8763)*exp(pi3),59,,0.032823621233425505,0.08243859528539596,1.3753592040007452,2.3567059699661685,4.540302352571091e-06,1.4469967921694726e-05,1.375359204000743,2.3567059699661606
default_hof_30,default,hof,30,log(log(pi4 + log(pi1*exp(exp(exp(pi1)/(1.52328*pi1**2 + 5.42683*pi1*pi2 + 3.39297*pi1*pi3 - 585894.0*pi1*pi4 - 0.0760703*pi1*pi5 - 3.78167*pi1 + 20.6326*pi2**2 + 23.9063*pi2*pi3 - 4944940.0*pi2*pi4 - 0.349335*pi2*pi5 - 30.9446*pi2 - 104.969*pi3**2 + 3015650.0*pi3*pi4 + 0.0471725*pi3*pi5 + 130.584*pi3 + 1856.87*pi4**2 - 9982.23*pi4*pi5 + 41113500.0*pi4 + 0.000981925*pi5**2 - 0.0597546*pi5 + log(-pi2 + pi3) - 25.1247)))))),67,,0.04557812006016711,0.09634025904821046,1.6022579789006266,2.3851320822046196,6.620752942811874e-06,1.7623051635098213e-05,1.602257978900614,2.385132082204614
default_hof_16,default,hof,16,pi3*log(pi4 - log(log(log(pi2 + 4.18392972268628e-10*exp(0.447839*pi1**2 + 3.57683*pi1*pi2 + 2.72491*pi1*pi3 - 537116.0*pi1*pi4 + 0.0222977*pi1*pi5 - 3.72822*pi1 + 13.5262*pi2**2 + 17.0826*pi2*pi3 - 3486460.0*pi2*pi4 - 0.271311*pi2*pi5 - 22.6522*pi2 - 87.3377*pi3**2 + 2536880.0*pi3*pi4 + 0.0358648*pi3*pi5 + 110.169*pi3 + 1533.64*pi4**2 - 4368.35*pi4*pi5 + 33943800.0*pi4 + 0.00146445*pi5**2 - 0.0726888*pi5))))),63,,0.04311454181009716,0.09990447602366152,1.5709134104549247,2.4405051640519524,6.066161961149372e-06,1.7985358506875047e-05,1.5709134104549132,2.440505164051944
default_hof_48,default,hof,48,pi3*(-0.823518*pi1**2 - 6.3933*pi1*pi2 - 4.94862*pi1*pi3 + 973270.0*pi1*pi4 - 0.0431497*pi1*pi5 + 6.77718*pi1 - 26.196*pi2**2 - 31.7456*pi2*pi3 + 6501730.0*pi2*pi4 + 0.470976*pi2*pi5 + 41.6183*pi2 + 168.349*pi3**2 - 4874040.0*pi3*pi4 - 0.0731528*pi3*pi5 - 212.453*pi3 - 2956.67*pi4**2 + 9568.84*pi4*pi5 - 65444300.0*pi4 - 0.00215835*pi5**2 + 0.141811*pi5 + 44.5496)*exp(pi2),58,,0.05556688626289482,0.12883112670650138,1.779938412865208,2.82688578291178,8.123697610770225e-06,2.3228278427267544e-05,1.779938412865192,2.8268857829117637
default_hof_52,default,hof,52,(exp(pi4) - exp(exp(exp(pi2))))*(0.00185318*pi1**2 + 0.0418192*pi1*pi2 + 0.0190978*pi1*pi3 - 3921.58*pi1*pi4 + 0.000340595*pi1*pi5 - 0.0262141*pi1 + 0.190146*pi2**2 + 0.178404*pi2*pi3 - 35980.8*pi2*pi4 - 0.00676514*pi2*pi5 - 0.24107*pi2 - 0.91952*pi3**2 + 27954.4*pi3*pi4 + 9.60692e-5*pi3*pi5 + 1.17131*pi3 + 15.9364*pi4**2 - 10.3093*pi4*pi5 + 352267.0*pi4 + 1.22687e-5*pi5**2 - 0.000168512*pi5 + exp(pi4) - 1.25499)/pi2,64,,0.09099420641908885,0.15624959413115436,2.3741313713935823,3.1287724757023323,1.2416816996750884e-05,2.7625067638518935e-05,2.374131371393557,3.12877247570232
default_hof_56,default,hof,56,-pi1 + pi3*(-0.922142*pi1**2 - 7.16183*pi1*pi2 - 6.4584*pi1*pi3 + 1209290.0*pi1*pi4 - 0.0438539*pi1*pi5 + 9.46022*pi1 - 27.8874*pi2**2 - 34.8935*pi2*pi3 + 7139650.0*pi2*pi4 + 0.562819*pi2*pi5 + E*pi2 + 42.9906*pi2 + 176.538*pi3**2 - 5087220.0*pi3*pi4 - 0.0769311*pi3*pi5 - 222.439*pi3 - 3105.68*pi4**2 + 10266.2*pi4*pi5 - 68751700.0*pi4 - 0.00231518*pi5**2 + 0.145066*pi5 + 46.3113),60,,0.07015196326460951,0.15500087354221723,2.0293071845036983,3.1400520922144524,1.0407339590064447e-05,2.7892632067901914e-05,2.0293071845036756,3.1400520922144377
default_hof_35,default,hof,35,log(log(log(pi2)*log(0.210542*pi1**2 + 2.28712*pi1*pi2 + 1.94809*pi1*pi3 - 396557.0*pi1*pi4 + 0.0492306*pi1*pi5 - 2.58425*pi1 + 24.4344*pi2**2 + 17.2472*pi2*pi3 - 3672350.0*pi2*pi4 - 0.283595*pi2*pi5 - 25.3937*pi2 - 113.84*pi3**2 + 3444440.0*pi3*pi4 + 0.0396648*pi3*pi5 + 145.359*pi3 + 1971.65*pi4**2 - 7233.42*pi4*pi5 + 43586600.0*pi4 + 0.000438573*pi5**2 - 0.0835473*pi5 - 31.5348))),60,,0.07902661890261785,0.15176627084472225,2.217423120277096,3.1479039343317465,1.1150848360072096e-05,2.7163587232728184e-05,2.21742312027707,3.1479039343317314
default_hof_64,default,hof,64,pi3*(-0.920769*pi1**2 - 7.2054*pi1*pi2 - 5.41874*pi1*pi3 + 1060500.0*pi1*pi4 - 0.0438516*pi1*pi5 + 7.45078*pi1 - 31.224*pi2**2 - 34.916*pi2*pi3 + 7137840.0*pi2*pi4 + 0.563394*pi2*pi5 + 43.0874*pi2 + 180.093*pi3**2 - 5182930.0*pi3*pi4 - 0.0767681*pi3*pi5 - 226.971*pi3 - 3168.27*pi4**2 + 10233.6*pi4*pi5 - 70139300.0*pi4 - pi4*log(pi3*pi4)/(-pi3 + 2*pi4) - 0.00231562*pi5**2 + 0.144834*pi5 + exp(exp(pi2)) + 44.5964),66,,0.06974300505452581,0.15636379325925936,2.0166515650145436,3.1629735766154727,1.0462255656511683e-05,2.8256791543016894e-05,2.016651565014526,3.1629735766154603
default_hof_9,default,hof,9,exp(-pi4)*log(pi2/(0.0583712*pi1**2 + 0.703412*pi1*pi2 + 0.384978*pi1*pi3 - 75483.3*pi1*pi4 + 0.00305255*pi1*pi5 - 0.535438*pi1 + 2.12348*pi2**2 + 2.86951*pi2*pi3 - 583874.0*pi2*pi4 - 0.110463*pi2*pi5 - 2.78954*pi2 - 13.8113*pi3**2 + 402854.0*pi3*pi4 - 0.000771325*pi3*pi5 + 17.44*pi3 + 242.207*pi4**2 + 191.246*pi4*pi5 + 5360100.0*pi4 + 0.000352083*pi5**2 + 0.000851823*pi5 - 3.6618)),59,,0.09138854750621231,0.17880550360873906,2.3797997332335905,3.368074545420155,1.3631941211334764e-05,3.233706838560239e-05,2.379799733233565,3.368074545420131
default_hof_91,default,hof,91,exp(pi2)*log((2.50745*pi1**2 - 23.299*pi1*pi2 - 37.8808*pi1*pi3 + 8065280.0*pi1*pi4 - 0.0690631*pi1*pi5 + 49.838*pi1 - 164.307*pi2**2 - 176.707*pi2*pi3 + 37208500.0*pi2*pi4 + 3.05375*pi2*pi5 + 227.241*pi2 + 1172.26*pi3**2 - 33881100.0*pi3*pi4 - 0.748787*pi3*pi5 - 1480.38*pi3 - 20591.9*pi4**2 + 153042.0*pi4*pi5 - 455810000.0*pi4 - 0.000915794*pi5**2 + 1.08952*pi5 + 315.092)*exp(-exp(pi1))),61,,0.07747008436991792,0.17719989961642807,2.18748544758701,3.382976544996573,1.1667893438830082e-05,3.221082223534846e-05,2.1874854475869854,3.382976544996561
default_pf_4,default,pf,4,-pi4 + (pi5 - 0.24422533367651483)/(11.690738369671765 + pi4*exp(-pi5)/pi3),7,,0.5257732455603163,0.5048837578847445,4.849334122404787,5.018759156579187,7.132376242001485e-05,9.843602709143168e-05,4.849334122404791,5.018759156579193
default_pf_3,default,pf,3,pi5*(pi4 + 0.07716302380901079),2,,1.0831539895151938,0.9154846285887819,7.538105924922323,8.038218741251486,0.0001374330757011266,0.00015801929013946944,7.538105924922352,8.038218741251498
regularized_low_complexity_hof_2,regularized_low_complexity,hof,2,pi2*pi5*(-pi2 + (pi1 + pi2)/pi1) + pi4,6,,6.29417064908012,1.9349195133841577,11.026606127567087,9.936102869708472,0.0006957516148282924,0.0003293067262968634,11.026606127567081,9.93610286970847
regularized_low_complexity_pf_5,regularized_low_complexity,pf,5,pi2*pi5*(-pi2 + (pi1 + pi2)/pi1) + pi4,6,,6.29417064908012,1.9349195133841577,11.026606127567087,9.936102869708472,0.0006957516148282924,0.0003293067262968634,11.026606127567081,9.93610286970847
regularized_low_complexity_hof_85,regularized_low_complexity,hof,85,pi2*(pi1*pi5 + pi5),3,,35.56175081672514,2.7274988894571894,27.344743453224353,13.048570679828122,0.003499195809350364,0.0005353866220610059,27.344743453224368,13.048570679828137
regularized_low_complexity_hof_10,regularized_low_complexity,hof,10,pi2*(2*pi2*pi5 + pi5),4,,11.240411077379827,5.083268551067634,15.838870153505008,15.58724155186752,0.0013477670046141014,0.0009667254769205055,15.838870153505011,15.587241551867523
regularized_low_complexity_hof_56,regularized_low_complexity,hof,56,pi2*pi3*(2*pi1 + (-pi1 + pi5)/pi3),6,,18.360137626614115,4.203145007418026,24.68409168271495,15.72040482797884,0.0019265182790940223,0.0007549681477076827,24.684091682714975,15.720404827978854
regularized_low_complexity_hof_57,regularized_low_complexity,hof,57,pi2*(pi1*pi2 + pi1 + 2*pi2 - pi4 + pi5),7,,18.087423244000316,5.280093689611367,23.205907953128296,16.179993168611162,0.0019841396883462543,0.001014409061034297,23.205907953128307,16.179993168611176
regularized_low_complexity_hof_50,regularized_low_complexity,hof,50,pi2*(pi1 + pi4 + pi5) + pi4,4,,13.135885084505574,7.070703009291996,20.097658027873045,17.23412557308485,0.0016308362254605024,0.001369515896594635,20.097658027873052,17.234125573084864
regularized_low_complexity_hof_51,regularized_low_complexity,hof,51,pi2*(pi1 + pi5),2,,13.136095838040427,7.071424713984716,20.098036516316238,17.234857131212333,0.0016308996182238748,0.00136965868533906,20.098036516316245,17.234857131212348
regularized_low_complexity_hof_53,regularized_low_complexity,hof,53,pi2*(pi5 + (pi1 + pi2)/pi3),4,,13.043617331237545,7.946292437133853,20.042254058278758,17.623800934087456,0.0016672884478380289,0.001530732442584365,20.042254058278758,17.623800934087456
regularized_low_complexity_hof_48,regularized_low_complexity,hof,48,pi2*(pi1 - pi2 + pi5),3,,11.768542524135167,8.124092962750952,19.34774225037844,17.751295960901416,0.0015621734129923803,0.0015686948890274433,19.34774225037844,17.75129596090143
regularized_low_complexity_hof_62,regularized_low_complexity,hof,62,pi2*(pi1 + pi3)*(-pi2 + pi5) - pi2,5,,22.603464270186336,8.876309894252623,22.714800241210682,18.225139839092254,0.0026401444576417844,0.0016789798962733987,22.714800241210675,18.225139839092243
regularized_low_complexity_hof_58,regularized_low_complexity,hof,58,(pi2*pi3*pi5*(-pi2 + pi3) + pi4)/pi3,6,,15.428851858911031,10.707835788783964,19.893564034166562,18.921459442448647,0.0020379657210826156,0.002033691872287644,19.8935640341666,18.92145944244868
regularized_low_complexity_hof_6,regularized_low_complexity,hof,6,pi2*(2*pi2 + pi5),3,,8.51038858862192,9.082549767763949,15.461769956113859,19.460176705094977,0.0012908573154930588,0.001693955646124409,15.461769956113855,19.460176705094977
regularized_low_complexity_hof_5,regularized_low_complexity,hof,5,pi2*(pi2*pi5 + pi5),3,,8.801650838650813,8.138730286009757,15.550733908029127,19.509317346971233,0.0012677066892448747,0.0015162859304765886,15.550733908029121,19.509317346971216
regularized_low_complexity_pf_2,regularized_low_complexity,pf,2,pi2*(pi2*pi5 + pi5),3,,8.801650838650813,8.138730286009757,15.550733908029127,19.509317346971233,0.0012677066892448747,0.0015162859304765886,15.550733908029121,19.509317346971216
regularized_low_complexity_hof_4,regularized_low_complexity,hof,4,pi2*pi3*(pi2 + pi5/pi3),4,,8.008466189839174,9.546713528531335,15.220912789188274,20.0127561122682,0.001264556983693357,0.0017684782522407049,15.220912789188269,20.012756112268207
regularized_low_complexity_pf_3,regularized_low_complexity,pf,3,pi2*pi3*(pi2 + pi5/pi3),4,,8.008466189839174,9.546713528531335,15.220912789188274,20.0127561122682,0.001264556983693357,0.0017684782522407049,15.220912789188269,20.012756112268207
default_hof_29,default,hof,29,log(pi2*log(pi2 + exp(exp(pi4 - pi5))))*log(log(0.590069*pi1**2 + 5.37972*pi1*pi2 + 4.17777*pi1*pi3 - 832742.0*pi1*pi4 + 0.0575014*pi1*pi5 - 5.64444*pi1 + 27.9217*pi2**2 + 30.4136*pi2*pi3 - 6282150.0*pi2*pi4 - 0.788338*pi2*pi5 - 39.7756*pi2 - 181.036*pi3**2 + 5369710.0*pi3*pi4 + 0.0252708*pi3*pi5 + 229.924*pi3 + 3155.44*pi4**2 - 4371.91*pi4*pi5 + 69796700.0*pi4 + 0.0036316*pi5**2 - 0.0725564*pi5 - 46.8637)),65,,26.367567188154588,25.53499967887308,21.47901664664314,20.80821131244886,0.003952864578609759,0.004679372352408324,21.479016646643174,20.808211312448872
regularized_low_complexity_hof_64,regularized_low_complexity,hof,64,pi2*(-pi2 + pi3*pi5),3,,20.889944495105514,13.548168052218951,22.513386212257906,20.837620586889766,0.0027188160562582804,0.002565481031328059,22.513386212257945,20.837620586889795
regularized_low_complexity_hof_7,regularized_low_complexity,hof,7,pi2*(pi2 - pi4 + pi5 + pi2*(pi2 + pi4)/pi1),7,,8.28321494320517,10.09807476431163,15.667005000034317,20.838684845267615,0.001317969093553644,0.001869176675741806,15.66700500003431,20.83868484526759
regularized_low_complexity_hof_8,regularized_low_complexity,hof,8,pi2*(pi2 + pi4 + pi5),3,,8.347912771086232,10.499115626877149,15.897777552566335,21.426295276352583,0.0013450849461685724,0.001943268047066488,15.897777552566325,21.42629527635257
regularized_low_complexity_hof_9,regularized_low_complexity,hof,9,pi2*(pi2 - pi3**2*pi4 + pi5),5,,8.348021581898218,10.499327574745385,15.897944170686355,21.426607575986417,0.0013451068588599072,0.001943308274721515,15.897944170686346,21.4266075759864
regularized_low_complexity_hof_77,regularized_low_complexity,hof,77,pi2*pi5 + pi2 - pi4,3,,34.008604396372384,5.482612089722945,37.04330843013145,21.64568746645779,0.0033504952152746273,0.0007241264022555555,37.04330843013149,21.645687466457808
regularized_low_complexity_hof_78,regularized_low_complexity,hof,78,pi2*pi5 + pi2,2,,34.00923275698997,5.482969658926927,37.0440396215842,21.646265307030433,0.003350563602253525,0.0007241731863630522,37.04403962158423,21.646265307030458
regularized_low_complexity_hof_83,regularized_low_complexity,hof,83,pi2 + (pi2 + pi4)*(pi5 - pi4/(pi1*pi5)),6,,34.0103681971866,5.483297318382916,37.044828855823596,21.646337149485298,0.003350673863047206,0.0007242039539346314,37.04482885582363,21.646337149485312
regularized_low_complexity_hof_84,regularized_low_complexity,hof,84,pi2 + pi5*(pi2 + 2*pi4),4,,34.01164517333474,5.483746579084576,37.04587409257349,21.64668011753727,0.0033508015545748748,0.0007242527277343812,37.045874092573534,21.64668011753729
regularized_low_complexity_hof_82,regularized_low_complexity,hof,82,pi2*pi5 + pi2 + pi3*pi4,4,,34.01007502382279,5.483505051823462,37.04514006189126,21.647125510267248,0.003350656662564825,0.0007242440817033717,37.045140061891296,21.64712551026727
regularized_low_complexity_hof_12,regularized_low_complexity,hof,12,pi2*(pi1*(pi2*pi3/pi5 + pi2) + pi5),6,,8.619550070154457,11.418048413330647,16.484547399790277,22.57315055594894,0.0014176795245083083,0.002110684203912177,16.48454739979027,22.57315055594892
regularized_low_complexity_hof_59,regularized_low_complexity,hof,59,pi4 + pi2*pi5/(3*pi1),4,,12.583194739343238,17.15963073526598,19.507730141985228,22.59365735497025,0.0021416864020742696,0.0032713738302588965,19.50773014198522,22.593657354970244
regularized_low_complexity_hof_11,regularized_low_complexity,hof,11,pi2*(-pi1 + pi1/pi5 + 2*pi2 + pi5),6,,8.035374935691515,12.427277469331528,16.527656575828438,23.018762075106697,0.001393164122115238,0.002245641862957062,16.527656575828424,23.018762075106704
regularized_low_complexity_hof_66,regularized_low_complexity,hof,66,pi2*pi3*(-pi4*(-pi2 + pi3) + pi5),5,,24.41597199889761,15.19876429985443,25.56676696952791,23.321519558343812,0.003133751132694458,0.002852326779443561,25.566766969527944,23.32151955834384
regularized_low_complexity_hof_67,regularized_low_complexity,hof,67,pi2*pi3*(-pi4 + pi5),3,,24.41601400559322,15.198829570656947,25.56682054746541,23.321603283478446,0.0031337585236546816,0.0028523392893029724,25.566820547465458,23.32160328347848
regularized_low_complexity_hof_68,regularized_low_complexity,hof,68,pi3*pi5*(-pi1*pi4**2 + pi2),5,,24.41610005501451,15.198931960384018,25.56691967942412,23.321740846050155,0.0031337719267810916,0.0028523583158163936,25.56691967942416,23.32174084605019
regularized_low_complexity_hof_69,regularized_low_complexity,hof,69,pi2*pi3*(-pi2*pi4**2 + pi5),5,,24.416100056589134,15.198931962745146,25.566919680779304,23.321740848061935,0.00313377192705216,0.0028523583162673614,25.566919680779343,23.32174084806197
regularized_low_complexity_hof_70,regularized_low_complexity,hof,70,pi2*pi3*pi5,2,,24.416100056598538,15.198931962759556,25.56691968079001,23.321740848078747,0.0031337719270537957,0.0028523583162701443,25.56691968079005,23.321740848078782
regularized_low_complexity_hof_73,regularized_low_complexity,hof,73,pi2*pi3*(pi3*pi4 + pi5),4,,24.416233838289944,15.199105819064226,25.567078182389167,23.32196989477886,0.003133793581095211,0.002852391005643907,25.567078182389203,23.32196989477889
regularized_low_complexity_hof_74,regularized_low_complexity,hof,74,pi2*pi5**2*(pi3/pi5 + 2*pi4),6,,24.41711917004733,15.200162443438094,25.567434358788432,23.322419008681162,0.0031339349291828857,0.002852594557119167,25.567434358788475,23.322419008681187
regularized_low_complexity_hof_75,regularized_low_complexity,hof,75,pi3*pi5*(pi2 + pi4) + pi4,4,,24.42070997033146,15.204971853727981,25.57110658148623,23.327615272199267,0.003134524788121448,0.0028534995540041904,25.571106581486276,23.327615272199292
regularized_low_complexity_hof_76,regularized_low_complexity,hof,76,pi5*(pi2*pi3 - pi4*(pi2/pi3 - pi3)/pi2),7,,24.472724753093665,15.27940832127505,25.61923058192079,23.3972013265451,0.0031433993099452373,0.0028676422454152165,25.619230581920828,23.397201326545133
regularized_low_complexity_hof_3,regularized_low_complexity,hof,3,pi2*(-pi1 + pi2*(pi2 + pi3*pi5 + pi5) + pi5),7,,7.982910892149622,8.042253205109143,20.34122453048024,23.50302829403053,0.0011372105433743343,0.0013909122267722874,20.34122453048022,23.503028294030507
regularized_low_complexity_pf_4,regularized_low_complexity,pf,4,pi2*(-pi1 + pi2*(pi2 + pi3*pi5 + pi5) + pi5),7,,7.982910892149622,8.042253205109143,20.34122453048024,23.50302829403053,0.0011372105433743343,0.0013909122267722874,20.34122453048022,23.503028294030507
regularized_low_complexity_hof_13,regularized_low_complexity,hof,13,pi5*(pi2 + pi3**3*pi4),4,,8.531383919456408,12.047039582669338,17.215056502642696,23.898006284166932,0.0014368561622416973,0.002212680724216563,17.21505650264267,23.898006284166907
regularized_low_complexity_hof_15,regularized_low_complexity,hof,15,pi4 + pi5*(pi2 + pi4/pi3),4,,8.537526474976046,12.057731601581377,17.220904132258468,23.90743085019497,0.0014380674994418604,0.002214764092404977,17.220904132258454,23.90743085019496
regularized_low_complexity_hof_16,regularized_low_complexity,hof,16,-pi2*(pi4*(-pi3 + 2*pi4*pi5) - pi5) + pi4,7,,8.538288465232755,12.059201916359964,17.221832223334545,23.908882118888627,0.0014382176047098585,0.002215035336729566,17.221832223334527,23.908882118888613
regularized_low_complexity_hof_17,regularized_low_complexity,hof,17,pi2*(pi4 + pi5) + pi4,3,,8.538311371864914,12.059242785342322,17.2218657789114,23.90893642989262,0.0014382220440591108,0.0022150431589506975,17.221865778911386,23.908936429892602
regularized_low_complexity_hof_19,regularized_low_complexity,hof,19,pi2*pi5 + pi4/pi5,3,,8.538639689002444,12.059859867393158,17.222228355179432,23.909509452195493,0.0014382863815221479,0.0022151579667129394,17.222228355179407,23.90950945219547
regularized_low_complexity_hof_20,regularized_low_complexity,hof,20,pi5*(pi2 + pi4/(pi1 + pi3*pi5 + pi5)),6,,8.538702797665083,12.059949892848731,17.222527727031668,23.909972673873504,0.0014382972004981765,0.002215174608449146,17.22252772703165,23.90997267387348
regularized_low_complexity_hof_21,regularized_low_complexity,hof,21,pi2*(pi3*pi4*(pi2 + pi5) + pi5),5,,8.538755488866064,12.060035739313687,17.222704214959396,23.910239040973945,0.0014383063497326101,0.0022151889772259697,17.22270421495937,23.910239040973924
regularized_low_complexity_hof_23,regularized_low_complexity,hof,23,pi2*(pi4 + pi5),2,,8.538869335737925,12.060253484277439,17.222812912318787,23.910415537541567,0.0014383290624465884,0.0022152304378100836,17.222812912318766,23.910415537541553
regularized_low_complexity_hof_24,regularized_low_complexity,hof,24,pi2*pi5,1,,8.538900195342443,12.060312525255997,17.222865718162193,23.91049879047528,0.0014383350745566432,0.002215241364386806,17.222865718162176,23.91049879047527
regularized_low_complexity_hof_37,regularized_low_complexity,hof,37,pi2*(pi4*(pi1 + pi4*(pi2 + pi4)) - pi4 + pi5),7,,8.53892523798961,12.06035879820744,17.222905852556693,23.91056247328277,0.0014383399288807966,0.0022152500522913785,17.22290585255668,23.91056247328274
regularized_low_complexity_hof_40,regularized_low_complexity,hof,40,pi2*pi5 - pi4*(pi2 + pi4**3/pi5),6,,8.538931055061425,12.060371566398668,17.222918524005603,23.910582043409004,0.0014383410866859428,0.002215252290993589,17.222918524005586,23.910582043408983
regularized_low_complexity_hof_38,regularized_low_complexity,hof,38,pi2*(-pi4 + pi5),2,,8.538931055061425,12.060371566398665,17.222918524005607,23.910582043409008,0.0014383410866859426,0.0022152522909935886,17.222918524005586,23.91058204340899
regularized_low_complexity_pf_1,regularized_low_complexity,pf,1,pi2*(-pi4 + pi5),2,,8.538931055061425,12.060371566398665,17.222918524005607,23.910582043409008,0.0014383410866859426,0.0022152522909935886,17.222918524005586,23.91058204340899
regularized_low_complexity_hof_42,regularized_low_complexity,hof,42,pi2*pi5 - pi4,2,,8.539458194361021,12.061323276527354,17.22381285156958,23.91197789812423,0.0014384420990855473,0.0022154286528898257,17.22381285156956,23.91197789812421
regularized_low_complexity_hof_43,regularized_low_complexity,hof,43,pi5*(pi2 - pi4/pi3),3,,8.539716067898475,12.061882919211445,17.223880170658532,23.912087623106647,0.0014384956513126411,0.0022155313888337393,17.223880170658514,23.912087623106633
regularized_low_complexity_hof_44,regularized_low_complexity,hof,44,pi5*(pi2 - pi4),2,,8.540325019234066,12.062971727792466,17.224533914844955,23.9131318709635,0.0014386146047716628,0.0022157388859369805,17.224533914844937,23.913131870963472
regularized_low_complexity_hof_45,regularized_low_complexity,hof,45,(pi2 - pi4)*(-pi4 + pi5),3,,8.54035588201365,12.063030773214836,17.22458671870461,23.91321512072402,0.0014386206174074928,0.0022157498133278477,17.224586718704597,23.913215120723994
regularized_low_complexity_hof_46,regularized_low_complexity,hof,46,(-pi2 + 2*pi4)*(pi2**2*pi4 - pi5),6,,8.541750128189136,12.06563144117242,17.22620227585977,23.91576521847475,0.0014388941892361604,0.002216236503405972,17.226202275859748,23.91576521847472
regularized_low_complexity_hof_47,regularized_low_complexity,hof,47,pi2*pi5 - pi4/pi2,3,,8.548944677670944,12.077711937513198,17.239925998270373,23.936882072311672,0.0014402466481285286,0.002218470885262116,17.239925998270355,23.936882072311654
regularized_low_complexity_hof_54,regularized_low_complexity,hof,54,-pi2 + pi2*pi5/(pi1*pi3**2),5,,12.791310537672846,8.320341714644302,25.2347437517024,26.26864953166187,0.001689555919245333,0.0012707028330418103,25.234743751702382,26.268649531661865
regularized_low_complexity_hof_49,regularized_low_complexity,hof,49,(-pi2 + 2*pi4)*(pi2 - pi5),4,,9.086392310210554,13.771529282604206,19.08623717628802,26.399718706773246,0.001571187351610769,0.0025108804948884354,19.086237176287995,26.39971870677323
regularized_low_complexity_hof_52,regularized_low_complexity,hof,52,pi2*pi3*pi5/(pi2 + pi3),4,,9.274627538930787,14.744842455386806,19.151120663292694,26.553564345286805,0.0016406649137311188,0.002682796698468549,19.151120663292673,26.553564345286794
regularized_low_complexity_hof_86,regularized_low_complexity,hof,86,pi2*(-pi3 + (pi3 + pi4)*(pi1*pi5 + pi5)),6,,30.809583889615364,11.747200869285923,30.10398703611133,27.556185951207706,0.0035777244445447678,0.00218389212704082,30.103987036111317,27.556185951207702
regularized_low_complexity_hof_55,regularized_low_complexity,hof,55,pi2*(-pi1*(pi1 - pi2) - pi2 + pi5),5,,10.037061629462269,15.293309002228655,22.802402487730976,28.868603065611115,0.0017106336397747386,0.0027316502092533867,22.80240248773096,28.868603065611094
regularized_low_complexity_hof_60,regularized_low_complexity,hof,60,pi2*pi5**2/(pi5 + pi2/pi1),5,,12.478568626862423,19.774496702621835,23.925417321426455,32.846973680427276,0.0022075402836436967,0.0036202360681962596,23.925417321426437,32.846973680427254
regularized_low_complexity_hof_61,regularized_low_complexity,hof,61,pi2*(pi5 - pi2/pi1),3,,13.112175322753327,20.828871632025365,24.96030403204275,34.25901627067515,0.0023227160506844474,0.003817913059435828,24.960304032042725,34.25901627067513
regularized_low_complexity_hof_65,regularized_low_complexity,hof,65,pi2*(-pi1 + pi3 + pi5),3,,28.49349586492411,11.142210687789678,39.913602358716965,34.705514835171144,0.003123202324837686,0.0016883649905187331,39.913602358717014,34.7055148351712
regularized_low_complexity_hof_97,regularized_low_complexity,hof,97,pi2*(-pi1 - pi3 + 2*pi5),4,,36.162016737743826,12.832710175686067,36.58103215560059,35.44264702778449,0.004199774017568982,0.002279140565776103,36.58103215560059,35.442647027784474
regularized_low_complexity_hof_93,regularized_low_complexity,hof,93,pi2*pi4 - (-pi2 + pi2/pi5 - pi4)/pi1,6,,34.22554366491628,22.51066827130698,43.91963000518615,38.73446947992987,0.004027009300143892,0.003277273623483119,43.919630005186136,38.734469479929864
regularized_low_complexity_hof_92,regularized_low_complexity,hof,92,pi2/(pi3*(pi1 + pi4)),3,,25.704273288029327,29.876836897241105,33.70040548152121,40.77743084143778,0.0038869800319187627,0.005191365983628599,33.70040548152124,40.7774308414378
regularized_low_complexity_hof_91,regularized_low_complexity,hof,91,pi2/(pi3*(pi1 + pi4*(-pi1 + pi2 + pi3 - pi4) - pi4)),8,,25.70413994277448,29.876686165016597,33.70051390367876,40.7775724465459,0.00388695852858494,0.005191338625200782,33.70051390367878,40.777572446545925
regularized_low_complexity_hof_90,regularized_low_complexity,hof,90,(pi2/(pi1 - pi4) + pi4)/pi3,4,,25.703559660862798,29.8759014653871,33.701129419739786,40.77837106231754,0.0038868579783094192,0.005191196397228366,33.701129419739814,40.778371062317575
regularized_low_complexity_hof_89,regularized_low_complexity,hof,89,(-pi2*pi3*pi4/pi5 + pi2 + pi4)/(pi1*pi3),7,,25.703212814553115,29.875428894266612,33.70159169323811,40.77893759764682,0.003886798861755422,0.005191113696214367,33.70159169323813,40.77893759764683
regularized_low_complexity_hof_99,regularized_low_complexity,hof,99,pi2*(pi2 + pi3 + 1),3,,28.17809540030798,32.859280846907055,39.3180622998779,43.70065106693775,0.004290277807302805,0.005695658350424118,39.31806229987794,43.70065106693776
regularized_low_complexity_hof_88,regularized_low_complexity,hof,88,pi2*(-2*pi1 + pi2 + pi5),4,,27.84182912225334,28.625456971495662,43.27432712612592,43.95340538859826,0.0038507804648372757,0.004750633483550847,43.2743271261259,43.953405388598256
default_pf_1,default,pf,1,pi2*pi3 + 0.06726687238398638,2,,31.131989882826307,34.709784003112546,42.37509444552172,47.194364048680896,0.004671326493078576,0.006001562632118035,42.375094445521746,47.194364048680946
regularized_low_complexity_hof_87,regularized_low_complexity,hof,87,pi2*(-pi1 + pi2*(pi1 + pi2/pi3) + 2*pi3),7,,23.845075382046577,29.252864085363235,39.557311800807,48.07159518299029,0.0036524391625964957,0.004925947140214751,39.557311800807035,48.07159518299033
default_pf_2,default,pf,2,1.1797221985365856*pi2*pi3**2,3,,24.48885573574531,28.14674817740087,39.0155846516751,49.49256443182829,0.003742981619201407,0.004806868999398862,39.01558465167512,49.49256443182832
regularized_low_complexity_hof_96,regularized_low_complexity,hof,96,pi2*(-pi1*pi2**2 - pi3 + pi5) + pi2,6,,23.84483628081899,38.13940911315355,36.21539699344141,50.242413091064776,0.004192413133925343,0.00691598913374027,36.2153969934414,50.24241309106476
regularized_low_complexity_hof_100,regularized_low_complexity,hof,100,2*pi2*pi3,2,,30.558768864090066,32.88711549092063,49.12061574264159,53.59188225070039,0.004306770840326024,0.005343070677994601,49.12061574264165,53.591882250700436
regularized_low_complexity_hof_94,regularized_low_complexity,hof,94,pi1*pi2*pi3**2/(pi1 - pi2 + pi4),6,,25.145053313414756,34.258426285761935,43.74970465193172,60.08578842828713,0.004043096709010787,0.006109929888523825,43.74970465193176,60.08578842828718
regularized_low_complexity_hof_22,regularized_low_complexity,hof,22,pi2*(pi4*pi5*(-pi2 + (2*pi3 - pi5)/pi4) + pi5),8,,105.36251977739599,88.46270508865436,73.93369235156156,80.47308107850871,0.015734264158904134,0.015478538801169225,73.9336923515616,80.47308107850878
regularized_low_complexity_hof_95,regularized_low_complexity,hof,95,pi2*pi5*(pi1 + pi3*pi4/(pi2*pi5)),6,,113.67309126563676,137.33491722198386,70.64548943541809,80.95429715370373,0.01786660761831928,0.024602167880746022,70.64548943541807,80.95429715370373
default_hof_55,default,hof,55,(-1.75814*pi1**2 - 11.2696*pi1*pi2 - 10.2705*pi1*pi3 + 2002110.0*pi1*pi4 - 0.00406521*pi1*pi5 + 14.0173*pi1 - 53.9622*pi2**2 - 62.882*pi2*pi3 + 12965400.0*pi2*pi4 + 1.10315*pi2*pi5 + 81.9263*pi2 + 356.226*pi3**2 - 10333000.0*pi3*pi4 - 0.0745952*pi3*pi5 - 449.914*pi3 - 6251.42*pi4**2 + 15141.3*pi4*pi5 - 138364000.0*pi4 - 0.00464858*pi5**2 + 0.156207*pi5 + 94.728)/(pi4 + exp(pi1) - log(pi4)/(pi3 - pi4 + log(pi1))),64,,215.25282335817053,196.75262015085687,97.18685955482262,98.20932668551349,0.030222658452488053,0.03441223913777992,97.18685955482262,98.20932668551349
regularized_low_complexity_hof_18,regularized_low_complexity,hof,18,pi2*pi4*pi5/(pi2 + pi3) + pi4,5,,227.7092662349581,203.1787736600545,99.99884352014304,99.99843270365758,0.03159075574959557,0.03533415046760505,99.99884352014304,99.99843270365758
regularized_low_complexity_hof_14,regularized_low_complexity,hof,14,pi4*pi5*(pi2 + pi4)/pi1,4,,227.71057628693563,203.1800268253457,99.99951657175133,99.99928714697161,0.031590927002733485,0.03533433847759465,99.99951657175133,99.99928714697161
regularized_low_complexity_hof_1,regularized_low_complexity,hof,1,pi2*pi3/(pi2 + pi3*(pi4 + pi5)/(pi4*pi5**2)),8,,227.71225303852586,203.18255271862802,99.99988421056582,99.99984887700258,0.031591227285222206,0.03533482290307839,99.99988421056582,99.99984887700258
regularized_low_complexity_pf_6,regularized_low_complexity,pf,6,pi2*pi3/(pi2 + pi3*(pi4 + pi5)/(pi4*pi5**2)),8,,227.71225303852586,203.18255271862802,99.99988421056582,99.99984887700258,0.031591227285222206,0.03533482290307839,99.99988421056582,99.99984887700258
regularized_low_complexity_hof_29,regularized_low_complexity,hof,29,pi2*pi4*pi5/pi3,3,,227.7124398702864,203.18281794992765,99.99992528032348,99.99990871173102,0.03159125909118166,0.035334872523044354,99.99992528032348,99.99990871173102
default_hof_63,default,hof,63,pi3*pi4*(-0.920918*pi1**2 - 7.19068*pi1*pi2 - 5.41712*pi1*pi3 + 1060190.0*pi1*pi4 - 0.0438937*pi1*pi5 + 7.44807*pi1 - 27.8994*pi2**2 - 34.9323*pi2*pi3 + 7145900.0*pi2*pi4 + 0.562665*pi2*pi5 + 45.7678*pi2 + 180.244*pi3**2 - 5186570.0*pi3*pi4 - 0.0769304*pi3*pi5 - 227.161*pi3 - 3171.0*pi4**2 + 10261.9*pi4*pi5 - 70199900.0*pi4 - 0.00231418*pi5**2 + 0.145088*pi5 + 47.3565)*exp(pi4)*exp(-pi5 - exp(exp(pi4))),65,,227.71278511123703,203.18320377719695,99.99999850582863,99.999997950149,0.03159131170897458,0.03533494222353102,99.99999850582863,99.999997950149
regularized_low_complexity_hof_28,regularized_low_complexity,hof,28,0,0,,227.71278834528664,203.18320781957752,100.0,100.0,0.03159131221195842,0.03533494293204343,100.0,100.0
default_hof_31,default,hof,31,-pi2 + (-0.532442*pi1**2 - 3.86337*pi1*pi2 - 3.67178*pi1*pi3 + 731529.0*pi1*pi4 - 0.00645005*pi1*pi5 + 4.95634*pi1 - 20.1471*pi2**2 - 25.435*pi2*pi3 + 5327810.0*pi2*pi4 + 0.778503*pi2*pi5 + 33.3031*pi2 + 144.414*pi3**2 - 4281520.0*pi3*pi4 - 0.00692422*pi3*pi5 - 183.164*pi3 - 2519.7*pi4**2 + 2866.54*pi4*pi5 - 55736200.0*pi4 - 0.00194776*pi5**2 + 0.0159739*pi5 + 39.2563)*exp(-pi1)*log(pi2*pi3),61,,1728.9590512557127,1384.3968661796719,298.4168454752437,288.53544583309247,0.22896542608436277,0.23536629349342808,298.4168454752438,288.5354458330926
default_hof_66,default,hof,66,pi1 - pi2 + (pi3 + log(pi4*exp(pi4*(pi4 + exp(pi3)))/pi5))*(-0.918788*pi1**2 - 7.21793*pi1*pi2 - 4.37341*pi1*pi3 + 910708.0*pi1*pi4 - 0.0439482*pi1*pi5 + 5.43223*pi1 - 27.8679*pi2**2 - 36.0061*pi2*pi3 + 7300840.0*pi2*pi4 + 0.56228*pi2*pi5 + 47.8258*pi2 + 183.397*pi3**2 - 5273180.0*pi3*pi4 - 0.07684*pi3*pi5 - 231.191*pi3 - 3226.27*pi4**2 + 10233.3*pi4*pi5 - 71424700.0*pi4 - 0.00231265*pi5**2 + 0.145028*pi5 + 48.2599),66,,41254.056418527885,9159.779571446374,1408.867097470177,785.9361178267126,4.051504821568822,1.325224529053898,1408.8670974701774,785.936117826713
default_hof_13,default,hof,13,-pi3*(-pi4 + pi5/((-pi5 + log(pi3)/pi3)*log(pi4))) + 1.00464928664535e+16*exp(-0.724708*pi1**2 - 5.67618*pi1*pi2 - 4.59286*pi1*pi3 + 915789.0*pi1*pi4 - 0.0426148*pi1*pi5 + 6.23207*pi1 - 22.7018*pi2**2 - 27.9795*pi2*pi3 + 5726690.0*pi2*pi4 + 0.424901*pi2*pi5 + 36.686*pi2 + 143.623*pi3**2 - 4180110.0*pi3*pi4 - 0.0628722*pi3*pi5 - 180.107*pi3 - 2525.89*pi4**2 + 7153.3*pi4*pi5 - 55904500.0*pi4 - 0.00294019*pi5**2 + 0.134054*pi5),65,,13602.447530197302,13405.009786775407,1040.5764419656034,1114.977263485584,1.8661303101011983,2.210480257178629,1040.5764419656039,1114.977263485585
default_hof_71,default,hof,71,log(pi1 + 7.65448638270633e+33*exp(-2.10616*pi1**2 - 6.66811*pi1*pi2 - 7.3248*pi1*pi3 + 1435650.0*pi1*pi4 - 0.0319104*pi1*pi5 + 9.04497*pi1 - 46.7913*pi2**2 - 47.3353*pi2*pi3 + 9862930.0*pi2*pi4 + 0.84151*pi2*pi5 + 61.5259*pi2 + 282.22*pi3**2 - 8613490.0*pi3*pi4 - 0.222156*pi3*pi5 - 359.255*pi3 - 4891.13*pi4**2 + 43176.5*pi4*pi5 - 108107000.0*pi4 - 0.0048917*pi5**2 + 0.36183*pi5)/log(pi2*pi4**2/pi3)),63,,15804.774084650893,18791.555467747516,1094.7627838117478,1283.5644957488814,2.4255874210455493,3.30742599413679,1094.7627838117482,1283.5644957488817
default_hof_54,default,hof,54,(-1.75814*pi1**2 - 11.2696*pi1*pi2 - 10.2705*pi1*pi3 + 2002120.0*pi1*pi4 - 0.00406482*pi1*pi5 + 14.0173*pi1 - 53.9622*pi2**2 - 62.882*pi2*pi3 + 12965400.0*pi2*pi4 + 1.10315*pi2*pi5 + 81.9263*pi2 + 356.226*pi3**2 - 10333000.0*pi3*pi4 - 0.0745945*pi3*pi5 - 449.914*pi3 - 6251.41*pi4**2 + 15141.1*pi4*pi5 - 138364000.0*pi4 - 0.00464857*pi5**2 + 0.156206*pi5 + 94.7279)*exp(-pi1) + log(pi3*pi5*log(exp((-pi3 + pi4 + pi5)/pi2))),66,,111063.03446463247,103369.01346784533,1906.2797401470004,1836.6937821204256,14.60361258880679,17.31067853311023,1906.2797401470007,1836.693782120426
default_hof_51,default,hof,51,pi4*exp(exp(pi2)) - exp((pi1 + exp(exp(pi1)))/(3.09772*pi1**2 - 10.8316*pi1*pi2 - 24.0362*pi1*pi3 + 5047770.0*pi1*pi4 + 0.0322493*pi1*pi5 + 31.6095*pi1 - 34.0221*pi2**2 - 30.5384*pi2*pi3 + 6470110.0*pi2*pi4 + 0.512245*pi2*pi5 + 39.6246*pi2 + 240.159*pi3**2 - 6436160.0*pi3*pi4 - 0.351789*pi3*pi5 - 298.356*pi3 - 4315.26*pi4**2 + 69622.3*pi4*pi5 - 95706100.0*pi4 - 0.000415244*pi5**2 + 0.451377*pi5 + 60.7876))/pi3,65,,67344.83855339821,52771.21805243894,2265.3192677959137,2211.3269692656577,8.42516052318616,8.320634122476742,2265.3192677959146,2211.326969265658
default_hof_87,default,hof,87,0.648864*pi1**2 - 6.32882*pi1*pi2 - 7.18509*pi1*pi3 + 1518360.0*pi1*pi4 - 0.0996584*pi1*pi5 + 10.2204*pi1 - 38.3578*pi2**2 - 39.4123*pi2*pi3 + 8208060.0*pi2*pi4 + 0.821906*pi2*pi5 + 51.5661*pi2 + 283.695*pi3**2 - 8405630.0*pi3*pi4 - 0.0745884*pi3*pi5 - 360.538*pi3 - 4944.07*pi4**2 + 14080.9*pi4*pi5 - 109363000.0*pi4 - 0.00364594*pi5**2 + 0.169933*pi5 - exp(pi1 - exp(-pi2*(-pi1 + log(-pi3 + exp(pi3))))*log(pi1)) + 78.0676,66,,112315.53303599685,133169.5783762214,3006.316227732373,3514.8938383356067,17.19976696987236,23.454658114516786,3006.3162277323736,3514.893838335609
default_hof_60,default,hof,60,log(exp(pi3*(-0.920917*pi1**2 - 7.19067*pi1*pi2 - 5.41712*pi1*pi3 + 1060190.0*pi1*pi4 - 0.0438939*pi1*pi5 + 7.44806*pi1 - 27.8994*pi2**2 - 34.9323*pi2*pi3 + 7145900.0*pi2*pi4 + 0.562666*pi2*pi5 + 45.7678*pi2 + 180.245*pi3**2 - 5186580.0*pi3*pi4 - 0.0769306*pi3*pi5 - 227.161*pi3 - 3171.0*pi4**2 + 10261.9*pi4*pi5 - 70199999.0*pi4 - 0.00231419*pi5**2 + 0.145088*pi5 + 47.3566))*log(pi3)/pi4),61,,1274487.180249467,983816.1439508584,9859.14522348333,9548.064562483676,158.40023031212084,154.24646145612226,9859.145223483336,9548.064562483682
default_hof_69,default,hof,69,-(1.16112*pi1**2 + 9.19138*pi1*pi2 + 7.43363*pi1*pi3 - 1472400.0*pi1*pi4 + 0.0870601*pi1*pi5 - 10.1058*pi1 + 43.5082*pi2**2 + 49.7151*pi2*pi3 - 10214600.0*pi2*pi4 - 0.844341*pi2*pi5 - 64.9969*pi2 - 284.9*pi3**2 + 8355970.0*pi3*pi4 + 0.102669*pi3*pi5 + 360.798*pi3 + 4983.12*pi4**2 - 14572.2*pi4*pi5 + 110259000.0*pi4 + 0.00373666*pi5**2 - 0.212156*pi5 - 76.8456)*exp(pi4)*log(pi3 + exp(pi2)) + log(pi4),63,,1521564.3999072257,1113073.6727810986,10698.58428358167,10142.325125078629,185.9456306975338,173.29931585122324,10698.584283581675,10142.32512507863
default_hof_41,default,hof,41,log(pi2*(-pi1 + pi3/pi4**2) + pi2 + log(pi4) - log(pi3*(0.413096*pi1**2 + 2.96977*pi1*pi2 + 2.37072*pi1*pi3 - 458696.0*pi1*pi4 + 0.0149065*pi1*pi5 - 3.27509*pi1 + 11.675*pi2**2 + 14.3093*pi2*pi3 - 2959810.0*pi2*pi4 - 0.270192*pi2*pi5 - 18.2681*pi2 - 76.4666*pi3**2 + 2156660.0*pi3*pi4 + 0.0248847*pi3*pi5 + 95.6989*pi3 + 1353.94*pi4**2 - 3161.14*pi4*pi5 + 29990100.0*pi4 + 0.00114946*pi5**2 - 0.0480873*pi5 - 19.0413))),66,,5015966.014677121,3635435.760215966,19398.990664523637,18339.724689010476,611.5280788606484,565.7658643551557,19398.990664523644,18339.724689010487
regularized_low_complexity_hof_98,regularized_low_complexity,hof,98,pi2*(pi1*(-pi1 + pi5)/pi4 - pi3 + pi5),6,,49368661187929.63,2241882185092.8174,28775518.90341631,9554945.638812684,4571560506.683928,301140419.074379,28775518.903416313,9554945.63881269
regularized_low_complexity_hof_36,regularized_low_complexity,hof,36,pi1*pi2*pi5/pi4,3,,75357289414420.64,3040177093530.7183,37651831.52030551,11645674.632319437,6949919149.573575,402598569.4979506,37651831.52030552,11645674.632319443
regularized_low_complexity_hof_72,regularized_low_complexity,hof,72,pi1*pi2*pi3*pi5**2*(pi1 + pi2)/pi4,7,,225234973599546.03,5668468118614.224,48428887.07598629,11782540.167571342,20653217149.86549,768482831.1456555,48428887.07598631,11782540.167571347
default_hof_81,default,hof,81,(pi3 + log(-pi1 + pi2*pi3*(pi2 + pi3/(pi2 - pi4) - pi4 + pi5))/pi4)*(-0.45048*pi1**2 - 3.51934*pi1*pi2 - 2.84635*pi1*pi3 + 562497.0*pi1*pi4 - 0.0321631*pi1*pi5 + 3.87433*pi1 - 16.2694*pi2**2 - 19.0275*pi2*pi3 + 3910320.0*pi2*pi4 + 0.334703*pi2*pi5 + 24.8354*pi2 + 107.94*pi3**2 - 3150550.0*pi3*pi4 - 0.0327178*pi3*pi5 - 136.581*pi3 - 1890.3*pi4**2 + 4221.67*pi4*pi5 - 41831000.0*pi4 - 0.00141588*pi5**2 + 0.071623*pi5 + 28.9915),67,,10140952291731.754,6800111336620.864,18639412.215538707,17785890.32902553,1307348940.5644872,1111513288.2604928,18639412.21553871,17785890.32902553
regularized_low_complexity_hof_80,regularized_low_complexity,hof,80,pi2*(pi5 + (pi3*pi5 - pi3)/pi4),5,,213567989264775.56,32719142216721.332,55987176.67410521,27957549.62585047,21518339552.9751,5270521519.387853,55987176.67410523,27957549.62585047
regularized_low_complexity_hof_63,regularized_low_complexity,hof,63,pi2*(-pi3**2*(pi2 + pi4) + pi3/pi4 + pi5),7,,115107584776401.03,19086071632133.02,70902183.92023627,39666539.15634983,11253207201.114765,2678398677.0671854,70902183.92023629,39666539.15634984
regularized_low_complexity_hof_41,regularized_low_complexity,hof,41,pi2*pi5*(-pi4 + (2*pi1 + pi5)/(pi4*pi5)),7,,712275757865060.8,58337126359012.89,136719292.25561517,56967061.58704993,67508627799.23818,8241499295.11592,136719292.25561523,56967061.58704995
regularized_low_complexity_hof_79,regularized_low_complexity,hof,79,pi2*(pi1/(pi2*pi4) + pi5),4,,2664615028126684.5,222729454773648.8,318623323.98945194,123644834.03179297,249664738691.2422,28508067309.111164,318623323.9894521,123644834.03179303
default_hof_58,default,hof,58,pi3*(-0.921418*pi1**2 - 7.19101*pi1*pi2 - 5.41892*pi1*pi3 + 1060510.0*pi1*pi4 - 0.0438831*pi1*pi5 + 7.45058*pi1 - 27.8973*pi2**2 - 34.9319*pi2*pi3 + 7145730.0*pi2*pi4 + 0.562661*pi2*pi5 + 45.7675*pi2 + 183.547*pi3**2 - 5219200.0*pi3*pi4 - 0.0769036*pi3*pi5 - 230.013*pi3 - 3243.39*pi4**2 + 10256.3*pi4*pi5 - 71826900.0*pi4 - 0.00231448*pi5**2 + 0.145055*pi5 + 44.952 + log(pi5)/pi4) + exp(pi5)/pi4,62,,2.4575623741067003e+18,6.940450603761071e+17,6630621169.203832,3784815154.033624,283559531749406.1,120888559963576.19,6630621169.203834,3784815154.033626
default_hof_62,default,hof,62,pi3*(-0.920917*pi1**2 - 7.19067*pi1*pi2 - 5.41712*pi1*pi3 + 1060190.0*pi1*pi4 - 0.0438939*pi1*pi5 + 7.44806*pi1 - 27.8994*pi2**2 - 34.9323*pi2*pi3 + 7145900.0*pi2*pi4 + 0.562666*pi2*pi5 + 45.7678*pi2 + 180.245*pi3**2 - 5186580.0*pi3*pi4 - 0.0769306*pi3*pi5 - 227.161*pi3 - 3171.0*pi4**2 + 10261.9*pi4*pi5 - 70200000.0*pi4 - 0.00231419*pi5**2 + 0.145088*pi5 + 46.3566 + (-exp(pi3) + pi5/pi4)/pi4),61,,2.7269835582245304e+29,1.0509078938659024e+28,2443185578073940.0,702352252846553.5,2.514431201709494e+25,1.3961098606915512e+24,2443185578073941.0,702352252846553.8
default_hof_80,default,hof,80,(pi3 + pi5*exp(-pi1 - pi5 + exp(exp(pi1)/pi1))/pi4)*(-0.45048*pi1**2 - 3.51934*pi1*pi2 - 2.84635*pi1*pi3 + 562497.0*pi1*pi4 - 0.0321631*pi1*pi5 + 3.87433*pi1 - 16.2694*pi2**2 - 19.0275*pi2*pi3 + 3910320.0*pi2*pi4 + 0.334703*pi2*pi5 + 24.8354*pi2 + 107.94*pi3**2 - 3150550.0*pi3*pi4 - 0.0327178*pi3*pi5 - 136.581*pi3 - 1890.3*pi4**2 + 4221.67*pi4*pi5 - 41831000.0*pi4 - 0.00141588*pi5**2 + 0.071623*pi5 + 28.9915),65,,inf,inf,1.105132133120868e+283,4.771558569919278e+297,inf,inf,1.1051321331208694e+283,4.771558569919278e+297
default_hof_12,default,hof,12,(pi5 + exp(log(pi2 - pi5)/pi5))*(-0.024639*pi1**2 - 0.247226*pi1*pi2 - 0.16097*pi1*pi3 + 31606.8*pi1*pi4 + 0.000405383*pi1*pi5 + 0.219021*pi1 - 0.657245*pi2**2 - 0.925001*pi2*pi3 + 185246.0*pi2*pi4 + 0.0183448*pi2*pi5 + 1.26086*pi2 + 5.29239*pi3**2 - 151870.0*pi3*pi4 + 0.00139562*pi3*pi5 - 6.67443*pi3 - 93.099*pi4**2 - 219.054*pi4*pi5 - 2061150.0*pi4 - 0.000103576*pi5**2 - 0.00205935*pi5 + 1.39628)*exp(pi2)/pi2,64,,inf,inf,inf,inf,inf,inf,inf,inf
default_hof_15,default,hof,15,(-1.36729*pi1**2 - 5.24269*pi1*pi2 - 8.87952*pi1*pi3 + 1776110.0*pi1*pi4 + 0.112387*pi1*pi5 + 11.7206*pi1 - 30.9159*pi2**2 - 37.8937*pi2*pi3 + 8049260.0*pi2*pi4 + 0.607601*pi2*pi5 + 48.4577*pi2 + 215.393*pi3**2 - 6018210.0*pi3*pi4 - 0.17033*pi3*pi5 - 269.498*pi3 - 3823.78*pi4**2 + 37517.6*pi4*pi5 - 84718000.0*pi4 - 0.00235924*pi5**2 + 0.209561*pi5 + 54.5)*log(zoo*exp(pi5)/pi1),60,Expression contains non-finite symbolic values.,inf,inf,inf,inf,inf,inf,inf,inf
default_hof_2,default,hof,2,(-pi5 + log(log(pi1 - pi4)))*(-0.574272*pi1**2 + 20.6738*pi1*pi2 + 3.26087*pi1*pi3 - 486916.0*pi1*pi4 - 0.0501854*pi1*pi5 - 4.37599*pi1 + 32.1331*pi2**2 + 66.793*pi2*pi3 - 13465000.0*pi2*pi4 - 0.621538*pi2*pi5 - 88.6227*pi2 - 189.063*pi3**2 + 5978030.0*pi3*pi4 - 0.472408*pi3*pi5 + 240.918*pi3 + 3254.39*pi4**2 + 109079.0*pi4*pi5 + 71859700.0*pi4 + 0.000885028*pi5**2 + 0.508401*pi5 - 52.3365)*exp(-pi2)/pi5,63,,inf,inf,inf,inf,inf,inf,inf,inf
default_hof_27,default,hof,27,-2.19128*pi1**2 - 7.48759*pi1*pi2 - 14.8462*pi1*pi3 + 3310310.0*pi1*pi4 - 0.106183*pi1*pi5 + 21.7869*pi1 - 34.4906*pi2**2 - 34.9738*pi2*pi3 + 7424670.0*pi2*pi4 + 0.767321*pi2*pi5 + 45.1782*pi2 + 182.903*pi3**2 - 5891320.0*pi3*pi4 - 0.0973294*pi3*pi5 - 236.546*pi3 - 3121.93*pi4**2 + 17828.9*pi4*pi5 - 68889500.0*pi4 - 0.00350606*pi5**2 + 0.203364*pi5 + log(log(pi1)*log(pi3))/log(-pi2 + exp(exp(pi2))) + 54.8946,65,,inf,inf,inf,inf,inf,inf,inf,inf
default_hof_32,default,hof,32,1.95927141118897e+25*exp(-0.801552*pi1**2 - 7.24858*pi1*pi2 - 5.53099*pi1*pi3 + 1099380.0*pi1*pi4 - 0.0666922*pi1*pi5 + 7.49288*pi1 - 25.196*pi2**2 - 36.7622*pi2*pi3 + 7392190.0*pi2*pi4 + 1.02982*pi2*pi5 + 41.7993*pi2 + 212.783*pi3**2 - 6308860.0*pi3*pi4 - 0.0209351*pi3*pi5 - 269.898*pi3 - 3711.77*pi4**2 + 3491.6*pi4*pi5 - 82104500.0*pi4 - 0.00534692*pi5**2 + 0.0766833*pi5) - log(log(pi2 + pi4)),60,,inf,inf,inf,inf,inf,inf,inf,inf
default_hof_36,default,hof,36,log(log(pi4**2*exp(pi1)/(pi5*(0.94521*pi1**2 + 4.4108*pi1*pi2 + 3.79887*pi1*pi3 - 727310.0*pi1*pi4 - 0.0050391*pi1*pi5 - 4.88818*pi1 + 19.8798*pi2**2 + 23.4734*pi2*pi3 - 4818280.0*pi2*pi4 - 0.408745*pi2*pi5 - 30.6674*pi2 - 132.559*pi3**2 + 3835520.0*pi3*pi4 + 0.0172244*pi3*pi5 + 167.36*pi3 + 2327.52*pi4**2 - 3897.63*pi4*pi5 + 51518800.0*pi4 + 0.00207768*pi5**2 - 0.04336*pi5 - 34.8047)*log(pi5)))),64,,inf,inf,inf,inf,inf,inf,inf,inf
default_hof_42,default,hof,42,pi1 - pi4 - log(2.2816*pi1**2 + 8.70164*pi1*pi2 + 8.88319*pi1*pi3 - 1722140.0*pi1*pi4 - 0.00874314*pi1*pi5 - 11.1677*pi1 + 43.292*pi2**2 + 50.6389*pi2*pi3 - 10488000.0*pi2*pi4 - 0.834278*pi2*pi5 - 65.829*pi2 - 278.823*pi3**2 + 8073790.0*pi3*pi4 + 0.0473606*pi3*pi5 + 351.652*pi3 + 4898.92*pi4**2 - 8897.57*pi4*pi5 + 108436000.0*pi4 + 0.00727712*pi5**2 - 0.132159*pi5 - log(log(pi4*log((pi1 + pi5)/(pi1*log(pi2))))) - 72.5375),67,,inf,inf,inf,inf,inf,inf,inf,inf
default_hof_43,default,hof,43,(1.28358605747048e+24*exp(-0.741545*pi1**2 - 6.63127*pi1*pi2 - 5.1694*pi1*pi3 + 1029140.0*pi1*pi4 - 0.0645664*pi1*pi5 + 6.98865*pi1 - 24.3553*pi2**2 - 34.2872*pi2*pi3 + 6880800.0*pi2*pi4 + 0.929665*pi2*pi5 + 38.6324*pi2 + 202.12*pi3**2 - 6006150.0*pi3*pi4 - 0.0218279*pi3*pi5 - 256.525*pi3 - 3523.21*pi4**2 + 3711.75*pi4*pi5 - 77928300.0*pi4 - 0.0049836*pi5**2 + 0.077968*pi5) - log(log(pi2)))*exp(pi2),61,,inf,inf,inf,inf,inf,inf,inf,inf
default_hof_44,default,hof,44,-24.9952*pi1**2 - 5.48104*pi1*pi2 - 57.4789*pi1*pi3 + 6079920.0*pi1*pi4 - 0.0986531*pi1*pi5 + 77.2121*pi1 - 31.2899*pi2**2 - 38.7559*pi2*pi3 + 8119340.0*pi2*pi4 + 0.709033*pi2*pi5 + 49.4582*pi2 + 415.775*pi3**2 - 11001800.0*pi3*pi4 - 0.0862443*pi3*pi5 - 504.31*pi3 - 7620.59*pi4**2 + 14739.5*pi4*pi5 - 169119000.0*pi4 - 0.0033795*pi5**2 + 0.192173*pi5 + exp(pi3*exp(pi1 - exp((-pi1 + exp(pi4)*log(pi2*log(pi2)))/pi2))) + 83.1538,68,,inf,inf,inf,inf,inf,inf,inf,inf
default_hof_5,default,hof,5,pi4*(1.75876*pi1**2 + 9.05046*pi1*pi2 + 11.5412*pi1*pi3 - 2338850.0*pi1*pi4 - 0.184842*pi1*pi5 - 15.2643*pi1 + 47.5527*pi2**2 + 56.4941*pi2*pi3 - 11783200.0*pi2*pi4 - 0.969817*pi2*pi5 - 73.0084*pi2 - 350.822*pi3**2 + 10013100.0*pi3*pi4 - 0.0345805*pi3*pi5 + 442.025*pi3 + 6181.26*pi4**2 - 4207.02*pi4*pi5 + 136869000.0*pi4 + 0.00403089*pi5**2 + 0.0517481*pi5 - 92.2639)*log(pi1)/(pi3*(-pi4 + log(pi2**2/log(pi2*exp(-pi2))))),67,,inf,inf,inf,inf,inf,inf,inf,inf
default_hof_50,default,hof,50,(pi2 + pi3 + log(pi4))*(-0.817632*pi1**2 - 6.48652*pi1*pi2 - 4.97649*pi1*pi3 + 980647.0*pi1*pi4 - 0.0450011*pi1*pi5 + 6.81036*pi1 - 26.8397*pi2**2 - 32.1225*pi2*pi3 + 6575620.0*pi2*pi4 + 0.498816*pi2*pi5 + 42.1491*pi2 + 172.12*pi3**2 - 4996110.0*pi3*pi4 - 0.0710745*pi3*pi5 - 217.344*pi3 - 3020.57*pi4**2 + 9080.29*pi4*pi5 - 66854099.0*pi4 - 0.00220193*pi5**2 + 0.13955*pi5 + pi5/log(log(pi4)) + 44.6967),63,,inf,inf,inf,inf,inf,inf,inf,inf
default_hof_61,default,hof,61,(2*pi3 + pi5*log(log(pi4) - pi4*(-pi1 + log(exp(pi1)/pi2))/pi3))*(-0.460459*pi1**2 - 3.59533*pi1*pi2 - 2.70856*pi1*pi3 + 530094.0*pi1*pi4 - 0.0219469*pi1*pi5 + 3.72403*pi1 - 13.9497*pi2**2 - 17.4661*pi2*pi3 + 3572950.0*pi2*pi4 + 0.281333*pi2*pi5 + 22.8839*pi2 + 90.1223*pi3**2 - 2593290.0*pi3*pi4 - 0.0384653*pi3*pi5 - 113.58*pi3 - 1585.5*pi4**2 + 5130.97*pi4*pi5 - 35100000.0*pi4 - 0.00115709*pi5**2 + 0.072544*pi5 + 23.6783),68,,inf,inf,inf,inf,inf,inf,inf,inf
default_hof_67,default,hof,67,(-1.07582*pi1**2 - 8.55129*pi1*pi2 - 7.04893*pi1*pi3 + 1401970.0*pi1*pi4 - 0.0875988*pi1*pi5 + 9.55174*pi1 - 42.2234*pi2**2 - 47.2304*pi2*pi3 + 9715570.0*pi2*pi4 + 0.785348*pi2*pi5 + 61.7451*pi2 + 276.938*pi3**2 - 8158230.0*pi3*pi4 - 0.0977553*pi3*pi5 - 351.074*pi3 - 4837.6*pi4**2 + 13644.7*pi4*pi5 - 107026000.0*pi4 - 0.00363086*pi5**2 + 0.207243*pi5 + 75.1048)*log(pi2 + pi3 + log(exp(exp(pi2))*log(pi4)/(pi2*pi3))),66,,inf,inf,inf,inf,inf,inf,inf,inf
default_hof_7,default,hof,7,log(pi2/(0.0583714*pi1**2 + 0.703413*pi1*pi2 + 0.384979*pi1*pi3 - 75483.3*pi1*pi4 + 0.00305254*pi1*pi5 - 0.535439*pi1 + 2.12348*pi2**2 + 2.86951*pi2*pi3 - 583873.0*pi2*pi4 + pi2*pi4*exp(-pi4) - 0.110463*pi2*pi5 - 3.78954*pi2 - 13.8113*pi3**2 + 402853.0*pi3*pi4 - 0.000771327*pi3*pi5 + 17.4399*pi3 + 242.206*pi4**2 + 191.249*pi4*pi5 + 5360100.0*pi4 + 0.000352082*pi5**2 + 0.000851822*pi5 - 3.66179)),61,,inf,inf,inf,inf,inf,inf,inf,inf
default_hof_79,default,hof,79,pi3*(1.55995*pi1**2 + 10.5304*pi1*pi2 + 8.68545*pi1*pi3 - 1702300.0*pi1*pi4 + 0.040079*pi1*pi5 - 11.9168*pi1 + 39.5539*pi2**2 + 50.9131*pi2*pi3 - 10402400.0*pi2*pi4 - 0.613716*pi2*pi5 - 66.5437*pi2 - 283.757*pi3**2 + 8182840.0*pi3*pi4 + 0.0493414*pi3*pi5 + 357.983*pi3 + 4987.15*pi4**2 - 2479.3*pi4*pi5 + 110399000.0*pi4 + 0.00355956*pi5**2 - 0.145777*pi5 - 74.9908)*log(log(pi1*pi2**2*pi3*(pi1 - pi3)))/log(pi2),66,,inf,inf,inf,inf,inf,inf,inf,inf
default_hof_82,default,hof,82,pi3*(-0.397785*pi1**2 - 3.0314*pi1*pi2 - 2.23217*pi1*pi3 + 433376.0*pi1*pi4 - 0.0126597*pi1*pi5 + 3.08666*pi1 - 10.4261*pi2**2 - 13.7212*pi2*pi3 + 2786140.0*pi2*pi4 + 0.211729*pi2*pi5 + 18.0371*pi2 + 77.6543*pi3**2 - 2251250.0*pi3*pi4 - 0.0288078*pi3*pi5 - 98.0709*pi3 - 1362.85*pi4**2 + 4579.04*pi4*pi5 - 30164700.0*pi4 - 0.000905876*pi5**2 + 0.0519074*pi5 + 20.6317)*exp(exp(exp(pi2 + pi4 + exp(exp(exp(pi3))) - exp(pi5)/pi5))),68,,inf,inf,inf,inf,inf,inf,inf,inf
default_hof_83,default,hof,83,log(pi2/(-1.05338*pi1**2 + 0.153738*pi1*pi2 + 1.94832*pi1*pi3 - 476417.0*pi1*pi4 + 0.00485892*pi1*pi5 - 3.03286*pi1 + 1.1517*pi2**2 + 1.67535*pi2*pi3 - 368607.0*pi2*pi4 - 0.0979584*pi2*pi5 - 1.06195*pi2 - 23.1717*pi3**2 + 596311.0*pi3*pi4 + 0.0082961*pi3*pi5 + 28.573*pi3 + 420.312*pi4**2 - 1522.24*pi4*pi5 + 9330620.0*pi4 + 0.000322958*pi5**2 - 0.0114317*pi5 - log(-pi1*(exp(pi4) + log(log(pi4))) + exp(pi4)) - 5.47839)),66,,inf,inf,inf,inf,inf,inf,inf,inf
default_hof_93,default,hof,93,-0.829943*pi1**2 - 5.9604*pi1*pi2 - 5.81527*pi1*pi3 + 1159370.0*pi1*pi4 - 0.102368*pi1*pi5 + 7.79248*pi1 - 37.2691*pi2**2 - 40.9115*pi2*pi3 + 8511080.0*pi2*pi4 + 0.830873*pi2*pi5 + 52.7352*pi2 + 101.11*pi3**2 - 3792819.0*pi3*pi4 - 0.0733892*pi3*pi5 - 134.469*pi3 - 1643.2*pi4**2 + 13776.8*pi4*pi5 - 36062900.0*pi4 - 0.00368625*pi5**2 + 0.169066*pi5 + log(log(pi4 + (-pi3 - pi4 - log(pi3) + log(pi4))/pi3)) + 35.6347,65,,inf,inf,inf,inf,inf,inf,inf,inf
default_hof_95,default,hof,95,(0.933964*pi1**2 + 4.53681*pi1*pi2 + 4.06671*pi1*pi3 - 752883.0*pi1*pi4 - 0.100099*pi1*pi5 - 5.73216*pi1 + 14.7968*pi2**2 + 22.5236*pi2*pi3 - 4703060.0*pi2*pi4 - 0.283047*pi2*pi5 - 29.1542*pi2 - 98.4163*pi3**2 + 2644860.0*pi3*pi4 + 0.0314156*pi3*pi5 + 122.145*pi3 + 1764.47*pi4**2 - 8148.95*pi4*pi5 + 39130100.0*pi4 + 0.000982993*pi5**2 - 0.0221013*pi5 - 23.738)/log(-pi1 + exp(exp(-pi4 + (pi5 + exp(pi3))*log(pi1))) + log(pi4)),67,,inf,inf,inf,inf,inf,inf,inf,inf
default_hof_99,default,hof,99,log(log(log(pi2))/(-pi3 + 4.42117814371004e-13*exp(0.488036*pi1**2 + 2.41103*pi1*pi2 + 2.81029*pi1*pi3 - 552074.0*pi1*pi4 + 0.0258057*pi1*pi5 - 3.78544*pi1 + 20.0662*pi2**2 + 18.5294*pi2*pi3 - 3766340.0*pi2*pi4 - 0.181751*pi2*pi5 - 27.9399*pi2 - 104.18*pi3**2 + 3009000.0*pi3*pi4 + 0.0290377*pi3*pi5 + 132.164*pi3 + 1827.15*pi4**2 - 3652.45*pi4*pi5 + pi4*exp(pi2) + 40444000.0*pi4 + 0.00206062*pi5**2 - 0.0745748*pi5))),64,,inf,inf,inf,inf,inf,inf,inf,inf
default_pf_7,default,pf,7,(-pi5 + log(log(pi1 - pi4)))*(-0.574272*pi1**2 + 20.6738*pi1*pi2 + 3.26087*pi1*pi3 - 486916.0*pi1*pi4 - 0.0501854*pi1*pi5 - 4.37599*pi1 + 32.1331*pi2**2 + 66.793*pi2*pi3 - 13465000.0*pi2*pi4 - 0.621538*pi2*pi5 - 88.6227*pi2 - 189.063*pi3**2 + 5978030.0*pi3*pi4 - 0.472408*pi3*pi5 + 240.918*pi3 + 3254.39*pi4**2 + 109079.0*pi4*pi5 + 71859700.0*pi4 + 0.000885028*pi5**2 + 0.508401*pi5 - 52.3365)*exp(-pi2)/pi5,63,,inf,inf,inf,inf,inf,inf,inf,inf
